country,plz,lat,lon
DE,10875,48.7794,9.1679
DE,11512,48.7709,9.1789
DE,22781,48.7385,9.1096
DE,50606,48.8202,9.0937
DE,70131,48.7855,9.176
DE,70134,48.772,9.1642
DE,70135,48.7702,9.1559
DE,70136,48.7761,9.1746
DE,70137,48.7781,9.1667
DE,70138,48.778,9.1692
DE,70139,48.7863,9.1808
DE,70140,48.7816,9.1767
DE,70141,48.7734,9.1679
DE,70143,48.8246,9.2739
DE,70144,48.786,9.1809
DE,70145,48.7936,9.1902
DE,70146,48.7915,9.1993
DE,70148,48.7784,9.1774
DE,70149,48.7882,9.1836
DE,70150,48.7936,9.2036
DE,70151,48.7708,9.1681
DE,70152,48.7755,9.1854
DE,70153,48.8016,9.1848
DE,70154,48.7871,9.1904
DE,70155,48.7882,9.1836
DE,70158,48.7636,9.1611
DE,70161,48.7749,9.178
DE,70162,48.7786,9.1709
DE,70166,48.7485,9.1661
DE,70167,48.7815,9.178
DE,70168,48.7818,9.179
DE,70171,48.7893,9.2085
DE,70320,48.8103,9.1807
DE,70322,48.7854,9.2411
DE,70323,48.7673,9.2476
DE,70324,48.7673,9.2476
DE,70345,48.8233,9.2239
DE,70363,48.8,9.2201
DE,70365,48.8096,9.1914
DE,70366,48.8,9.2201
DE,70367,48.8,9.2201
DE,70369,48.8067,9.2089
DE,70429,48.8425,9.2123
DE,70431,48.8383,9.1889
DE,70432,48.8324,9.1699
DE,70464,48.8172,9.1656
DE,70465,48.7755,8.9045
DE,70466,48.8186,9.1739
DE,70467,48.8023,9.2236
DE,70494,48.8215,9.0958
DE,70496,48.8247,9.101
DE,70537,48.7119,9.1679
DE,70538,48.6972,9.1435
DE,70539,48.7202,9.1298
DE,70545,48.7387,9.1115
DE,70546,48.7239,9.1699
DE,70547,48.725,9.1234
DE,70549,48.7225,9.1193
DE,70550,48.7451,9.1044
DE,70551,48.7405,9.0996
DE,70552,48.7764,9.1629
DE,70556,48.7764,9.1629
DE,70560,48.731,9.1557
DE,70593,48.7119,9.2141
DE,70594,48.71,9.1993
DE,70627,48.694,9.1924
DE,70628,48.694,9.1924
DE,70637,48.8148,9.1639
DE,70640,48.824,9.2983
DE,70644,48.8023,9.2236
DE,70730,48.8212,9.2681
DE,70731,48.8203,9.2742
DE,70732,48.7636,9.1611
DE,70764,48.6972,9.1435
DE,70765,48.6964,9.1454
DE,70766,48.6957,9.1613
DE,70767,48.6971,9.1406
DE,70768,48.6729,9.1777
DE,70769,48.6962,9.1683
DE,70788,48.6598,9.2258
DE,70790,48.6774,9.1987
DE,70791,48.6581,9.2231
DE,70792,48.6553,9.2246
DE,70801,48.8623,9.1879
DE,70803,48.8625,9.1792
DE,70804,48.8618,9.179
DE,70821,48.8504,9.1099
DE,70822,48.8323,9.1236
DE,70836,48.8038,9.0726
DE,71028,48.6848,8.9842
DE,71029,48.6751,8.968
DE,71058,48.7067,8.9981
DE,71060,48.7037,9.0269
DE,71087,48.6313,9.0309
DE,71125,48.5244,8.8431
DE,71137,48.6518,8.9465
DE,71148,48.5244,8.8431
DE,71226,48.797,8.9999
DE,71252,48.8191,9.0684
DE,71261,48.7549,8.8689
DE,71327,48.8257,9.3103
DE,71328,48.8292,9.2985
DE,71361,48.8733,9.3844
DE,71520,48.9603,9.4266
DE,71629,48.8904,9.195
DE,71630,48.8826,9.1895
DE,71631,48.8946,9.1815
DE,71632,48.8903,9.1855
DE,72781,48.7885,9.18
DE,73025,48.703,9.6592
DE,73027,48.7,9.6583
DE,73047,48.6899,9.7281
DE,73227,48.6242,9.4507
DE,73228,48.6456,9.4413
DE,73309,48.6211,9.8312
DE,73425,48.8341,10.093
DE,73427,48.7946,9.8019
DE,73428,48.8431,10.091
DE,73446,48.7775,10.1
DE,73477,48.9621,10.1308
DE,73520,48.7821,9.8513
DE,73521,48.7821,9.8513
DE,73522,48.7986,9.7954
DE,73524,48.7821,9.8513
DE,73538,48.7866,9.9372
DE,73726,48.7423,9.2928
DE,74064,49.119,9.2197
DE,74065,49.1643,9.2162
DE,74066,49.1624,9.2156
DE,74067,49.132,9.217
DE,74068,49.1346,9.2133
DE,74099,49.1815,9.1552
DE,74166,49.1718,9.2231
DE,74167,49.183,9.2363
DE,74168,49.1817,9.2327
DE,74169,49.1831,9.2175
DE,74170,49.1942,9.2326
DE,74319,48.9574,9.1363
DE,74509,49.1093,9.735
DE,74520,49.1129,9.7465
DE,74569,49.2996,9.9601
DE,74571,49.2996,9.9601
DE,74587,49.1707,10.0801
DE,74588,49.1707,10.0801
DE,74611,49.2001,9.5028
DE,74650,49.2593,9.6826
DE,74651,49.282,9.6833
DE,74903,49.2126,9.0644
DE,74904,49.2378,9.1096
DE,89516,48.7031,10.1657
DE,89517,48.6743,10.155
DE,63475,49.4775,8.5024
DE,64518,49.4527,8.5182
DE,68051,49.4526,8.5191
DE,68112,49.4875,8.4688
DE,68122,49.4799,8.473
DE,68123,49.449,8.5051
DE,68124,49.4941,8.4566
DE,68126,49.4808,8.4831
DE,68127,49.4776,8.491
DE,68128,49.5057,8.5069
DE,68130,49.5043,8.4732
DE,68131,49.4822,8.4666
DE,68132,49.4971,8.4985
DE,68133,49.4756,8.4712
DE,68134,49.4784,8.4679
DE,68135,49.4912,8.487
DE,68136,49.4744,8.4934
DE,68138,49.5117,8.4989
DE,68139,49.4892,8.4817
DE,68140,49.4728,8.4775
DE,68141,49.4783,8.4758
DE,68142,49.4944,8.4677
DE,68143,49.4539,8.5127
DE,68144,49.4851,8.4863
DE,68145,49.5034,8.4963
DE,68146,49.4949,8.5051
DE,68147,49.4756,8.4712
DE,68148,49.4932,8.4812
DE,68149,49.4851,8.4627
DE,68150,49.486,8.4711
DE,68151,49.4879,8.4666
DE,68156,49.4853,8.4664
DE,68197,49.447,8.4925
DE,68298,49.5287,8.4692
DE,68299,49.5167,8.478
DE,68300,49.5057,8.5069
DE,68301,49.5264,8.4852
DE,68302,49.5034,8.4963
DE,68721,49.378,8.5707
DE,68764,49.333,8.5364
DE,69108,49.4034,8.6835
DE,69110,49.401,8.6724
DE,69111,49.4049,8.6829
DE,69112,49.3985,8.6791
DE,69113,49.4052,8.6762
DE,69159,49.2882,8.6601
DE,69189,49.2934,8.6417
DE,69465,49.5541,8.6637
DE,72200,48.5534,8.7259
DE,74819,49.3473,9.1331
DE,74887,49.2542,8.8792
DE,75013,49.0342,8.6973
DE,75093,48.9123,8.7163
DE,75158,48.8908,8.7028
DE,75159,48.8908,8.6924
DE,75162,48.8924,8.699
DE,75166,48.9012,8.6692
DE,75169,48.8763,8.6761
DE,75170,48.8931,8.6831
DE,75194,48.9527,8.5714
DE,75363,48.7142,8.7389
DE,75415,48.9532,8.8584
DE,76070,49.0316,8.3579
DE,76073,49.0045,8.4381
DE,76088,49.0057,8.4017
DE,76089,49.0027,8.386
DE,76097,49.0047,8.3962
DE,76098,48.9945,8.3987
DE,76107,49.0056,8.4369
DE,76109,49.0057,8.4017
DE,76110,49.0057,8.4017
DE,76111,49.0045,8.4045
DE,76112,48.9989,8.398
DE,76113,49.0107,8.4056
DE,76114,48.9819,8.3695
DE,76115,48.9881,8.3732
DE,76117,49.0089,8.3974
DE,76118,49.0057,8.4017
DE,76119,49.0104,8.4
DE,76120,49.0206,8.4681
DE,76121,48.9971,8.3792
DE,76122,49.0046,8.3796
DE,76123,49.0028,8.3809
DE,76124,49.0086,8.4035
DE,76125,48.9974,8.4087
DE,76126,49.0059,8.4245
DE,76127,49.0098,8.3932
DE,76128,49.0052,8.3825
DE,76147,49.0477,8.3912
DE,76150,49.0107,8.3851
DE,76180,49.0056,8.4369
DE,76181,49.0238,8.3486
DE,76182,48.9975,8.3713
DE,76225,49.0269,8.4705
DE,76230,48.9911,8.4686
DE,76240,49.0138,8.3979
DE,76243,49.0057,8.4017
DE,76245,49.0052,8.4143
DE,76246,48.9819,8.3695
DE,76247,49.0107,8.4056
DE,76248,49.0012,8.3594
DE,76249,49.0012,8.3594
DE,76253,49.0012,8.3594
DE,76273,48.9485,8.3747
DE,76314,48.8893,8.3123
DE,76432,48.8655,8.2207
DE,76517,48.7952,8.1937
DE,76519,48.7781,8.2166
DE,76520,48.7663,8.2346
DE,76521,48.7781,8.2155
DE,76522,48.7494,8.2234
DE,76523,48.7551,8.238
DE,76524,48.7888,8.1914
DE,76526,48.7663,8.2346
DE,76527,48.7781,8.2166
DE,76568,48.8194,8.2984
DE,76642,49.1216,8.5782
DE,76643,49.1246,8.596
DE,77813,48.6946,8.143
DE,86135,48.7084,8.1235
DE,90744,49.4605,8.4991
DE,77633,48.4659,7.8788
DE,77642,48.4731,7.9778
DE,77644,48.482,7.9535
DE,77646,48.4377,7.9322
DE,77647,48.4815,7.9207
DE,77663,48.482,7.9535
DE,77869,48.5812,8.0047
DE,77926,48.3603,7.8129
DE,77929,48.3503,7.8194
DE,77931,48.3442,7.8858
DE,78041,48.0543,8.4646
DE,78044,48.0662,8.542
DE,78045,48.0597,8.4574
DE,78046,48.0613,8.5464
DE,78060,48.0709,8.5714
DE,78221,47.762,8.8542
DE,78454,47.6721,9.1588
DE,78455,47.6727,9.1555
DE,78457,47.6895,9.1882
DE,78459,47.6819,9.1451
DE,78461,47.6713,9.181
DE,78711,48.2293,8.3836
DE,79071,47.9915,7.795
DE,79073,47.9963,7.8367
DE,79077,47.9986,7.8474
DE,79078,48.003,7.8315
DE,79079,48.0048,7.8524
DE,79080,48.0028,7.8532
DE,79081,47.9979,7.842
DE,79083,47.9965,7.8518
DE,79084,48.0011,7.8331
DE,79086,48.0061,7.8521
DE,79088,48.0335,7.8504
DE,79090,48.0346,7.8585
DE,79091,47.9892,7.7899
DE,79093,48.0335,7.8504
DE,79094,47.9991,7.853
DE,79095,47.996,7.8438
DE,79138,48.003,7.8315
DE,79139,47.9773,7.8289
DE,79140,48.0394,7.8193
DE,79188,47.9188,7.6879
DE,79310,48.129,7.825
DE,79330,48.1055,7.7834
DE,79533,47.6148,7.6667
DE,79537,47.6152,7.6645
DE,79574,47.6086,7.5943
DE,79662,47.6195,7.905
DE,79749,47.6206,8.2183
DE,79821,47.9117,8.214
DE,72105,48.4728,8.9468
DE,72332,48.2723,8.8545
DE,72334,48.2982,8.8629
DE,72757,48.4909,9.2173
DE,72758,48.4867,9.2227
DE,72780,48.4965,9.1479
DE,88038,47.6607,9.4918
DE,88039,47.671,9.389
DE,88040,47.6575,9.472
DE,88041,47.6544,9.4776
DE,88209,47.7799,9.6135
DE,88225,47.8204,9.637
DE,88226,47.7814,9.6053
DE,88237,47.6954,9.8276
DE,88248,47.789,9.6234
DE,88297,47.8266,10.0243
DE,88315,47.6924,10.0394
DE,88336,47.9307,9.759
DE,88396,48.1014,9.7893
DE,88397,48.1105,9.7982
DE,88498,48.1469,9.4838
DE,88629,47.9184,9.2662
DE,88660,47.763,9.1686
DE,89065,48.4016,10.003
DE,89068,48.4281,9.9851
DE,89069,48.4236,9.954
DE,89070,48.403,9.9961
DE,89582,48.2841,9.7205
DE,20083,48.105,11.6394
DE,22033,48.1915,11.6568
DE,26060,48.1325,11.6203
DE,31829,48.1918,11.6485
DE,35508,48.1449,11.485
DE,53289,48.1544,11.5886
DE,80097,48.1488,11.5542
DE,80200,48.0906,11.6556
DE,80217,48.1444,11.5493
DE,80218,48.1452,11.6819
DE,80219,48.1449,11.485
DE,80221,48.1434,11.5721
DE,80222,48.1384,11.5501
DE,80240,48.1153,11.5974
DE,80248,48.1325,11.6203
DE,80249,48.1414,11.5728
DE,80250,48.1282,11.6089
DE,80251,48.1437,11.5363
DE,80258,48.1397,11.5276
DE,80259,48.1464,11.5427
DE,80260,48.1769,11.5326
DE,80263,48.1601,11.5755
DE,80264,48.1745,11.5289
DE,80266,48.1406,11.5295
DE,80267,48.1503,11.5511
DE,80268,48.1464,11.5737
DE,80269,48.1451,11.5436
DE,80270,48.1527,11.5138
DE,80271,48.1378,11.5571
DE,80272,48.1406,11.5837
DE,80273,48.1397,11.573
DE,80275,48.143,11.5653
DE,80276,48.1426,11.5668
DE,80277,48.1444,11.573
DE,80278,48.1515,11.5982
DE,80279,48.1328,11.5666
DE,80280,48.1429,11.5525
DE,80281,48.1458,11.5786
DE,80282,48.1386,11.5556
DE,80283,48.1344,11.5581
DE,80285,48.0883,11.6429
DE,80287,48.1724,11.5323
DE,80289,48.1371,11.6354
DE,80290,48.1489,11.568
DE,80291,48.1046,11.6453
DE,80292,48.1449,11.5519
DE,80294,48.149,11.5219
DE,80295,48.1379,11.5223
DE,80297,48.1325,11.5839
DE,80298,48.1266,11.5706
DE,80300,48.1441,11.5546
DE,80301,48.1454,11.543
DE,80302,48.1463,11.5455
DE,80303,48.1463,11.5455
DE,80304,48.1255,11.5591
DE,80306,48.1314,11.5856
DE,80308,48.1367,11.5688
DE,80309,48.1395,11.5691
DE,80310,48.1153,11.5974
DE,80311,48.1499,11.6175
DE,80313,48.1378,11.5753
DE,80314,48.1153,11.5974
DE,80315,48.1405,11.57
DE,80316,48.1403,11.5645
DE,80317,48.1153,11.5974
DE,80318,48.1347,11.5651
DE,80319,48.1449,11.485
DE,80320,48.1451,11.5552
DE,80322,48.1489,11.5238
DE,80323,48.1437,11.5363
DE,80324,48.1449,11.485
DE,80325,48.158,11.5565
DE,80326,48.1423,11.5703
DE,80327,48.1371,11.5767
DE,80328,48.1503,11.5753
DE,80329,48.1585,11.5256
DE,80340,48.0965,11.515
DE,80466,48.1238,11.5517
DE,80524,48.1434,11.5767
DE,80525,48.1422,11.5908
DE,80530,48.1383,11.5906
DE,80534,48.1385,11.586
DE,80535,48.143,11.5849
DE,80632,48.1574,11.5447
DE,80682,48.1449,11.485
DE,80684,48.1329,11.521
DE,80700,48.1403,11.6057
DE,80786,48.1925,11.6077
DE,80787,48.1877,11.6022
DE,80788,48.1961,11.5651
DE,80789,48.1749,11.5861
DE,80790,48.1544,11.5886
DE,80791,48.1738,11.594
DE,80792,48.1589,11.5604
DE,80794,48.154,11.5837
DE,80920,48.1817,11.5974
DE,80931,48.1887,11.6271
DE,80991,48.1929,11.4692
DE,81236,48.1437,11.4735
DE,81237,48.1435,11.4747
DE,81238,48.1478,11.4618
DE,81340,48.1114,11.5504
DE,81350,48.1335,11.5283
DE,81355,48.1335,11.5283
DE,81356,48.1335,11.5283
DE,81357,48.0965,11.5329
DE,81358,48.0965,11.5329
DE,81359,48.1335,11.5283
DE,81360,48.1335,11.5283
DE,81362,48.1335,11.5283
DE,81363,48.1335,11.5283
DE,81364,48.1335,11.5283
DE,81365,48.1335,11.5283
DE,81366,48.1805,11.5965
DE,81367,48.1227,11.453
DE,81531,48.1114,11.5504
DE,81533,48.1042,11.6004
DE,81534,48.1532,11.6205
DE,81535,48.1135,11.5881
DE,81536,48.1045,11.6016
DE,81537,48.1377,11.5898
DE,81550,48.1383,11.5906
DE,81627,48.1363,11.5943
DE,81655,48.1282,11.6089
DE,81658,48.1329,11.6108
DE,81660,48.131,11.612
DE,81662,48.1206,11.6071
DE,81663,48.0444,11.6234
DE,81664,48.1322,11.6217
DE,81665,48.1323,11.6137
DE,81713,48.097,11.6458
DE,81718,48.105,11.6394
DE,81723,48.1383,11.5692
DE,81725,48.1051,11.6421
DE,81726,48.0808,11.6161
DE,81727,48.1046,11.6453
DE,81728,48.1032,11.6454
DE,81729,48.1029,11.6481
DE,81731,48.105,11.6394
DE,81732,48.0983,11.6458
DE,81733,48.1032,11.6454
DE,81823,48.1344,11.6926
DE,81911,48.1873,11.6518
DE,81918,48.1532,11.6169
DE,81919,48.149,11.6221
DE,81920,48.149,11.6221
DE,81921,48.1488,11.6233
DE,81987,48.1489,11.5238
DE,81988,48.1489,11.5238
DE,81989,48.1489,11.5238
DE,81995,48.1489,11.5238
DE,81999,48.1489,11.5238
DE,82030,48.0669,11.5483
DE,82038,48.0306,11.5798
DE,82039,48.0319,11.5875
DE,82047,48.0478,11.51
DE,82175,48.1736,11.3661
DE,82254,48.1658,11.2216
DE,82317,47.9985,11.346
DE,82322,48.0135,11.425
DE,82360,47.8388,11.1441
DE,82363,47.834,11.1461
DE,82475,47.4166,10.9795
DE,83018,47.8552,12.1139
DE,83019,47.845,12.0833
DE,83034,47.842,12.0772
DE,83228,47.766,12.3244
DE,83274,47.8672,12.6229
DE,83276,47.87,12.6396
DE,83394,47.8353,12.9781
DE,83508,48.0571,12.1863
DE,85037,48.7686,11.4309
DE,85046,48.744,11.4357
DE,85047,48.763,11.4256
DE,85071,48.8905,11.1848
DE,85217,48.238,11.35
DE,85219,48.2605,11.4266
DE,85273,48.5258,11.5082
DE,85322,48.3993,11.7517
DE,85350,48.3796,11.7311
DE,85359,48.3555,11.7424
DE,85366,48.4675,11.935
DE,85374,48.3123,11.6495
DE,85385,48.2962,11.6211
DE,85577,48.0803,11.6382
DE,85608,48.1459,11.6815
DE,85639,48.0751,11.723
DE,85711,48.2821,11.5823
DE,85736,48.2519,11.6336
DE,85746,48.2501,11.6289
DE,85747,48.2314,11.6415
DE,85761,48.2212,11.589
DE,85762,48.2212,11.589
DE,85769,48.1877,11.6462
DE,85770,48.1877,11.6462
DE,85773,48.1808,11.6322
DE,85821,48.3321,11.741
DE,86894,48.0661,10.8589
DE,86895,48.0661,10.8589
DE,86896,48.0487,10.8709
DE,86915,48.0847,10.8604
DE,90317,48.1449,11.485
DE,92400,48.0903,11.6444
DE,42895,48.7428,13.7527
DE,84018,48.5435,12.1436
DE,84022,48.5471,12.136
DE,84023,48.5378,12.1557
DE,84024,48.5385,12.1572
DE,84026,48.5362,12.1522
DE,84162,48.5531,12.5537
DE,93308,48.9195,11.8936
DE,94028,48.5715,13.4594
DE,94030,48.574,13.4689
DE,94232,49.0804,12.8707
DE,94233,49.0755,12.8897
DE,94310,48.8889,12.6234
DE,94312,48.8986,12.6558
DE,94466,48.837,12.9594
DE,92219,49.4444,11.8546
DE,92226,49.3948,11.9781
DE,92227,49.3118,12.1058
DE,92240,49.5403,11.9437
DE,92241,49.5403,11.9437
DE,92419,49.3277,12.1097
DE,92422,49.3277,12.1097
DE,92519,49.4046,12.0921
DE,92530,49.5324,12.1358
DE,92620,49.6718,12.1632
DE,92624,49.6806,12.0737
DE,92626,49.6806,12.0737
DE,92627,49.6806,12.0737
DE,92628,49.6806,12.0737
DE,92630,49.6768,12.157
DE,92631,49.6806,12.0737
DE,92632,49.6806,12.0737
DE,92633,49.6649,12.157
DE,93012,49.0046,12.0984
DE,93013,49.0046,12.0984
DE,93037,49.0124,12.107
DE,93038,49.013,12.0937
DE,93039,49.0164,12.092
DE,93040,48.9994,12.0937
DE,93041,49.0204,12.0619
DE,93042,49.015,12.1118
DE,93043,49.0162,12.0963
DE,93045,49.0279,12.1276
DE,93065,49.0081,12.1155
DE,93066,49.0134,12.0886
DE,93072,48.9841,12.1895
DE,93411,49.2224,12.6658
DE,91299,49.7173,11.0617
DE,95025,50.3189,11.9074
DE,95027,50.3094,11.9099
DE,95098,50.1727,12.1205
DE,95212,50.1887,11.7974
DE,95440,49.9461,11.5764
DE,95442,49.9451,11.5781
DE,95455,49.9158,11.6078
DE,95614,49.9919,12.0872
DE,95631,50.0351,11.998
DE,96044,49.9211,10.9057
DE,96045,49.8971,10.9077
DE,96060,49.9189,10.9223
DE,96061,49.909,10.8718
DE,96077,49.9188,10.8951
DE,96222,50.1407,11.2469
DE,96223,50.1407,11.2469
DE,96435,50.2636,10.9591
DE,96436,50.2666,10.9599
DE,96438,50.2831,10.9736
DE,96441,50.2647,10.9666
DE,96444,50.2636,10.9591
DE,96447,50.2636,10.9591
DE,96448,50.2636,10.9591
DE,96475,50.3379,10.7804
DE,26066,49.5938,11.0067
DE,55541,49.427,11.1332
DE,90051,49.4456,11.0789
DE,90290,49.3894,11.1756
DE,90291,49.3894,11.1756
DE,90292,49.3894,11.1756
DE,90293,49.3894,11.1756
DE,90300,49.4455,11.0769
DE,90310,49.4288,11.1318
DE,90311,49.4278,11.0205
DE,90312,49.4478,11.0869
DE,90313,49.4642,11.1186
DE,90316,49.4541,11.0625
DE,90318,49.4483,11.0918
DE,90319,49.438,11.0698
DE,90321,49.4589,11.0885
DE,90324,49.4542,11.0886
DE,90325,49.4511,11.0797
DE,90327,49.4468,11.0354
DE,90328,49.4273,11.02
DE,90329,49.4567,11.0333
DE,90330,49.4468,11.0711
DE,90331,49.4541,11.074
DE,90332,49.4733,11.0818
DE,90334,49.4546,11.1187
DE,90335,49.4262,11.0516
DE,90336,49.4518,11.0589
DE,90337,49.4546,11.1187
DE,90338,49.4482,11.063
DE,90339,49.4459,11.071
DE,90340,49.4624,11.0685
DE,90341,49.4589,11.0885
DE,90344,49.4587,11.0119
DE,90345,49.4276,11.0219
DE,90346,49.4546,11.1187
DE,90347,49.4487,11.0635
DE,90351,49.4542,11.0886
DE,90352,49.4235,11.1403
DE,90353,49.4229,11.1349
DE,90356,49.4691,11.0848
DE,90357,49.4589,11.0885
DE,90359,49.4542,11.0886
DE,90360,49.4496,11.0607
DE,90499,49.4229,11.1349
DE,90511,49.4463,10.9587
DE,90546,49.4122,11.0089
DE,90725,49.4687,11.0027
DE,90742,49.4649,10.9958
DE,90752,49.4584,11.0405
DE,90754,49.4699,11.0181
DE,91048,49.5938,11.0067
DE,91050,49.5944,11.0211
DE,91051,49.5935,11.0014
DE,91060,49.5909,11.0121
DE,91072,49.5745,10.9011
DE,91124,49.3271,11.0332
DE,91125,49.3242,11.0444
DE,91152,49.2356,11.0762
DE,91205,49.5018,11.2853
DE,91511,49.3027,10.5728
DE,91520,49.301,10.5652
DE,91709,49.118,10.7588
DE,91780,49.0342,10.9689
DE,63715,49.9787,9.1579
DE,63735,49.9815,9.2761
DE,63736,49.978,9.1431
DE,63754,50.0902,9.0506
DE,63784,49.829,9.1536
DE,63806,49.9636,9.19
DE,78458,49.9815,9.2761
DE,97024,49.7823,9.9296
DE,97025,49.7999,9.917
DE,97064,49.7462,9.9538
DE,97066,49.7971,9.941
DE,97067,49.7945,9.9282
DE,97099,49.7896,10.0321
DE,97101,49.7991,9.9474
DE,97103,49.7952,9.9013
DE,97227,49.7929,10.0314
DE,97418,50.0434,10.2197
DE,97419,50.0368,10.2118
DE,97420,50.0423,10.2276
DE,97615,50.3221,10.2184
DE,97685,50.2009,10.0774
DE,97813,49.9986,9.575
DE,97814,50.0142,9.5904
DE,81716,48.3659,10.8578
DE,86121,48.3648,10.8903
DE,86130,48.3636,10.8883
DE,86131,48.3472,10.884
DE,86132,48.3727,10.9091
DE,86133,48.3957,10.9197
DE,86134,48.368,10.8901
DE,86136,48.3643,10.9056
DE,86140,48.3611,10.8998
DE,86141,48.3736,10.8964
DE,86142,48.3688,10.8921
DE,86143,48.3683,10.8981
DE,86144,48.3685,10.8848
DE,86145,48.3722,10.8943
DE,86147,48.3714,10.8944
DE,86177,48.3267,10.903
DE,86197,48.3501,10.8788
DE,86216,48.3495,10.9172
DE,86218,48.3771,10.8863
DE,86219,48.3819,10.888
DE,86220,48.3394,10.8843
DE,86221,48.3953,10.8785
DE,86222,48.366,10.8915
DE,86223,48.3872,10.8833
DE,86225,48.4116,10.8659
DE,86226,48.366,10.8915
DE,86313,48.3482,10.9907
DE,86379,48.2492,10.3567
DE,86397,48.2638,10.8193
DE,86436,48.294,10.9637
DE,86469,48.2901,10.4561
DE,86606,48.7153,10.7887
DE,86607,48.7181,10.781
DE,86640,48.6904,10.9139
DE,86646,48.6053,10.7277
DE,86652,48.8469,10.8593
DE,87428,47.7322,10.3159
DE,87432,47.7045,10.3123
DE,87443,47.7603,10.3229
DE,87697,48.0035,10.1765
DE,88129,47.5449,9.7282
DE,89090,48.3847,10.0377
DE,89229,48.3861,10.0333
DE,27554,53.5426,8.5803
DE,28100,53.0804,8.7957
DE,28101,53.0877,8.7846
DE,28102,53.0829,8.8687
DE,28103,53.0821,8.7885
DE,28105,53.0807,8.8014
DE,28107,53.0803,8.732
DE,28111,53.0738,8.8053
DE,28163,53.0766,8.8035
DE,28174,53.0761,8.8032
DE,28177,53.0751,8.8374
DE,28178,53.0601,8.904
DE,28181,53.0692,8.7865
DE,28183,53.0543,8.7984
DE,28184,53.0735,8.8116
DE,28185,53.0761,8.8037
DE,28187,53.073,8.8669
DE,28188,53.0698,8.8685
DE,28189,53.0711,8.8651
DE,28190,53.0601,8.904
DE,28192,53.1409,8.7038
DE,28275,53.0831,8.8067
DE,28305,53.0482,8.9131
DE,28323,53.0805,8.8751
DE,28353,53.1121,8.8514
DE,28363,53.0851,8.7992
DE,28365,53.0542,8.7831
DE,28366,53.0791,8.7994
DE,28375,53.1732,8.6369
DE,28390,53.1071,8.8655
DE,28700,53.0518,8.7748
DE,28751,53.1419,8.7051
DE,20066,53.6012,10.0265
DE,20067,53.5484,10.0028
DE,20068,53.5462,10.0262
DE,20069,53.5519,10.0175
DE,20070,53.5519,10.0175
DE,20071,53.6012,10.0265
DE,20072,53.5455,10.0263
DE,20073,53.5334,9.9793
DE,20074,53.5512,10.0138
DE,20076,53.6012,10.0265
DE,20077,53.5484,10.0028
DE,20079,53.5533,9.9975
DE,20080,53.5425,9.9845
DE,20081,53.5452,10.0214
DE,20084,53.6012,10.0265
DE,20085,53.5558,10.0167
DE,20086,53.5484,10.0028
DE,20087,53.5966,10.0614
DE,20088,53.6058,10.0786
DE,20090,53.547,10.0203
DE,20091,53.5494,10.0086
DE,20092,53.5585,10.0222
DE,20139,53.5706,9.9958
DE,20140,53.5745,9.992
DE,20242,53.564,9.9951
DE,20243,53.5901,9.9843
DE,20244,53.5982,9.983
DE,20245,53.5794,9.9599
DE,20246,53.5902,9.9785
DE,20247,53.5585,9.9092
DE,20346,53.5549,9.984
DE,20347,53.5487,9.9686
DE,20348,53.5567,9.9769
DE,20350,53.5527,9.985
DE,20351,53.5613,9.9938
DE,20444,53.5453,9.9796
DE,20445,53.5486,9.99
DE,20446,53.5434,9.9838
DE,20449,53.5613,9.9938
DE,20450,53.5422,10.0018
DE,20451,53.5735,10.0147
DE,20452,53.5485,9.9846
DE,20453,53.5457,9.993
DE,20454,53.5492,9.991
DE,20531,53.5472,10.0558
DE,20533,53.5507,10.034
DE,20901,53.5826,10.0454
DE,20903,53.5826,10.0454
DE,20911,53.5597,9.9923
DE,20912,53.5826,10.0454
DE,20913,53.5826,10.0454
DE,20914,53.5826,10.0454
DE,20915,53.5826,10.0454
DE,21027,53.5039,10.2032
DE,21071,53.4661,9.9865
DE,21105,53.5117,9.9816
DE,21170,53.4824,9.9037
DE,21175,53.481,10.2055
DE,22032,53.5765,10.0792
DE,22034,53.5765,10.0792
DE,22035,53.5802,10.1211
DE,22036,53.5894,10.0932
DE,22037,53.5921,10.1072
DE,22039,53.5719,10.0659
DE,22078,53.5739,10.0122
DE,22079,53.5669,10.0587
DE,22102,53.5469,10.0855
DE,22222,53.5615,9.9116
DE,22276,53.6013,10.0178
DE,22277,53.6044,10.0271
DE,22278,53.6061,10.0164
DE,22279,53.6044,10.0271
DE,22280,53.6044,10.0271
DE,22281,53.6013,9.9902
DE,22282,53.5643,9.9405
DE,22283,53.6044,10.0271
DE,22284,53.6206,10.0145
DE,22287,53.6013,10.0178
DE,22288,53.5782,9.9988
DE,22290,53.6069,10.0191
DE,22291,53.6012,10.0265
DE,22292,53.6042,10.0165
DE,22293,53.5833,10.0284
DE,22294,53.5862,10.0436
DE,22331,53.6198,9.9959
DE,22332,53.6217,9.997
DE,22357,53.6553,10.1047
DE,22389,53.67,10.0689
DE,22413,53.672,10.0029
DE,22451,53.6077,9.9592
DE,22520,53.5948,9.9445
DE,22521,53.5947,9.9254
DE,22545,53.5725,9.849
DE,22557,53.5822,9.773
DE,22585,53.5648,9.8088
DE,22603,53.5733,9.8806
DE,22743,53.5585,9.9092
DE,22744,53.5603,9.9591
DE,22745,53.5422,10.0018
DE,22746,53.5615,9.9116
DE,22747,53.5557,9.9427
DE,22748,53.5461,9.9369
DE,22750,53.564,9.9951
DE,22754,53.5539,9.9362
DE,22755,53.5617,9.9457
DE,22756,53.5576,10.0207
DE,22758,53.5737,9.9404
DE,22776,53.5486,10.019
DE,22777,53.5486,10.019
DE,22778,53.5486,10.019
DE,22779,53.5486,10.019
DE,22782,53.5745,9.887
DE,22783,53.6044,10.0271
DE,22785,53.566,9.9364
DE,22787,53.6012,10.0265
DE,22788,53.5486,10.019
DE,22789,53.5486,10.019
DE,22790,53.6494,10.0347
DE,22791,53.5585,9.9092
DE,22792,53.5616,9.9164
DE,22794,53.574,9.8874
DE,22795,53.5822,10.028
DE,22796,53.5505,9.9906
DE,22797,53.5496,9.9782
DE,22799,53.6012,10.0265
DE,22866,53.4807,10.2104
DE,33687,53.6029,10.0202
DE,50423,53.6012,10.0265
DE,10898,50.047,8.6752
DE,12678,49.9966,8.6564
DE,22780,50.1448,8.5599
DE,35509,50.4297,8.6887
DE,36380,49.8869,8.6514
DE,60060,50.1125,8.6535
DE,60185,50.1125,8.6535
DE,60222,50.1361,8.6755
DE,60223,50.1118,8.6597
DE,60252,50.1111,8.6551
DE,60254,50.1124,8.6758
DE,60255,50.1074,8.74
DE,60256,50.1164,8.6896
DE,60257,50.0992,8.667
DE,60259,50.1105,8.6908
DE,60261,50.1109,8.6829
DE,60262,50.1138,8.6684
DE,60263,50.1362,8.6496
DE,60264,50.1036,8.6465
DE,60265,50.1097,8.6607
DE,60267,50.1086,8.6297
DE,60270,50.1105,8.6908
DE,60274,50.11,8.6608
DE,60275,50.1105,8.6826
DE,60276,50.1109,8.6883
DE,60277,50.1162,8.6298
DE,60278,50.1109,8.6829
DE,60279,50.1109,8.6829
DE,60280,50.1109,8.6829
DE,60281,50.1109,8.6829
DE,60282,50.1109,8.6829
DE,60284,50.1105,8.676
DE,60285,50.1139,8.6532
DE,60286,50.1162,8.6298
DE,60287,50.1109,8.6829
DE,60289,50.1109,8.6829
DE,60290,50.1338,8.5733
DE,60291,50.1045,8.6822
DE,60296,50.1162,8.6298
DE,60297,50.1119,8.6725
DE,60298,50.2219,8.6212
DE,60300,50.099,8.6337
DE,60301,50.1087,8.672
DE,60304,50.2219,8.6212
DE,60305,50.1028,8.6592
DE,60307,50.1201,8.6552
DE,60309,50.1291,8.6834
DE,60377,50.1291,8.6834
DE,60379,50.128,8.7677
DE,60380,50.1253,8.712
DE,60382,50.128,8.7677
DE,60422,50.1171,8.6724
DE,60423,50.1635,8.6872
DE,60424,50.1698,8.6368
DE,60428,50.1929,8.6631
DE,60429,50.1901,8.6544
DE,60482,50.1172,8.6295
DE,60484,50.1362,8.5982
DE,60485,50.1357,8.5695
DE,60490,50.1175,8.6284
DE,60519,50.1037,8.6665
DE,60521,50.0851,8.6294
DE,60523,50.0851,8.6294
DE,60524,50.0851,8.6294
DE,60525,50.0669,8.6439
DE,60544,50.0302,8.5683
DE,60546,50.0302,8.5683
DE,60547,50.0302,8.5683
DE,60589,50.0986,8.6565
DE,60590,50.0964,8.6611
DE,60591,50.0943,8.6913
DE,60600,50.0462,8.5793
DE,60607,50.1422,8.6573
DE,60608,50.1367,8.743
DE,60609,50.1264,8.5857
DE,60610,50.092,8.6314
DE,60611,50.1139,8.6532
DE,60612,50.1087,8.6589
DE,60613,50.1087,8.672
DE,60614,50.1013,8.6404
DE,60615,50.1161,8.6346
DE,60620,50.1361,8.6755
DE,60621,50.1094,8.6772
DE,60622,50.1106,8.6728
DE,60623,50.1189,8.634
DE,60624,50.0958,8.6952
DE,60625,50.1125,8.667
DE,60626,50.1109,8.6829
DE,60627,50.1058,8.6698
DE,60628,50.114,8.6485
DE,60629,50.1235,8.6627
DE,60630,50.1264,8.5857
DE,60631,50.1325,8.6774
DE,60632,50.0672,8.6396
DE,60633,50.1147,8.6416
DE,60634,50.1036,8.6663
DE,60637,50.1109,8.6829
DE,60638,50.0302,8.5683
DE,60639,50.1138,8.6684
DE,60640,50.1098,8.7028
DE,60643,50.1069,8.6399
DE,60644,50.1069,8.6399
DE,60645,50.1069,8.6399
DE,60699,50.1139,8.6532
DE,61116,50.1806,8.7278
DE,61167,50.3335,8.7555
DE,61182,50.227,8.7618
DE,61229,50.3714,8.7362
DE,61300,50.2387,8.5884
DE,61341,50.2188,8.6167
DE,61342,50.2128,8.655
DE,61343,50.217,8.6184
DE,61344,50.2175,8.6171
DE,61345,50.2211,8.6242
DE,61346,50.2153,8.6235
DE,61378,50.0851,8.6294
DE,61434,50.1111,8.6551
DE,61435,50.212,8.5742
DE,61437,50.198,8.5875
DE,61474,50.1785,8.5079
DE,63057,50.1066,8.7538
DE,63059,50.1053,8.7418
DE,63060,50.1348,8.9215
DE,63061,50.1057,8.7611
DE,63063,50.0957,8.7557
DE,63064,50.0833,8.7451
DE,63106,50.0241,8.9006
DE,63126,50.0185,8.7834
DE,63147,50.0476,8.801
DE,63177,50.0766,8.8614
DE,63222,49.9875,8.6687
DE,63223,49.997,8.6533
DE,63256,50.053,8.6563
DE,63257,50.0421,8.6862
DE,63258,50.0452,8.686
DE,63259,50.0483,8.7126
DE,63299,50.0183,8.6962
DE,63317,49.9644,8.8231
DE,63318,49.9776,8.8279
DE,63328,49.961,8.6685
DE,63438,50.1147,8.6416
DE,63441,50.1147,8.6416
DE,63442,50.1221,8.9313
DE,63443,50.1227,8.92
DE,63446,50.1353,8.9121
DE,63447,50.0964,8.9004
DE,63499,50.044,8.9755
DE,63532,50.016,9.0016
DE,63569,50.2041,9.1835
DE,63652,50.2734,9.1268
DE,64271,49.8981,8.6544
DE,64272,49.8627,8.6398
DE,64273,49.8788,8.6399
DE,64275,49.8785,8.6356
DE,64276,49.875,8.648
DE,64277,49.8754,8.6559
DE,64278,49.8711,8.6444
DE,64279,49.8914,8.611
DE,64280,49.8162,8.6316
DE,64304,49.8627,8.6398
DE,64305,49.8588,8.622
DE,64306,49.855,8.4872
DE,64307,49.8688,8.6285
DE,64308,49.8162,8.6316
DE,64346,49.8613,8.5898
DE,64517,49.9304,8.4973
DE,64520,49.9134,8.4855
DE,64542,49.9818,8.5815
DE,64543,49.9832,8.5812
DE,64545,50.0146,8.5805
DE,64623,49.6852,8.62
DE,64624,49.6694,8.6183
DE,64738,49.8148,9.0116
DE,65166,50.081,8.2194
DE,65169,50.0741,8.2553
DE,65170,50.0632,8.2721
DE,65171,50.0741,8.2553
DE,65172,50.0741,8.2553
DE,65173,50.063,8.2527
DE,65174,50.0827,8.2419
DE,65175,50.0893,8.2387
DE,65176,50.0401,8.2225
DE,65177,50.046,8.207
DE,65178,50.0632,8.2721
DE,65179,50.07,8.2534
DE,65180,50.0714,8.2523
DE,65181,50.0863,8.2439
DE,65182,50.0679,8.25
DE,65209,50.1456,8.5583
DE,65212,50.0291,8.2754
DE,65215,50.0557,8.2905
DE,65216,50.0445,8.1617
DE,65218,50.0072,8.4136
DE,65341,50.0463,8.1248
DE,65423,49.9918,8.4129
DE,65424,49.9921,8.4163
DE,65438,50.0052,8.4146
DE,65450,50.0494,8.5418
DE,65473,49.9868,8.359
DE,65509,50.2098,8.2574
DE,65717,50.0851,8.4474
DE,65754,50.1346,8.5699
DE,65755,50.1338,8.5733
DE,65756,50.1439,8.5801
DE,65757,50.1619,8.5336
DE,65758,50.1382,8.5816
DE,65784,50.0706,8.4911
DE,65810,50.1582,8.488
DE,65823,50.144,8.5313
DE,65840,50.1288,8.5212
DE,65842,50.1323,8.5163
DE,65844,50.1288,8.5212
DE,65925,50.1245,8.584
DE,65927,50.0961,8.538
DE,68517,49.5382,8.578
DE,68619,49.6083,8.4509
DE,96063,50.1069,8.6399
DE,35031,50.8216,8.7712
DE,35032,50.8102,8.774
DE,35034,50.7854,8.7757
DE,35035,50.8088,8.7706
DE,35036,50.8246,8.7696
DE,35383,50.5741,8.686
DE,35384,50.5904,8.6772
DE,35385,50.5771,8.6654
DE,35386,50.5815,8.666
DE,35387,50.5847,8.6765
DE,35388,50.5863,8.6763
DE,35402,50.4923,8.6475
DE,35573,50.5623,8.4966
DE,35574,50.5513,8.4993
DE,35779,50.4871,8.2653
DE,36338,50.6425,9.3926
DE,36339,50.6387,9.4115
DE,65546,50.3904,8.0534
DE,65547,50.3871,8.0593
DE,65617,50.3364,8.2437
DE,34105,51.2999,9.4813
DE,34106,51.3046,9.4325
DE,34108,51.3183,9.4764
DE,34109,51.323,9.5084
DE,34110,51.3181,9.4988
DE,34111,51.3112,9.4951
DE,34112,51.3122,9.4958
DE,34113,51.2946,9.5322
DE,34114,51.3016,9.4141
DE,34115,51.2745,9.5096
DE,34195,51.3362,9.4808
DE,34196,51.3152,9.4931
DE,34197,51.3144,9.4861
DE,34198,51.276,9.5074
DE,34209,51.1312,9.5506
DE,34219,51.2609,9.4339
DE,34265,51.3165,9.5412
DE,34494,51.2731,8.8626
DE,34495,51.2736,8.8657
DE,34535,51.1187,9.1062
DE,34558,51.1325,9.2796
DE,34574,51.0303,9.4051
DE,35107,51.03,8.6872
DE,36028,50.5478,9.676
DE,36030,50.5522,9.6722
DE,36035,50.555,9.6499
DE,36036,50.5458,9.6744
DE,36047,50.4834,9.7171
DE,36084,50.6746,9.7648
DE,36085,50.6687,9.7631
DE,36086,50.6698,9.7652
DE,36242,50.8461,9.6781
DE,36244,50.8552,9.705
DE,36246,50.8743,9.7123
DE,36247,50.8657,9.702
DE,36248,50.8461,9.6781
DE,36249,50.8461,9.6781
DE,37267,51.1831,10.0507
DE,56476,50.8461,9.6781
DE,21172,53.3273,10.2036
DE,21332,53.2551,10.3867
DE,21333,53.2453,10.4072
DE,21421,53.3642,10.1914
DE,21676,53.6016,9.4821
DE,21677,53.5988,9.4776
DE,26090,53.1094,8.263
DE,26101,53.1487,8.2
DE,26102,53.1118,8.2102
DE,26105,53.1524,8.1876
DE,26106,53.1388,8.2028
DE,26107,53.1466,8.2171
DE,26108,53.1393,8.1963
DE,26109,53.1412,8.2253
DE,26110,53.188,8.227
DE,26111,53.1488,8.1823
DE,26114,53.1107,8.2094
DE,26119,53.1401,8.2182
DE,26158,53.1743,8.061
DE,26177,53.2799,8.1583
DE,26178,53.2453,8.188
DE,26379,53.5352,8.1333
DE,26380,53.5281,8.11
DE,26392,53.5163,8.1226
DE,26425,53.6918,7.6915
DE,26623,53.5004,7.3875
DE,26653,53.2576,7.9272
DE,26786,53.232,7.4585
DE,26787,53.2352,7.452
DE,26869,53.0782,7.394
DE,26930,53.2369,8.4599
DE,27209,52.8242,8.6991
DE,27270,52.9264,9.2822
DE,27279,52.9233,9.2397
DE,27280,52.9227,9.2392
DE,27281,52.9225,9.2309
DE,27298,52.9839,9.1838
DE,27317,52.8054,9.1354
DE,27357,53.0941,9.448
DE,27400,53.2799,9.3093
DE,27470,53.8625,8.6975
DE,27709,53.2251,8.7976
DE,27747,53.0442,8.5937
DE,28104,53.2316,8.699
DE,28182,53.0181,8.8779
DE,28788,53.2248,8.5769
DE,28855,52.912,8.8237
DE,28869,53.0627,9.1728
DE,29216,52.6343,10.0817
DE,29218,52.613,10.0662
DE,29219,52.6381,10.0498
DE,29220,52.6195,10.088
DE,29270,52.6416,10.1041
DE,29377,52.6653,10.6839
DE,29523,52.963,10.5811
DE,29611,52.9651,9.8557
DE,29612,52.9651,9.8557
DE,30125,52.3713,9.8056
DE,30126,52.375,9.7428
DE,30127,52.3821,9.7542
DE,30130,52.3709,9.7652
DE,30131,52.4162,9.7328
DE,30132,52.39,9.7549
DE,30133,52.4015,9.7659
DE,30134,52.4191,9.8259
DE,30135,52.4162,9.7328
DE,30138,52.4015,9.7659
DE,30139,52.3788,9.7331
DE,30140,52.3702,9.7445
DE,30141,52.3316,9.7746
DE,30142,52.3711,9.7687
DE,30144,52.3713,9.8056
DE,30145,52.3343,9.7794
DE,30146,52.377,9.7263
DE,30147,52.3753,9.7283
DE,30148,52.3498,9.8027
DE,30149,52.3628,9.7216
DE,30151,52.3679,9.7416
DE,30152,52.3995,9.7371
DE,30153,52.3753,9.7415
DE,30154,52.421,9.7326
DE,30156,52.3551,9.7596
DE,30157,52.1657,9.9921
DE,30417,52.4165,9.6387
DE,30517,52.3279,9.7778
DE,30619,52.3783,9.8074
DE,30620,52.3714,9.8052
DE,30621,52.3713,9.8056
DE,30622,52.4015,9.7659
DE,30623,52.3841,9.806
DE,30645,52.3835,9.8104
DE,30647,52.4108,9.8183
DE,30684,52.3316,9.7746
DE,30689,52.3753,9.7283
DE,30690,52.2592,9.781
DE,30691,52.3767,9.729
DE,30692,52.4215,9.8298
DE,30700,52.3566,9.8749
DE,30820,52.4193,9.5738
DE,30821,52.4199,9.575
DE,30875,52.3001,9.8215
DE,30876,52.286,9.8212
DE,30988,52.3042,9.5976
DE,31007,52.1191,9.7364
DE,31120,52.1496,9.9473
DE,31121,52.1591,9.9584
DE,31129,52.1496,9.9473
DE,31130,52.1525,9.9518
DE,31131,52.1657,9.9921
DE,31132,52.1454,9.9505
DE,31221,52.329,10.2461
DE,31272,52.3614,9.916
DE,31273,52.3885,9.9664
DE,31300,52.4451,10.0032
DE,31513,52.419,9.3653
DE,31533,52.5097,9.4578
DE,31577,52.6402,9.2039
DE,31653,52.3137,9.1911
DE,31673,52.2675,9.065
DE,31681,52.2791,9.1473
DE,31682,52.2605,9.1387
DE,31735,52.1693,9.0897
DE,31778,52.1074,9.3946
DE,31779,52.1074,9.3946
DE,31780,52.11,9.3586
DE,31781,52.1074,9.3946
DE,31783,52.11,9.3586
DE,31784,52.0986,9.3595
DE,31810,51.9944,9.2566
DE,31830,52.1944,9.5604
DE,37069,51.5252,9.9482
DE,37070,51.5376,9.9245
DE,37096,51.5632,9.9232
DE,37097,51.5376,9.9245
DE,37099,51.5505,9.9423
DE,37100,51.5194,9.8909
DE,37568,51.8181,9.8373
DE,37571,51.8181,9.8373
DE,37572,51.8138,9.8822
DE,37601,51.8105,9.4429
DE,38083,52.2699,10.5312
DE,38084,52.2545,10.5066
DE,38089,52.2969,10.5168
DE,38090,52.2518,10.5184
DE,38091,52.2554,10.5347
DE,38092,52.2806,10.5359
DE,38093,52.3031,10.5146
DE,38094,52.3031,10.5146
DE,38096,52.2497,10.5174
DE,38097,52.2518,10.5184
DE,38098,52.2518,10.5184
DE,38140,52.3182,10.4775
DE,38142,52.3153,10.5098
DE,38143,52.2577,10.5346
DE,38144,52.3145,10.5486
DE,38223,52.161,10.4312
DE,38236,52.1431,10.4132
DE,38237,52.1441,10.4182
DE,38296,52.167,10.5467
DE,38299,52.1802,10.5354
DE,38346,52.2229,11.019
DE,38367,52.2899,10.9995
DE,38432,52.428,10.7927
DE,38433,52.4358,10.8612
DE,38435,52.4301,10.7917
DE,38436,52.4259,10.7974
DE,38438,52.4259,10.7974
DE,38439,52.4269,10.7922
DE,38516,52.4901,10.5444
DE,38526,52.3813,10.5388
DE,38717,51.8787,10.155
DE,38999,52.2368,10.4916
DE,48522,52.433,7.0626
DE,48525,52.4325,7.0611
DE,49068,52.2675,8.0464
DE,49070,52.2659,8.0171
DE,49101,52.2649,8.0597
DE,49195,52.0981,8.0974
DE,49213,52.0904,8.1739
DE,49374,52.7208,8.2769
DE,49375,52.7272,8.2872
DE,49562,52.4055,7.994
DE,49609,52.6737,7.9546
DE,49659,52.8448,8.043
DE,49691,52.8026,8.1203
DE,49801,52.4884,7.325
DE,49803,52.5252,7.3154
DE,04160,51.3402,6.6526
DE,40180,51.2362,6.8199
DE,40181,51.2368,6.8053
DE,40182,51.2515,6.7649
DE,40186,51.1941,6.7057
DE,40187,51.2176,6.7787
DE,40188,51.2174,6.7705
DE,40189,51.2217,6.7782
DE,40190,51.2197,6.7687
DE,40191,51.1756,6.8394
DE,40192,51.2533,6.7766
DE,40193,51.2445,6.7777
DE,40194,51.2176,6.7787
DE,40195,51.196,6.8122
DE,40196,51.2338,6.6991
DE,40198,51.2393,6.7846
DE,40199,51.2132,6.7625
DE,40202,51.2362,6.8209
DE,40204,51.193,6.7952
DE,40250,51.1238,6.9326
DE,40251,51.1218,6.9349
DE,40252,51.2273,6.7076
DE,40260,51.1023,6.8872
DE,40300,51.2415,6.7389
DE,40302,51.2533,6.7766
DE,40340,51.2533,6.7766
DE,40463,51.273,6.7666
DE,40464,51.2499,6.8007
DE,40466,51.2895,6.7966
DE,40467,51.2545,6.7864
DE,40541,51.2414,6.7213
DE,40542,51.2281,6.7166
DE,40543,51.2327,6.7145
DE,40718,51.1648,6.9307
DE,40786,51.0896,6.8941
DE,40815,51.2536,6.9514
DE,40816,51.2561,6.9857
DE,40842,51.2902,6.8656
DE,41050,51.1905,6.4388
DE,41052,51.1953,6.4241
DE,41054,51.1951,6.4489
DE,41200,51.1125,6.4381
DE,41260,51.1178,6.4405
DE,41261,51.1652,6.7618
DE,41424,51.2033,6.7129
DE,41453,51.1974,6.715
DE,41455,51.2037,6.7076
DE,41456,51.1579,6.7781
DE,41457,51.1568,6.7466
DE,41513,51.086,6.5945
DE,41538,51.0726,6.8078
DE,41561,51.222,6.6037
DE,42093,51.214,7.0579
DE,42094,51.2514,7.1586
DE,42095,51.2534,7.1284
DE,42096,51.2493,7.1168
DE,42097,51.2525,7.1338
DE,42098,51.2541,7.1543
DE,42099,51.2541,7.1543
DE,42101,51.2561,7.1613
DE,42266,51.2438,7.1839
DE,42268,51.2623,7.1704
DE,42269,51.2719,7.2001
DE,42270,51.2733,7.1996
DE,42271,51.2733,7.1996
DE,42272,51.2694,7.1697
DE,42273,51.2858,7.2253
DE,42300,51.222,6.793
DE,42337,51.2105,7.1436
DE,42347,51.2525,7.1338
DE,42387,51.2824,7.2645
DE,42409,51.214,7.0579
DE,42547,51.3347,7.0519
DE,42577,51.3246,6.9561
DE,42645,51.1629,7.0863
DE,42648,51.1722,7.0865
DE,42649,51.1696,7.0456
DE,42715,51.1921,7.0625
DE,42717,51.1945,7.0682
DE,42849,51.1809,7.1868
DE,42850,51.1708,7.2111
DE,45058,51.4864,7.0322
DE,45060,51.4534,7.0183
DE,45061,51.462,6.9283
DE,45062,51.4536,7.0103
DE,45063,51.4619,6.9942
DE,45064,51.4674,7.0238
DE,45091,51.4534,7.0183
DE,45092,51.4585,7.0593
DE,45093,51.4534,7.0183
DE,45095,51.4534,7.0183
DE,45097,51.4568,6.9896
DE,45098,51.4597,7.0036
DE,45099,51.4589,7.0197
DE,45113,51.4542,7.0161
DE,45114,51.4169,6.9795
DE,45115,51.4534,7.0183
DE,45116,51.4447,7.0166
DE,45117,51.4355,7.0502
DE,45119,51.4169,6.9795
DE,45120,51.4729,7.0269
DE,45121,51.4576,7.0175
DE,45122,51.4362,6.9898
DE,45123,51.4616,7.0036
DE,45124,51.4481,7.0231
DE,45125,51.4505,7.013
DE,45126,51.452,7.0121
DE,45365,51.5002,6.9865
DE,45466,51.4475,6.9108
DE,45833,51.2171,6.8042
DE,46020,51.4803,6.8641
DE,46040,51.4803,6.8641
DE,46042,51.4737,6.8603
DE,46142,51.5154,6.8495
DE,46444,51.8318,6.2467
DE,46480,51.6668,6.6088
DE,46482,51.6628,6.6402
DE,47044,51.4394,6.7844
DE,47048,51.4286,6.7995
DE,47049,51.431,6.7593
DE,47050,51.4396,6.7631
DE,47118,51.451,6.7321
DE,47161,51.4915,6.7421
DE,47163,51.4906,6.7606
DE,47299,51.4299,6.6924
DE,47300,51.4789,6.7942
DE,47303,51.4314,6.7633
DE,47305,51.4321,6.7757
DE,47439,51.4607,6.6121
DE,47493,51.5392,6.592
DE,47504,51.444,6.5684
DE,47526,51.2511,6.7961
DE,47791,51.292,6.5199
DE,47792,51.3336,6.5503
DE,47795,51.3209,6.5661
DE,47796,51.3286,6.5737
DE,47875,51.2498,6.4778
DE,47904,51.3629,6.4294
DE,10910,50.7191,7.117
DE,31774,50.7191,7.117
DE,41452,51.0343,6.2557
DE,41833,51.0343,6.2557
DE,42926,51.1518,7.2226
DE,45195,50.7156,7.1305
DE,45196,50.7156,7.1305
DE,50123,50.9497,6.641
DE,50124,50.9513,6.6317
DE,50318,50.8285,6.8954
DE,50319,50.8345,6.9131
DE,50351,50.8602,6.854
DE,50387,50.8196,6.989
DE,50399,50.9212,6.8361
DE,50411,50.947,6.9465
DE,50412,50.947,6.9465
DE,50413,50.9445,6.8871
DE,50414,50.947,6.9465
DE,50415,50.9155,6.8649
DE,50416,50.9228,6.8767
DE,50417,50.9409,6.8899
DE,50418,50.886,6.9225
DE,50419,50.9212,6.8361
DE,50421,50.9424,6.9469
DE,50422,50.9155,6.8649
DE,50425,50.9417,6.9526
DE,50426,50.8694,6.8791
DE,50427,50.9354,6.9777
DE,50428,50.9459,6.959
DE,50569,50.9354,6.9777
DE,50574,50.922,6.9346
DE,50575,50.9821,6.8964
DE,50576,50.9345,6.9396
DE,50579,50.9345,6.9396
DE,50580,50.9435,6.9728
DE,50581,50.947,6.9498
DE,50583,50.947,6.9498
DE,50585,50.939,6.9777
DE,50586,50.9165,6.9385
DE,50587,50.9425,6.9551
DE,50588,50.944,6.954
DE,50589,50.944,6.954
DE,50590,50.9648,6.9686
DE,50591,50.9438,6.942
DE,50592,50.9645,7.053
DE,50593,50.947,6.9465
DE,50594,50.9379,6.8723
DE,50595,50.9372,6.9223
DE,50596,50.941,6.9383
DE,50598,50.9154,6.9398
DE,50600,50.94,6.9513
DE,50602,50.9366,6.947
DE,50603,50.9459,6.959
DE,50604,50.9355,6.9408
DE,50605,50.939,6.9817
DE,50607,50.9438,6.9545
DE,50657,50.9552,6.968
DE,50658,50.9561,6.9531
DE,50661,50.947,6.9465
DE,50662,50.9312,6.9535
DE,50663,50.9265,6.982
DE,50664,50.9367,6.9738
DE,50725,51.0054,6.9596
DE,50726,50.9878,6.9096
DE,50727,51.0011,6.95
DE,50728,50.9696,6.9707
DE,50729,50.9581,6.9753
DE,50730,50.9649,6.9839
DE,50819,50.9719,6.8678
DE,50820,50.9766,6.8587
DE,50855,50.9494,6.8404
DE,50919,50.9409,6.8899
DE,50922,50.9225,6.9356
DE,50924,50.9248,6.9197
DE,50925,50.9387,6.9238
DE,50926,50.9242,6.9312
DE,50927,50.9451,6.8859
DE,50928,50.919,6.9218
DE,50960,50.9086,6.9751
DE,50962,50.9086,6.9751
DE,50963,50.9049,6.9526
DE,50964,50.9419,6.9821
DE,50965,50.9158,6.9411
DE,50966,50.9362,6.9494
DE,51057,50.9538,6.9909
DE,51058,50.9662,7.0578
DE,51059,50.9645,7.053
DE,51101,50.9378,6.994
DE,51139,50.8834,7.0615
DE,51140,50.9145,7.0487
DE,51141,50.9136,7.0675
DE,51169,50.9106,7.0472
DE,51170,50.9342,7.0099
DE,51171,50.9645,7.053
DE,51172,50.9645,7.053
DE,51173,50.9645,7.053
DE,51174,50.9126,7.0528
DE,51175,50.9165,6.9385
DE,51178,50.9106,7.0472
DE,51221,50.9172,7.0504
DE,51222,50.9126,7.0528
DE,51365,51.0141,6.9881
DE,51366,51.0141,6.9881
DE,51367,51.0335,7.0172
DE,51369,51.0141,6.9881
DE,51370,51.0335,7.0172
DE,51424,50.9612,7.1838
DE,51425,50.9667,7.159
DE,51462,50.9767,7.1434
DE,51463,50.9858,7.1338
DE,51489,50.9652,7.3284
DE,51578,50.9292,7.7605
DE,51641,51.0052,7.575
DE,51700,51.0274,7.6904
DE,51777,50.9838,7.4098
DE,52028,50.8116,6.0605
DE,52045,50.7717,6.0851
DE,52046,50.7846,6.0677
DE,52047,50.7773,6.1306
DE,52049,50.7722,6.0887
DE,52053,50.7808,6.1332
DE,52054,50.7705,6.0864
DE,52055,50.7808,6.1332
DE,52056,50.7771,6.0778
DE,52057,50.7765,6.0424
DE,52058,50.7757,6.0833
DE,52059,50.7744,6.0879
DE,52060,50.7674,6.1541
DE,52081,50.7917,6.1067
DE,52084,50.7711,6.0891
DE,52090,50.7685,6.0981
DE,52099,50.7667,6.1486
DE,52101,50.7913,6.0624
DE,52115,50.8614,6.0814
DE,52220,50.7614,6.2302
DE,52348,50.8092,6.4453
DE,52425,50.9013,6.3974
DE,52426,50.9038,6.3884
DE,52475,50.8756,6.1393
DE,52509,50.962,6.125
DE,52523,51.0608,6.1077
DE,53094,50.726,7.1114
DE,53095,50.6791,7.16
DE,53096,50.728,7.0955
DE,53099,50.7053,7.0463
DE,53100,50.7393,7.0559
DE,53102,50.7083,7.1129
DE,53103,50.7366,7.0951
DE,53104,50.7122,7.0601
DE,53105,50.735,7.0841
DE,53106,50.7065,7.1244
DE,53107,50.7114,7.0593
DE,53108,50.7446,7.0511
DE,53109,50.7445,7.1253
DE,53110,50.716,7.1284
DE,53160,50.7048,7.1409
DE,53168,50.6733,7.1828
DE,53169,50.7351,7.0717
DE,53170,50.6733,7.1828
DE,53171,50.7114,7.1264
DE,53221,50.745,7.1247
DE,53222,50.7423,7.124
DE,53223,50.7191,7.1519
DE,53241,50.7191,7.117
DE,53243,50.7191,7.117
DE,53245,50.7191,7.117
DE,53247,50.7156,7.1305
DE,53248,50.7123,7.1346
DE,53249,50.7241,7.0645
DE,53250,50.7156,7.1305
DE,53251,50.7156,7.1305
DE,53252,50.7048,7.1409
DE,53253,50.8277,7.0993
DE,53254,50.7156,7.1305
DE,53255,50.7565,7.0908
DE,53262,50.7114,7.1264
DE,53284,50.716,7.1284
DE,53285,50.728,7.0955
DE,53286,50.728,7.0955
DE,53287,50.728,7.0955
DE,53288,50.728,7.0955
DE,53330,50.7577,7.0046
DE,53338,50.6387,7.0415
DE,53357,50.6258,6.9485
DE,53602,50.6323,7.2178
DE,53637,50.6827,7.1905
DE,53717,50.7949,7.2041
DE,53718,50.7941,7.2758
DE,53719,50.7958,7.2026
DE,53754,50.7642,7.1508
DE,53839,50.8114,7.1258
DE,53877,50.694,6.8284
DE,53884,50.587,6.6505
DE,60651,50.7156,7.1305
DE,60652,50.7156,7.1305
DE,65164,50.9645,7.053
DE,74071,50.9235,6.8714
DE,96039,50.7393,7.1024
DE,03075,51.9873,7.6339
DE,44573,51.5576,7.31
DE,45630,51.6184,7.2035
DE,45655,51.6167,7.197
DE,45697,51.6043,7.1101
DE,45729,51.6182,7.4196
DE,45765,51.6527,7.0842
DE,45801,51.5085,7.0963
DE,45835,51.5109,7.0913
DE,45875,51.5086,7.1076
DE,45876,51.6076,7.0465
DE,45877,51.5797,7.0527
DE,46322,51.8454,6.8597
DE,46393,51.8422,6.6148
DE,48084,51.9056,7.6518
DE,48108,51.9873,7.6339
DE,48119,51.9533,7.6195
DE,48121,51.9312,7.5913
DE,48122,51.9543,7.6312
DE,48123,51.9551,7.6308
DE,48124,51.9484,7.6408
DE,48125,51.978,7.6375
DE,48126,51.9491,7.6143
DE,48127,51.9611,7.6292
DE,48128,51.9612,7.625
DE,48129,51.9612,7.6007
DE,48130,51.9592,7.6136
DE,48131,51.9911,7.6207
DE,48132,51.9241,7.562
DE,48133,51.9625,7.6359
DE,48134,51.9615,7.6365
DE,48135,51.964,7.6311
DE,48136,51.9617,7.616
DE,48137,51.9391,7.6241
DE,48138,51.9347,7.6526
DE,48139,51.9644,7.6285
DE,48140,52.137,7.5579
DE,48141,51.9671,7.6348
DE,48172,51.9592,7.6352
DE,48229,51.9736,7.9915
DE,48416,52.2694,7.4164
DE,48427,52.2714,7.4453
DE,48563,52.1496,7.3362
DE,48596,52.2102,7.0569
DE,48649,51.9491,7.1677
DE,48651,51.9209,7.1728
DE,48681,52.0749,7.008
DE,48702,51.9924,6.9166
DE,49475,52.2716,7.7287
DE,49523,52.1815,7.8494
DE,49541,52.2627,7.7812
DE,59215,51.773,7.9453
DE,59225,51.7615,7.8867
DE,59267,51.8028,8.0286
DE,59299,51.8486,8.1481
DE,59385,51.7907,7.6088
DE,32042,52.1221,8.6749
DE,32044,52.1221,8.6749
DE,32045,52.1314,8.6694
DE,32046,52.1288,8.6666
DE,32058,52.0796,8.6195
DE,32061,52.0796,8.6195
DE,32102,52.0777,8.7552
DE,32255,52.1794,8.5538
DE,32310,52.3009,8.7007
DE,32337,52.3769,8.641
DE,32419,52.2983,8.9411
DE,32420,52.2641,8.8478
DE,32421,52.2816,8.9113
DE,32455,52.2333,8.9291
DE,32543,52.1983,8.8077
DE,32582,52.2003,8.7345
DE,32655,52.0226,8.9159
DE,32750,51.9331,8.8821
DE,32753,51.9433,8.8627
DE,32754,51.9353,8.8793
DE,32823,51.9349,9.1046
DE,33093,51.7183,8.7527
DE,33094,51.7229,8.7179
DE,33095,51.714,8.7411
DE,33096,51.714,8.7411
DE,33324,51.905,8.3493
DE,33325,51.9112,8.3966
DE,33326,51.8923,8.3663
DE,33372,51.8177,8.295
DE,33373,51.8436,8.2965
DE,33374,51.8437,8.2973
DE,33375,51.8474,8.3102
DE,33393,51.7969,8.4206
DE,33394,51.8422,8.4428
DE,33395,51.7252,8.3642
DE,33411,51.8644,8.5628
DE,33413,51.8848,8.4444
DE,33414,51.8848,8.4444
DE,33426,51.9603,8.2182
DE,33441,51.8776,8.2415
DE,33547,52.0129,8.6161
DE,33583,52.0158,8.5233
DE,33584,52.0807,8.4988
DE,33591,52.0248,8.5426
DE,33594,52.0252,8.5423
DE,33595,52.0381,8.4934
DE,33596,52.0172,8.5452
DE,33597,52.0217,8.5347
DE,33598,52.0416,8.5852
DE,33600,52.0112,8.5241
DE,33644,51.9795,8.4784
DE,33645,51.9878,8.4466
DE,33756,51.902,8.6361
DE,33769,52.038,8.1394
DE,33788,52.0331,8.3931
DE,33801,52.0189,8.4302
DE,37669,51.7897,9.3756
DE,49447,52.4415,8.3363
DE,30686,51.5161,7.462
DE,44111,51.5195,7.4577
DE,44112,51.5195,7.4577
DE,44113,51.5195,7.4577
DE,44115,51.5157,7.4783
DE,44116,51.5202,7.459
DE,44117,51.5085,7.4697
DE,44118,51.5018,7.4676
DE,44119,51.5018,7.4676
DE,44120,51.4988,7.4759
DE,44121,51.4975,7.4639
DE,44122,51.5117,7.4675
DE,44123,51.5085,7.4575
DE,44124,51.4995,7.4792
DE,44125,51.5122,7.4335
DE,44126,51.5153,7.469
DE,44127,51.5095,7.4339
DE,44128,51.5072,7.4498
DE,44129,51.4978,7.4753
DE,44130,51.5101,7.4616
DE,44131,51.5101,7.4616
DE,44133,51.506,7.4701
DE,44221,51.4844,7.414
DE,44222,51.4926,7.4164
DE,44261,51.4969,7.4975
DE,44280,51.5025,7.5694
DE,44285,51.5042,7.5429
DE,44401,51.5031,7.4966
DE,44402,51.5176,7.4651
DE,44530,51.6138,7.5195
DE,44621,51.5468,7.22
DE,44647,51.5327,7.1664
DE,44771,51.4727,7.2252
DE,44772,51.5156,7.2081
DE,44773,51.4618,7.2338
DE,44774,51.4709,7.2195
DE,44775,51.4707,7.2706
DE,44776,51.4782,7.2283
DE,44778,51.447,7.2278
DE,44779,51.447,7.2278
DE,44780,51.4459,7.2604
DE,44781,51.4714,7.2149
DE,44782,51.4862,7.218
DE,44784,51.4694,7.2634
DE,44785,51.4727,7.2252
DE,44863,51.4749,7.1517
DE,45102,51.4714,7.2149
DE,45523,51.4007,7.1844
DE,50582,51.5195,7.4577
DE,57068,50.9063,8.0277
DE,57069,50.8634,8.0212
DE,57070,50.8778,8.0278
DE,57110,50.9122,7.9109
DE,57289,50.7853,8.0013
DE,57437,51.1293,7.9006
DE,58079,51.3624,7.469
DE,58080,51.3508,7.4415
DE,58081,51.3848,7.4793
DE,58082,51.381,7.5132
DE,58083,51.3824,7.5183
DE,58084,51.3775,7.4909
DE,58085,51.3817,7.4858
DE,58086,51.3634,7.4802
DE,58117,51.3461,7.5921
DE,58133,51.338,7.4097
DE,58147,51.3924,7.5087
DE,58237,51.4588,7.6217
DE,58283,51.315,7.3088
DE,58292,51.3679,7.3672
DE,58298,51.387,7.3988
DE,58311,51.4232,7.4369
DE,58330,51.2899,7.2982
DE,58448,51.4524,7.3572
DE,58449,51.4517,7.3769
DE,58505,51.2229,7.6248
DE,58603,51.3728,7.7057
DE,58634,51.3756,7.6978
DE,59056,51.6775,7.8202
DE,59057,51.6767,7.8059
DE,59059,51.6767,7.8059
DE,59060,51.6785,7.8152
DE,59061,51.6766,7.8206
DE,59062,51.6788,7.8139
DE,59089,51.5609,7.9074
DE,59090,51.5602,7.8936
DE,59172,51.5796,7.6698
DE,59366,51.6658,7.6351
DE,59438,51.506,7.6005
DE,59455,51.553,7.9192
DE,59490,51.573,8.0986
DE,59491,51.573,8.0986
DE,59495,51.5728,8.1141
DE,59552,51.6722,8.3595
DE,59553,51.6548,8.3669
DE,59578,51.4525,8.3533
DE,59753,51.4405,7.9717
DE,59817,51.3996,8.074
DE,59818,51.3971,8.0752
DE,59844,51.325,8.0045
DE,59870,51.3429,8.2835
DE,53423,50.5433,7.2706
DE,53455,50.5714,7.0935
DE,53470,50.5719,7.0301
DE,54187,49.7708,6.6704
DE,54189,49.7487,6.6187
DE,54190,49.7986,6.693
DE,54286,49.7457,6.6884
DE,54287,49.759,6.65
DE,54469,49.9296,7.0591
DE,54567,50.2409,6.66
DE,55097,49.9818,8.2902
DE,55098,50.0161,8.2541
DE,55099,49.9958,8.2464
DE,55100,49.9639,8.2059
DE,55101,49.993,8.2592
DE,55146,50.0039,8.2467
DE,55147,49.997,8.2546
DE,55148,49.9949,8.228
DE,55149,49.997,8.2546
DE,55150,49.9609,8.2532
DE,55266,49.9048,8.2036
DE,55408,49.9692,7.9362
DE,55409,49.9692,7.9362
DE,55538,49.8412,7.8667
DE,55540,49.839,7.8586
DE,56037,50.3887,7.5829
DE,56040,50.3769,7.5836
DE,56048,50.3727,7.5551
DE,56053,50.3593,7.5858
DE,56054,50.3372,7.5584
DE,56055,50.3477,7.495
DE,56056,50.3573,7.6026
DE,56057,50.3615,7.5721
DE,56058,50.3372,7.5584
DE,56059,50.3416,7.5855
DE,56060,50.359,7.5682
DE,56062,50.3574,7.5796
DE,56063,50.3534,7.5957
DE,56064,50.3598,7.5972
DE,56065,50.3538,7.5937
DE,56066,50.3589,7.5718
DE,56078,50.3805,7.5649
DE,56079,50.3874,7.5789
DE,56080,50.3887,7.5829
DE,56128,50.3293,7.7287
DE,56129,50.3349,7.7206
DE,56407,50.4378,7.8353
DE,56409,50.4378,7.8353
DE,56456,50.5585,7.9849
DE,56469,50.6564,7.9549
DE,56560,50.428,7.4664
DE,56562,50.428,7.4664
DE,56578,50.5053,7.487
DE,56624,50.4353,7.4256
DE,56647,50.388,7.404
DE,56723,50.3287,7.2311
DE,56724,50.3287,7.2311
DE,56725,50.3266,7.2249
DE,57517,50.7944,7.8375
DE,57609,50.689,7.6499
DE,57626,50.6634,7.8215
DE,65580,50.3734,8.0299
DE,66950,49.1943,7.608
DE,66951,49.2123,7.6179
DE,66986,49.2612,7.5624
DE,67055,49.48,8.4441
DE,67056,49.4949,8.434
DE,67057,49.474,8.4251
DE,67075,49.4436,8.4034
DE,67076,49.474,8.4251
DE,67077,49.4748,8.4265
DE,67078,49.4748,8.4265
DE,67082,49.476,8.4556
DE,67225,49.5349,8.3515
DE,67340,49.3199,8.4208
DE,67342,49.3199,8.4208
DE,67343,49.3194,8.4308
DE,67429,49.3572,8.1528
DE,67545,49.6175,8.3554
DE,67650,49.439,7.7743
DE,67653,49.4422,7.7189
DE,76725,49.2033,8.3779
DE,76742,49.0493,8.2805
DE,76825,49.1995,8.116
DE,76826,49.2086,8.1254
DE,76828,49.195,8.1307
DE,76878,49.215,8.1745
DE,50424,49.232,7.0073
DE,66087,49.232,7.0312
DE,66088,49.2392,6.9858
DE,66090,49.2275,7.0251
DE,66094,49.2251,7.0421
DE,66097,49.2397,6.9558
DE,66098,49.2359,6.9923
DE,66099,49.232,7.0312
DE,66100,49.2205,7.0351
DE,66101,49.232,7.0073
DE,66102,49.2397,6.9798
DE,66103,49.235,6.9898
DE,66104,49.2281,6.9982
DE,66106,49.2398,6.9993
DE,66108,49.2407,7.0064
DE,66109,49.233,7.002
DE,66150,49.2136,6.9681
DE,66330,49.2525,6.8511
DE,66421,49.3153,7.3428
DE,66458,49.2867,7.2161
DE,66661,49.4651,6.6151
DE,66738,49.3257,6.7483
DE,21462,53.5103,10.2407
DE,21500,53.4348,10.3834
DE,22139,53.6606,10.3124
DE,22140,53.6554,10.2916
DE,22839,53.6693,9.9683
DE,22841,53.7079,9.9941
DE,22842,53.6813,9.9966
DE,22865,53.5942,9.835
DE,22867,53.5942,9.835
DE,22876,53.5764,9.7345
DE,22923,53.6735,10.2359
DE,22939,53.7296,10.2658
DE,23533,53.8482,10.6728
DE,23538,53.8364,10.7111
DE,23540,53.8525,10.6809
DE,23541,53.8514,10.6805
DE,23542,53.8566,10.6695
DE,23543,53.8549,10.6314
DE,23544,53.8641,10.6504
DE,23546,53.8719,10.6664
DE,23547,53.8698,10.6879
DE,23590,53.8634,10.6042
DE,23615,53.8901,10.632
DE,23616,53.8901,10.632
DE,23791,53.9382,10.2988
DE,23792,53.9331,10.3056
DE,23840,53.802,10.3883
DE,23841,53.8091,10.3824
DE,23864,53.7991,10.1347
DE,24088,54.3155,10.1282
DE,24090,54.2752,10.1612
DE,24091,54.3218,10.134
DE,24094,54.3447,10.1326
DE,24095,54.3332,10.1392
DE,24096,54.3332,10.1392
DE,24097,54.3154,10.1315
DE,24098,54.3383,10.1283
DE,24099,54.3218,10.134
DE,24100,54.3181,10.1347
DE,24130,54.3085,10.1384
DE,24131,54.309,10.1327
DE,24180,54.2752,10.1612
DE,24300,54.2835,10.1622
DE,24349,54.5862,10.0223
DE,24530,54.0681,9.9868
DE,24531,54.0485,9.9839
DE,24927,54.7929,9.4237
DE,24930,54.7761,9.3879
DE,24932,54.8133,9.4645
DE,24933,54.7761,9.3879
DE,24945,54.7917,9.4394
DE,25320,53.7564,9.6621
DE,25333,53.757,9.6525
DE,25389,53.7443,9.7026
DE,25392,53.745,9.7002
DE,25450,53.7453,9.9416
DE,25518,53.9596,9.484
DE,25520,53.9352,9.4977
DE,25521,53.9352,9.4977
DE,25522,53.9317,9.5202
DE,25742,54.1947,9.1249
DE,25744,54.2022,9.1002
DE,47789,54.7684,9.4416
DE,03039,51.7591,14.328
DE,03065,51.767,14.3801
DE,10858,52.3173,13.2654
DE,10908,52.4069,13.0537
DE,10909,52.4069,13.0537
DE,12521,52.3898,13.518
DE,12712,52.386,13.4895
DE,13660,52.6203,13.2079
DE,14322,52.4008,13.2515
DE,14329,52.4001,13.2468
DE,14424,52.4154,12.9687
DE,14425,52.3923,13.0827
DE,14456,52.4008,13.2515
DE,14458,52.3748,13.0137
DE,14459,52.3624,13.0948
DE,14461,52.4063,13.0582
DE,14462,52.3805,13.0866
DE,14463,52.3748,13.0137
DE,14464,52.3771,13.3063
DE,14465,52.3882,13.0784
DE,14510,52.4013,13.2436
DE,14655,52.6038,12.9745
DE,14710,52.6048,12.3491
DE,14765,52.4118,12.5408
DE,14767,52.4121,12.5526
DE,14980,52.3771,13.3063
DE,15220,52.3298,14.5328
DE,15224,52.2914,14.4697
DE,15228,52.3112,14.4859
DE,15229,52.3316,14.5168
DE,15515,52.3724,14.0568
DE,15559,52.4859,13.8247
DE,15887,52.165,14.606
DE,15888,52.162,14.6276
DE,16222,52.836,13.8078
DE,16759,52.6328,13.2105
DE,16814,52.8895,12.8098
DE,19334,52.9604,11.951
DE,17030,53.5193,13.2584
DE,17049,53.5752,13.2134
DE,17050,53.5686,13.2678
DE,17305,53.5081,14.0221
DE,17306,53.5081,14.0221
DE,17308,53.5081,14.0221
DE,17474,54.0735,13.3843
DE,17475,54.0931,13.3994
DE,18048,54.087,12.0851
DE,18050,54.0886,12.1408
DE,18051,54.0867,12.1357
DE,18052,54.0913,12.1155
DE,18053,54.0762,12.0444
DE,18060,54.079,12.22
DE,18101,54.079,12.22
DE,18271,53.7943,12.1789
DE,18431,54.338,13.0674
DE,18432,54.308,13.0688
DE,19020,53.6592,11.3602
DE,19048,53.627,11.4152
DE,19049,53.6512,11.4067
DE,19050,53.6062,11.4254
DE,19051,53.6312,11.4097
DE,19085,53.5547,11.5029
DE,19101,53.5675,11.3752
DE,19367,53.4285,11.8308
DE,23935,53.8264,11.2272
DE,01053,51.0562,13.7323
DE,01054,51.0466,13.7492
DE,01055,51.0569,13.7287
DE,01056,51.0355,13.7404
DE,01057,51.0456,13.7387
DE,01058,51.0466,13.7268
DE,01059,51.0826,13.7258
DE,01060,51.1037,13.7709
DE,01062,51.0289,13.7239
DE,01063,51.0334,13.7072
DE,01064,51.0387,13.7327
DE,01065,51.0387,13.7327
DE,01070,51.0334,13.7072
DE,01095,51.0573,13.7493
DE,01213,51.0408,13.7198
DE,01255,51.0533,13.783
DE,01264,51.0355,13.7404
DE,01303,51.0536,13.7608
DE,01304,51.0517,13.777
DE,01305,51.054,13.7588
DE,01332,51.178,13.8417
DE,01333,51.1802,13.8384
DE,01585,51.3068,13.2854
DE,01730,50.9462,13.7706
DE,01793,50.9544,13.9414
DE,02619,51.1551,14.4329
DE,02620,51.1757,14.4294
DE,02621,51.1823,14.4278
DE,02643,51.1904,14.4587
DE,04022,51.0466,13.7492
DE,04024,51.3987,12.198
DE,04056,51.3514,12.4041
DE,04063,51.0732,13.7602
DE,04064,51.0732,13.7602
DE,04079,51.3441,12.3944
DE,04080,51.3314,12.3866
DE,04081,51.3381,12.3791
DE,04082,51.3987,12.198
DE,04083,51.3364,12.3747
DE,04084,51.3342,12.3956
DE,04086,51.3748,12.3232
DE,04087,51.3413,12.3579
DE,04088,51.3321,12.3746
DE,04089,51.3987,12.198
DE,04091,51.3433,12.3693
DE,04092,51.335,12.3714
DE,04095,51.3386,12.3848
DE,04097,51.3407,12.3856
DE,04150,51.3782,12.3119
DE,04151,51.3748,12.3232
DE,04227,51.3297,12.3459
DE,04310,51.3301,12.4406
DE,04311,51.3301,12.4406
DE,04312,51.3301,12.4406
DE,04350,51.4092,12.4474
DE,04360,51.3156,12.3832
DE,04365,51.4012,12.4038
DE,04370,51.4133,12.2918
DE,04550,51.1189,12.4899
DE,04756,51.2987,13.1193
DE,04855,51.559,13.0077
DE,08037,50.7204,12.484
DE,08048,50.7939,12.4843
DE,08080,50.6906,12.5644
DE,08081,50.6685,12.3636
DE,08520,50.4971,12.1225
DE,09091,50.8145,12.9113
DE,09092,50.8145,12.9113
DE,09093,50.8126,12.8807
DE,09094,50.8344,12.9264
DE,09095,50.8784,12.9032
DE,09096,50.8102,12.9048
DE,09097,50.8036,12.8894
DE,09099,50.8448,12.9179
DE,09100,50.8145,12.9113
DE,09103,50.8324,12.9197
DE,09105,50.8166,12.9165
DE,09106,50.8326,12.9191
DE,09107,50.8392,12.9273
DE,09108,50.8091,12.8419
DE,09109,50.8058,12.8426
DE,09231,50.8854,12.8028
DE,09450,50.5781,13.0049
DE,09453,50.5874,13.0098
DE,09454,50.5874,13.0098
DE,09595,50.911,13.3417
DE,09596,50.9119,13.3226
DE,09660,50.9699,13.1194
DE,06073,51.4972,11.9667
DE,06075,51.4788,11.9878
DE,06076,51.4821,11.9832
DE,06077,51.4783,11.9796
DE,06089,51.5078,11.9644
DE,06090,51.5078,11.9644
DE,06091,51.4853,12.0027
DE,06092,51.4962,11.9825
DE,06094,51.4865,11.9613
DE,06095,51.469,11.9852
DE,06097,51.5003,11.9335
DE,06098,51.4899,11.9696
DE,06099,51.4847,11.9655
DE,06100,51.4825,11.9715
DE,06103,51.4807,11.9657
DE,06104,51.436,11.9851
DE,06105,51.4812,11.9252
DE,06106,51.4928,11.9343
DE,06144,51.4695,11.9908
DE,06145,51.5254,12.104
DE,06146,51.4695,11.9833
DE,06147,51.4695,11.9908
DE,06252,51.3473,12.169
DE,06291,51.5191,11.5506
DE,06359,51.7321,11.9776
DE,06400,51.7953,11.7447
DE,06838,51.841,12.2316
DE,06839,51.8359,12.2079
DE,38817,51.8953,11.0594
DE,38832,51.966,10.6992
DE,38845,51.8442,10.7661
DE,39081,52.1734,11.6705
DE,39082,52.12,11.632
DE,39083,52.1273,11.6333
DE,39084,52.1435,11.6402
DE,39085,52.1375,11.6486
DE,39087,52.1569,11.5821
DE,39088,52.1329,11.6213
DE,39091,52.1155,11.6113
DE,39092,52.1533,11.6324
DE,39093,52.1318,11.6391
DE,39094,52.1262,11.6342
DE,39097,52.1012,11.62
DE,39098,52.1518,11.6385
DE,39099,52.1391,11.6413
DE,39148,52.0519,11.5935
DE,39149,52.0519,11.5935
DE,39157,52.1288,11.6304
DE,39178,52.1969,11.5988
DE,39258,51.9613,12.084
DE,39400,52.0519,11.5935
DE,06553,51.3665,11.2944
DE,07497,50.8729,12.0826
DE,07499,50.9073,12.0735
DE,07541,50.8704,12.0838
DE,07543,50.876,12.0841
DE,07584,50.9304,12.0145
DE,07737,50.9298,11.5895
DE,07738,50.9275,11.583
DE,07739,50.9281,11.5807
DE,07740,50.923,11.5761
DE,98496,50.6113,10.6848
DE,98497,50.6113,10.6848
DE,98523,50.6367,10.7015
DE,98610,50.5753,10.4158
DE,99060,50.978,11.1307
DE,99068,50.9594,11.0441
DE,99073,51.0011,10.9996
DE,99075,50.9779,11.1301
DE,99077,50.9793,11.0362
DE,99078,50.9793,11.0362
DE,99079,50.9778,11.0268
DE,99080,50.9625,10.9952
DE,99081,50.973,11.0279
DE,99111,50.9793,11.0362
DE,99112,50.9793,11.0362
DE,99113,50.9769,11.0128
DE,99114,50.9784,11.1229
DE,99115,50.9725,10.9609
DE,99116,50.9723,10.9599
DE,99117,50.9588,11.0517
DE,99420,50.9794,11.3292
DE,99421,50.9816,11.3366
DE,99437,50.89,11.2661
DE,99738,51.4968,10.7892
DE,99815,50.9743,10.3183
DE,99878,50.9175,10.5617
DE,99893,50.9175,10.5617
DE,10026,52.5172,13.4149
DE,10082,52.5318,13.3838
DE,10083,52.5318,13.3838
DE,10086,52.5105,13.4024
DE,10096,52.5137,13.4227
DE,10098,52.5237,13.3799
DE,10099,52.5176,13.3938
DE,10102,52.5175,13.3916
DE,10103,52.5286,13.3692
DE,10104,52.5106,13.3901
DE,10105,52.5171,13.3861
DE,10106,52.5259,13.3984
DE,10107,52.5087,13.3841
DE,10108,52.5277,13.378
DE,10109,52.5079,13.392
DE,10112,52.509,13.4279
DE,10150,52.5169,13.4147
DE,10169,52.5176,13.4142
DE,10173,52.5258,13.4135
DE,10306,52.5094,13.5255
DE,10313,52.4932,13.5259
DE,10356,52.5183,13.4882
DE,10358,52.5094,13.5255
DE,10360,52.5094,13.5255
DE,10361,52.525,13.4653
DE,10362,52.5149,13.4887
DE,10400,52.5405,13.4273
DE,10431,52.5525,13.4076
DE,10546,52.5334,13.28
DE,10547,52.5234,13.3446
DE,10548,52.5334,13.28
DE,10617,52.5172,13.3082
DE,10702,52.4912,13.3151
DE,10703,52.5021,13.321
DE,10704,52.4904,13.3112
DE,10705,52.4974,13.293
DE,10768,52.4998,13.3253
DE,10772,52.5055,13.3448
DE,10773,52.5069,13.3423
DE,10774,52.5102,13.3762
DE,10819,52.4812,13.338
DE,10820,52.4849,13.3446
DE,10842,52.4341,13.536
DE,10850,52.4341,13.536
DE,10859,52.506,13.3924
DE,10860,52.4994,13.3816
DE,10861,52.4892,13.3482
DE,10862,52.5061,13.2951
DE,10863,52.5239,13.4166
DE,10864,52.5155,13.4107
DE,10865,52.5187,13.3907
DE,10867,52.5078,13.3975
DE,10868,52.4915,13.3104
DE,10871,52.4962,13.4548
DE,10872,52.5073,13.3749
DE,10873,52.5218,13.389
DE,10874,52.5123,13.3945
DE,10876,52.5045,13.3809
DE,10877,52.5119,13.4331
DE,10878,52.5068,13.4381
DE,10880,52.5334,13.3842
DE,10881,52.4672,13.3726
DE,10882,52.4644,13.3696
DE,10883,52.5133,13.3193
DE,10884,52.5206,13.4928
DE,10885,52.5255,13.3216
DE,10886,52.5199,13.4039
DE,10887,52.5172,13.3871
DE,10888,52.5078,13.3975
DE,10889,52.5208,13.4138
DE,10890,52.5118,13.3888
DE,10891,52.5119,13.4331
DE,10892,52.5784,13.2943
DE,10893,52.4834,13.293
DE,10896,52.5124,13.3146
DE,10899,52.5043,13.4506
DE,10901,52.5149,13.3292
DE,10902,52.5045,13.3602
DE,10903,52.5068,13.379
DE,10904,52.4955,13.484
DE,10905,52.4672,13.3726
DE,10907,52.5087,13.3523
DE,10912,52.5047,13.3693
DE,10913,52.5047,13.3693
DE,10914,52.5018,13.336
DE,10916,52.5233,13.3475
DE,10917,52.5084,13.403
DE,10918,52.5084,13.403
DE,10919,52.511,13.3883
DE,10934,52.5008,13.3884
DE,10956,52.506,13.3924
DE,10958,52.4928,13.3702
DE,10959,52.4994,13.3816
DE,11010,52.5163,13.3527
DE,11013,52.5154,13.3985
DE,11014,52.5227,13.3622
DE,11017,52.5124,13.3843
DE,11052,52.5147,13.4054
DE,11053,52.5147,13.4054
DE,11054,52.5147,13.4054
DE,11055,52.559,13.441
DE,11056,52.5153,13.3864
DE,11501,52.5055,13.4473
DE,11503,52.4955,13.484
DE,11504,52.4955,13.484
DE,11505,52.4672,13.3721
DE,11506,52.5044,13.346
DE,11507,52.4716,13.366
DE,11508,52.4672,13.3726
DE,11509,52.5077,13.4041
DE,11510,52.5068,13.4381
DE,11511,52.4765,13.3639
DE,11513,52.5151,13.3348
DE,11515,52.4341,13.536
DE,11516,52.5025,13.407
DE,12028,52.479,13.4279
DE,12032,52.5153,13.4125
DE,12037,52.4739,13.4575
DE,12038,52.482,13.4339
DE,12039,52.4698,13.4648
DE,12040,52.4813,13.435
DE,12095,52.4007,13.3819
DE,12096,52.4639,13.409
DE,12154,52.4644,13.3274
DE,12200,52.441,13.3167
DE,12274,52.4122,13.3784
DE,12345,52.4377,13.4583
DE,12485,52.4336,13.5569
DE,12552,52.4454,13.5936
DE,12616,52.5144,13.6169
DE,12670,52.5533,13.5429
DE,12671,52.5275,13.54
DE,12677,52.559,13.5505
DE,13047,52.5424,13.4697
DE,13048,52.5403,13.4856
DE,13122,52.6314,13.5112
DE,13340,52.5577,13.3724
DE,13341,52.527,13.3385
DE,13342,52.5418,13.3667
DE,13343,52.5497,13.3752
DE,13344,52.5423,13.3478
DE,13400,52.5872,13.3249
DE,13496,52.5784,13.2943
DE,13497,52.5784,13.2943
DE,13498,52.5319,13.3899
DE,13499,52.5761,13.2953
DE,13500,52.5898,13.3091
DE,13565,52.5641,13.2202
DE,13578,52.5302,13.2128
DE,13619,52.5391,13.2182
DE,13622,52.5355,13.2745
DE,13623,52.5375,13.2622
DE,13624,52.5375,13.2622
DE,13625,52.5455,13.3199
DE,14045,52.5162,13.2804
DE,14046,52.5072,13.278
DE,14047,52.5132,13.2822
DE,14107,52.4112,13.1298
DE,14160,52.4336,13.2586
DE,14191,52.4754,13.3048
DE,14328,52.4742,13.3021
DE,14457,52.5072,13.3785
DE,15227,52.559,13.441
DE,17240,52.5055,13.4473
DE,60647,52.5159,13.328
DE,96035,52.5025,13.407
DE,96076,52.5044,13.346
DE,01945,51.4167,13.9333
DE,01968,51.5252,14.0016
DE,01979,51.4881,13.7662
DE,01983,51.6214,14.1309
DE,01987,51.4767,13.8556
DE,01990,51.375,13.7598
DE,01993,51.5101,13.8981
DE,01994,51.5456,13.9121
DE,01996,51.4547,14.0251
DE,01998,51.5456,13.9121
DE,03042,51.7612,14.3544
DE,03044,51.7754,14.3374
DE,03046,51.756,14.3197
DE,03048,51.7403,14.3198
DE,03050,51.7324,14.3347
DE,03051,51.7667,14.3333
DE,03052,51.7667,14.3333
DE,03053,51.7667,14.3333
DE,03054,51.7667,14.3333
DE,03055,51.7667,14.3333
DE,03058,51.6865,14.5094
DE,03096,51.812,14.2294
DE,03099,51.75,14.25
DE,03103,51.6214,14.1309
DE,03116,51.6541,14.2232
DE,03119,51.5838,14.1708
DE,03130,51.5978,14.4467
DE,03139,51.5667,14.3667
DE,03149,51.6967,14.5533
DE,03159,51.6967,14.5533
DE,03172,51.9342,14.6255
DE,03185,51.875,14.4083
DE,03197,51.8607,14.4981
DE,03202,53.2435,14.2573
DE,03205,51.744,13.9533
DE,03222,51.8695,13.8796
DE,03226,51.8181,14.0403
DE,03229,51.65,14.0333
DE,03238,51.5337,13.6703
DE,03246,51.7126,13.7856
DE,03249,51.6922,13.6473
DE,03253,51.6546,13.5322
DE,04895,51.5875,13.2364
DE,04910,51.4604,13.52
DE,04916,51.8441,13.1607
DE,04924,51.5183,13.3946
DE,04928,51.4678,13.5663
DE,04931,51.4333,13.2167
DE,04932,51.4598,13.4287
DE,04934,51.5,13.55
DE,04936,51.7027,13.4154
DE,04938,51.5167,13.3333
DE,12529,52.389,13.5037
DE,14467,52.403,13.0626
DE,14469,52.4091,12.9899
DE,14471,52.3744,13.0102
DE,14473,52.3908,13.0645
DE,14476,52.4726,12.9376
DE,14478,52.3725,13.0914
DE,14480,52.3689,13.1273
DE,14482,52.3871,13.0993
DE,14513,52.4031,13.2601
DE,14532,52.3833,13.2167
DE,14542,52.3389,12.9722
DE,14547,52.2381,12.9714
DE,14548,52.3389,12.9722
DE,14550,52.4029,12.8245
DE,14552,52.283,13.0617
DE,14554,52.2722,13.0167
DE,14557,52.3318,13.0622
DE,14558,52.3472,13.1053
DE,14612,52.5601,13.0927
DE,14621,52.6192,13.1265
DE,14624,52.5427,13.0584
DE,14627,52.5425,12.9879
DE,14641,52.6561,12.8039
DE,14656,52.5833,13
DE,14662,52.7376,12.5797
DE,14669,52.4781,12.8453
DE,14712,52.6066,12.337
DE,14715,52.6,12.65
DE,14727,52.5318,12.3485
DE,14728,52.7167,12.2567
DE,14770,52.4189,12.5228
DE,14772,52.4358,12.5297
DE,14774,52.3864,12.4144
DE,14776,52.4043,12.568
DE,14778,52.4147,12.6106
DE,14789,52.3667,12.3849
DE,14793,52.1989,12.3523
DE,14797,52.3271,12.6625
DE,14798,52.4929,12.4667
DE,14806,52.1765,12.6272
DE,14822,52.1194,12.7917
DE,14823,52.0531,12.6185
DE,14827,52.1146,12.4553
DE,14828,52.1718,12.3751
DE,14913,51.9961,13.0798
DE,14929,52.0975,12.8726
DE,14943,52.1564,12.9703
DE,14947,52.1116,13.2152
DE,14959,52.213,13.1464
DE,14974,52.3032,13.254
DE,14979,52.3586,13.3099
DE,15230,52.3475,14.5539
DE,15232,52.3241,14.5325
DE,15234,52.3646,14.5244
DE,15236,52.3833,14.3667
DE,15295,52.2333,14.5333
DE,15299,52.2474,14.4179
DE,15306,52.4899,14.4285
DE,15320,52.596,14.2377
DE,15324,52.6438,14.3601
DE,15326,52.4414,14.3736
DE,15328,52.5009,14.5817
DE,15344,52.5786,13.8874
DE,15345,52.6372,13.9878
DE,15366,52.5333,13.6833
DE,15370,52.5,13.7333
DE,15372,52.5,14.1333
DE,15374,52.5114,14.1359
DE,15377,52.5938,14.0355
DE,15378,52.5077,13.8521
DE,15517,52.3833,14.0583
DE,15518,52.3833,14.1
DE,15526,52.3167,14.0833
DE,15528,52.3667,13.9667
DE,15537,52.4,13.7167
DE,15562,52.4707,13.7736
DE,15566,52.4598,13.7054
DE,15569,52.446,13.756
DE,15711,52.2779,13.5948
DE,15712,52.2891,13.6997
DE,15713,52.3691,13.703
DE,15732,52.3667,13.6167
DE,15738,52.348,13.6217
DE,15741,52.2039,13.5834
DE,15745,52.3167,13.6333
DE,15746,52.1659,13.6594
DE,15748,52.1473,13.8343
DE,15749,52.2448,13.5606
DE,15752,52.2022,13.8371
DE,15754,52.3137,13.7484
DE,15755,52.15,13.6333
DE,15757,52.0683,13.6962
DE,15806,52.216,13.4491
DE,15827,52.3209,13.4401
DE,15831,52.3571,13.4722
DE,15834,52.2913,13.4195
DE,15837,52.05,13.5
DE,15838,52.1029,13.3756
DE,15848,52.1333,14.1333
DE,15859,52.2833,13.8833
DE,15864,52.2333,14.05
DE,15868,52.005,14.2439
DE,15890,52.15,14.6667
DE,15898,52.1,14.6
DE,15907,51.9455,13.8852
DE,15910,52.0899,13.9927
DE,15913,51.9558,14.1285
DE,15926,51.7497,13.6937
DE,15936,51.9495,13.4934
DE,15938,51.9588,13.5419
DE,16225,52.8342,13.8218
DE,16227,52.8333,13.8333
DE,16230,52.7761,13.7065
DE,16244,52.9148,13.7132
DE,16247,52.9667,13.9167
DE,16248,52.8134,13.9249
DE,16259,52.8342,14.0896
DE,16269,52.693,14.1595
DE,16278,53.015,13.9992
DE,16303,53.066,14.2711
DE,16306,53.2435,14.2573
DE,16307,53.3057,14.3863
DE,16321,52.6771,13.5364
DE,16341,52.6509,13.5409
DE,16348,52.7921,13.549
DE,16352,52.6539,13.445
DE,16356,52.5766,13.5797
DE,16359,52.7662,13.6442
DE,16515,52.7558,13.242
DE,16540,52.661,13.2593
DE,16547,52.6833,13.2833
DE,16548,52.6351,13.3075
DE,16552,52.6363,13.376
DE,16556,52.7129,13.2767
DE,16559,52.8797,13.4395
DE,16562,52.6729,13.3186
DE,16565,52.7405,13.2627
DE,16567,52.6647,13.3769
DE,16727,52.6915,13.1753
DE,16761,52.636,13.2042
DE,16766,52.5833,13.3167
DE,16767,52.7234,13.193
DE,16775,53.1056,13.0417
DE,16792,52.983,13.38
DE,16798,53.1864,13.1708
DE,16816,52.9282,12.8031
DE,16818,52.9383,12.6645
DE,16827,52.9483,12.848
DE,16831,53.05,12.8667
DE,16833,52.7833,12.8333
DE,16835,53.0333,12.9667
DE,16837,53.1833,12.8333
DE,16845,52.85,12.6333
DE,16866,53.0123,12.3192
DE,16868,52.8833,12.4667
DE,16909,53.0833,12.4
DE,16918,53.2833,12.35
DE,16921,53.15,12.2667
DE,16928,53.1185,12.1072
DE,16945,53.3133,12.2425
DE,16949,53.249,12.0418
DE,17268,53.1833,13.6667
DE,17279,53.2124,13.3148
DE,17291,53.4136,13.9857
DE,17326,53.3997,14.1253
DE,17337,53.4569,13.7806
DE,19309,53.0895,11.2931
DE,19322,53,11.8
DE,19336,52.9561,11.949
DE,19339,52.9142,12.0855
DE,19348,53.1482,12.0114
DE,19357,53.146,11.6146
DE,10115,52.5323,13.3846
DE,10117,52.517,13.3872
DE,10119,52.5305,13.4053
DE,10178,52.5213,13.4096
DE,10179,52.5122,13.4164
DE,10243,52.5123,13.4394
DE,10245,52.5007,13.4647
DE,10247,52.5161,13.4656
DE,10249,52.5238,13.4428
DE,10315,52.5132,13.5148
DE,10317,52.4979,13.4908
DE,10318,52.4835,13.5287
DE,10319,52.4992,13.5188
DE,10365,52.5206,13.4969
DE,10367,52.5246,13.4821
DE,10369,52.5295,13.4695
DE,10405,52.5352,13.4257
DE,10407,52.5336,13.4492
DE,10409,52.5443,13.4414
DE,10435,52.5378,13.4112
DE,10437,52.5449,13.4126
DE,10439,52.5522,13.4121
DE,10551,52.5307,13.3372
DE,10553,52.5305,13.3215
DE,10555,52.5215,13.3355
DE,10557,52.5233,13.3594
DE,10559,52.5301,13.3499
DE,10585,52.5152,13.3057
DE,10587,52.5184,13.3195
DE,10589,52.5276,13.3057
DE,10623,52.5088,13.3274
DE,10625,52.5095,13.3147
DE,10627,52.508,13.303
DE,10629,52.5028,13.3086
DE,10707,52.4967,13.3138
DE,10709,52.4939,13.3031
DE,10711,52.4981,13.2905
DE,10713,52.4851,13.3133
DE,10715,52.4824,13.3289
DE,10717,52.4908,13.3275
DE,10719,52.4988,13.3257
DE,10777,52.4975,13.3427
DE,10779,52.4921,13.3395
DE,10781,52.4936,13.3529
DE,10783,52.4964,13.3624
DE,10785,52.5073,13.3643
DE,10787,52.5078,13.3439
DE,10789,52.5017,13.3377
DE,10823,52.4873,13.3509
DE,10825,52.4838,13.3413
DE,10827,52.4838,13.3543
DE,10829,52.4761,13.3607
DE,10961,52.4926,13.3975
DE,10963,52.5003,13.3813
DE,10965,52.4855,13.3946
DE,10967,52.4905,13.4164
DE,10969,52.5025,13.4012
DE,10997,52.5009,13.4356
DE,10999,52.4969,13.4266
DE,11011,52.5179,13.3759
DE,12043,52.4799,13.4371
DE,12045,52.4855,13.4392
DE,12047,52.4905,13.4285
DE,12049,52.4764,13.422
DE,12051,52.4669,13.4298
DE,12053,52.4768,13.4325
DE,12055,52.4712,13.4486
DE,12057,52.4684,13.4633
DE,12059,52.4809,13.4513
DE,12099,52.4644,13.4023
DE,12101,52.4785,13.3791
DE,12103,52.4641,13.3747
DE,12105,52.4492,13.3714
DE,12107,52.4312,13.3917
DE,12109,52.4465,13.3993
DE,12157,52.4653,13.3462
DE,12159,52.4737,13.3369
DE,12161,52.4704,13.327
DE,12163,52.4626,13.3185
DE,12165,52.4557,13.3148
DE,12167,52.4486,13.3338
DE,12169,52.4548,13.3435
DE,12203,52.4444,13.3096
DE,12205,52.434,13.2945
DE,12207,52.4199,13.3133
DE,12209,52.4179,13.3291
DE,12247,52.4395,13.3462
DE,12249,52.4264,13.3518
DE,12277,52.4134,13.375
DE,12279,52.4106,13.3531
DE,12305,52.4033,13.4021
DE,12307,52.3886,13.3907
DE,12309,52.3905,13.4171
DE,12347,52.4509,13.4281
DE,12349,52.4253,13.4221
DE,12351,52.4328,13.4555
DE,12353,52.4227,13.4589
DE,12355,52.411,13.4978
DE,12357,52.4293,13.4905
DE,12359,52.4473,13.4531
DE,12435,52.4866,13.4672
DE,12437,52.4624,13.4817
DE,12439,52.4528,13.5286
DE,12459,52.4656,13.528
DE,12487,52.4437,13.5052
DE,12489,52.4356,13.5432
DE,12524,52.4128,13.5417
DE,12526,52.3976,13.5642
DE,12527,52.3856,13.6339
DE,12555,52.4627,13.5791
DE,12557,52.4303,13.592
DE,12559,52.4149,13.6634
DE,12587,52.4586,13.6362
DE,12589,52.4438,13.7034
DE,12619,52.5235,13.5883
DE,12621,52.5027,13.5878
DE,12623,52.5026,13.6165
DE,12627,52.5372,13.6135
DE,12629,52.5413,13.5901
DE,12679,52.5501,13.566
DE,12681,52.5369,13.5367
DE,12683,52.5075,13.5591
DE,12685,52.5391,13.565
DE,12687,52.5564,13.5645
DE,12689,52.5665,13.5675
DE,13051,52.5815,13.4908
DE,13053,52.55,13.5046
DE,13055,52.5401,13.496
DE,13057,52.5711,13.5415
DE,13059,52.5809,13.5217
DE,13086,52.5565,13.4482
DE,13088,52.5603,13.4708
DE,13089,52.5707,13.441
DE,13125,52.6329,13.4829
DE,13127,52.62,13.438
DE,13129,52.5921,13.4579
DE,13156,52.5824,13.3997
DE,13158,52.5932,13.3835
DE,13159,52.623,13.3978
DE,13187,52.5695,13.4084
DE,13189,52.5643,13.4219
DE,13347,52.5491,13.3655
DE,13349,52.558,13.3473
DE,13351,52.5507,13.3328
DE,13353,52.5416,13.3495
DE,13355,52.5416,13.3904
DE,13357,52.5502,13.3828
DE,13359,52.5599,13.3851
DE,13403,52.5739,13.3224
DE,13405,52.5596,13.2967
DE,13407,52.5727,13.3512
DE,13409,52.5679,13.3714
DE,13435,52.602,13.3456
DE,13437,52.5905,13.3284
DE,13439,52.5976,13.3584
DE,13465,52.6399,13.2896
DE,13467,52.6171,13.3075
DE,13469,52.6119,13.3422
DE,13503,52.6122,13.2488
DE,13505,52.5839,13.2404
DE,13507,52.5765,13.2717
DE,13509,52.5892,13.3006
DE,13581,52.531,13.1794
DE,13583,52.5437,13.1824
DE,13585,52.5477,13.2049
DE,13587,52.5767,13.1854
DE,13589,52.557,13.1676
DE,13591,52.5345,13.1405
DE,13593,52.5148,13.1672
DE,13595,52.5116,13.1962
DE,13597,52.5272,13.2195
DE,13599,52.5463,13.235
DE,13627,52.5398,13.2991
DE,13629,52.5422,13.2661
DE,14050,52.5208,13.2683
DE,14052,52.5156,13.2569
DE,14053,52.5159,13.2387
DE,14055,52.502,13.2447
DE,14057,52.5073,13.2879
DE,14059,52.5205,13.2878
DE,14089,52.4708,13.1516
DE,14109,52.4197,13.144
DE,14129,52.4463,13.2026
DE,14131,52.517,13.4
DE,14163,52.4368,13.2385
DE,14165,52.4175,13.2536
DE,14167,52.4212,13.2765
DE,14169,52.4496,13.2573
DE,14193,52.4831,13.2365
DE,14195,52.4589,13.2829
DE,14197,52.4734,13.3118
DE,14199,52.4777,13.2951
DE,70173,48.7667,9.1833
DE,70174,48.7667,9.1833
DE,70176,48.7736,9.1641
DE,70178,48.7667,9.1833
DE,70180,48.7644,9.1678
DE,70182,48.7745,9.1821
DE,70184,48.7759,9.1798
DE,70186,48.7718,9.2042
DE,70188,48.7667,9.1833
DE,70190,48.7819,9.2079
DE,70191,48.7667,9.1833
DE,70192,48.7978,9.1921
DE,70193,48.7667,9.1833
DE,70195,48.7762,9.1304
DE,70197,48.7667,9.1833
DE,70199,48.7644,9.1678
DE,70327,48.7667,9.1833
DE,70329,48.7762,9.2788
DE,70372,48.8026,9.2177
DE,70374,48.8056,9.2141
DE,70376,48.7667,9.1833
DE,70378,48.837,9.227
DE,70435,48.8334,9.1656
DE,70437,48.7667,9.1833
DE,70439,48.8413,9.1525
DE,70469,48.7667,9.1833
DE,70499,48.8323,9.1685
DE,70563,48.7667,9.1833
DE,70565,48.7195,9.1181
DE,70567,48.7667,9.1833
DE,70569,48.7667,9.1833
DE,70597,48.7425,9.1739
DE,70599,48.7158,9.2046
DE,70619,48.7463,9.2376
DE,70629,48.7667,9.1833
DE,70734,48.8086,9.2792
DE,70736,48.8239,9.272
DE,70771,48.6941,9.1681
DE,70794,48.657,9.2205
DE,70806,48.8616,9.1857
DE,70825,48.8167,9.1167
DE,70839,48.7995,9.0632
DE,71032,48.6821,9.0117
DE,71034,48.6902,8.9705
DE,71063,48.7094,8.9988
DE,71065,48.7023,9.0219
DE,71067,48.7233,9.0077
DE,71069,48.7172,8.9684
DE,71083,48.5952,8.8665
DE,71088,48.6397,9.0115
DE,71093,48.6227,9.0635
DE,71101,48.6587,9.0601
DE,71106,48.7447,8.9668
DE,71111,48.6383,9.1326
DE,71116,48.6418,8.9007
DE,71120,48.7083,8.9183
DE,71126,48.55,8.8167
DE,71131,48.575,8.7865
DE,71134,48.6785,8.8952
DE,71139,48.6588,8.9412
DE,71144,48.6667,9.1167
DE,71149,48.5206,8.837
DE,71154,48.6225,8.8901
DE,71155,48.6311,8.9963
DE,71157,48.6242,8.966
DE,71159,48.5332,8.7745
DE,71229,48.8,9.0167
DE,71254,48.8267,9.067
DE,71263,48.7495,8.8718
DE,71272,48.7697,8.9387
DE,71277,48.8081,8.9454
DE,71282,48.8667,9.0333
DE,71287,48.8469,8.9283
DE,71332,48.8285,9.3131
DE,71334,48.843,9.31
DE,71336,48.8333,9.3
DE,71364,48.8756,9.3982
DE,71384,48.8092,9.3774
DE,71394,48.8075,9.3224
DE,71397,48.8879,9.3927
DE,71404,48.843,9.3626
DE,71409,48.8773,9.3496
DE,71522,48.9474,9.4372
DE,71540,48.9819,9.5705
DE,71543,49.0808,9.4606
DE,71546,48.9667,9.4
DE,71549,48.9333,9.5
DE,71554,48.9301,9.4769
DE,71560,49.003,9.5003
DE,71563,48.9227,9.3236
DE,71566,48.9156,9.5698
DE,71570,48.9827,9.4585
DE,71573,48.9066,9.4682
DE,71576,48.9281,9.3724
DE,71577,49.0537,9.5136
DE,71579,49.0408,9.4444
DE,71634,48.9076,9.1776
DE,71636,48.8901,9.1746
DE,71638,48.8909,9.1898
DE,71640,48.8924,9.218
DE,71642,48.907,9.2174
DE,71665,48.9356,8.9604
DE,71672,48.97,9.3286
DE,71679,48.9053,9.135
DE,71686,48.8783,9.2673
DE,71691,48.932,9.2024
DE,71696,48.8874,9.1269
DE,71701,48.8764,9.0744
DE,71706,48.9049,9.0806
DE,71711,48.9621,9.2592
DE,71717,49.0394,9.315
DE,71718,49.0621,9.367
DE,71720,49.0261,9.3208
DE,71723,49.0015,9.2935
DE,71726,48.9467,9.2421
DE,71729,48.9426,9.2962
DE,71732,48.9199,9.1156
DE,71735,48.8794,8.965
DE,71737,48.943,9.3408
DE,71739,48.9265,9.027
DE,72622,48.6256,9.342
DE,72631,48.6333,9.2667
DE,72636,48.5935,9.3601
DE,72639,48.5546,9.3755
DE,72644,48.65,9.3667
DE,72649,48.65,9.2833
DE,72654,48.5898,9.2348
DE,72655,48.5942,9.2716
DE,72657,48.5914,9.2219
DE,72658,48.5718,9.2683
DE,72660,48.5693,9.4041
DE,72663,48.5905,9.3078
DE,72664,48.5584,9.3358
DE,72666,48.6117,9.2637
DE,72667,48.6043,9.2227
DE,72669,48.6545,9.358
DE,73033,48.7075,9.6514
DE,73035,48.7,9.6667
DE,73037,48.6959,9.6647
DE,73054,48.6944,9.7009
DE,73061,48.716,9.5236
DE,73066,48.7048,9.5857
DE,73072,48.6854,9.8105
DE,73079,48.6793,9.7553
DE,73084,48.692,9.7371
DE,73087,48.6436,9.613
DE,73092,48.6618,9.6498
DE,73095,48.6914,9.5649
DE,73098,48.7308,9.6442
DE,73099,48.7623,9.5999
DE,73101,48.6356,9.5637
DE,73102,48.7473,9.6611
DE,73104,48.7538,9.6318
DE,73105,48.6408,9.6354
DE,73107,48.6526,9.6704
DE,73108,48.6402,9.6507
DE,73110,48.6665,9.5746
DE,73111,48.7101,9.8651
DE,73113,48.7365,9.7484
DE,73114,48.6532,9.7062
DE,73116,48.7599,9.6873
DE,73117,48.7293,9.6117
DE,73119,48.6488,9.5714
DE,73207,48.7107,9.4195
DE,73230,48.6468,9.4538
DE,73235,48.6157,9.5375
DE,73240,48.6712,9.3763
DE,73249,48.6931,9.4153
DE,73252,48.5581,9.4663
DE,73257,48.6833,9.3667
DE,73262,48.7101,9.4643
DE,73265,48.6167,9.45
DE,73266,48.5991,9.4915
DE,73268,48.5566,9.4321
DE,73269,48.6928,9.4649
DE,73271,48.6333,9.5167
DE,73272,48.5787,9.5645
DE,73274,48.6708,9.4572
DE,73275,48.646,9.527
DE,73277,48.5874,9.4498
DE,73278,48.6736,9.5181
DE,73312,48.6242,9.8274
DE,73326,48.5971,9.7189
DE,73329,48.6358,9.7999
DE,73333,48.6598,9.7809
DE,73337,48.5999,9.7959
DE,73342,48.5883,9.7039
DE,73344,48.5948,9.6439
DE,73345,48.5444,9.6639
DE,73347,48.5667,9.65
DE,73349,48.5613,9.6254
DE,73430,48.8409,10.0931
DE,73431,48.822,10.0654
DE,73432,48.8333,10.1
DE,73433,48.8641,10.1044
DE,73434,48.8333,10.1
DE,73441,48.8585,10.3542
DE,73447,48.7838,10.1052
DE,73450,48.7551,10.3304
DE,73453,48.895,10.0017
DE,73457,48.8086,10.0277
DE,73460,48.8927,10.1006
DE,73463,48.8833,10.1833
DE,73466,48.8713,10.2422
DE,73467,48.8792,10.4003
DE,73469,48.85,10.4333
DE,73479,48.9623,10.1545
DE,73485,48.9333,10.3667
DE,73486,48.9548,10.0047
DE,73488,49.0167,10.2167
DE,73489,49.0306,10.0975
DE,73491,48.928,10.0689
DE,73492,48.9333,10.15
DE,73494,49.0189,10.0296
DE,73495,49,10.3
DE,73497,48.9787,10.3613
DE,73499,49.0305,10.2724
DE,73525,48.7989,9.7989
DE,73527,48.8169,9.7793
DE,73529,48.7852,9.8176
DE,73540,48.7927,9.9337
DE,73547,48.7983,9.6914
DE,73550,48.7661,9.8213
DE,73553,48.8438,9.7186
DE,73557,48.8259,9.7971
DE,73560,48.8196,9.9213
DE,73563,48.8232,9.9625
DE,73565,48.8806,9.7622
DE,73566,48.7535,9.9875
DE,73568,48.8563,9.7965
DE,73569,48.8945,9.9094
DE,73571,48.8612,9.884
DE,73572,48.8522,9.9439
DE,73574,48.8317,9.8789
DE,73575,48.8494,9.8775
DE,73577,48.8828,9.8151
DE,73579,48.8734,9.9174
DE,73614,48.8054,9.5272
DE,73630,48.8151,9.4239
DE,73635,48.8852,9.5293
DE,73642,48.8768,9.6343
DE,73650,48.7992,9.4791
DE,73655,48.7988,9.5959
DE,73660,48.8168,9.5769
DE,73663,48.8667,9.4667
DE,73666,48.7422,9.4494
DE,73667,48.9302,9.639
DE,73669,48.75,9.4833
DE,73728,48.7394,9.3061
DE,73730,48.7323,9.3255
DE,73732,48.769,9.3122
DE,73733,48.75,9.3
DE,73734,48.7361,9.2977
DE,73760,48.727,9.2495
DE,73765,48.6833,9.2833
DE,73770,48.6955,9.3167
DE,73773,48.7503,9.387
DE,73776,48.7227,9.3808
DE,73779,48.7122,9.3861
DE,74072,49.1423,9.2234
DE,74074,49.1286,9.2214
DE,74076,49.1618,9.2193
DE,74078,49.1566,9.1746
DE,74080,49.1386,9.1954
DE,74081,49.1236,9.197
DE,74172,49.1891,9.2253
DE,74177,49.2344,9.2145
DE,74182,49.1361,9.3774
DE,74189,49.1513,9.2876
DE,74193,49.1449,9.0553
DE,74196,49.235,9.3322
DE,74199,49.0894,9.2752
DE,74206,49.2297,9.1565
DE,74211,49.1464,9.1169
DE,74214,49.3524,9.5088
DE,74219,49.3249,9.3584
DE,74223,49.1031,9.2108
DE,74226,49.1086,9.1278
DE,74229,49.2403,9.2533
DE,74232,49.0682,9.2907
DE,74235,49.1725,9.2683
DE,74238,49.3879,9.6355
DE,74239,49.2586,9.3894
DE,74243,49.2169,9.4049
DE,74245,49.0956,9.38
DE,74246,49.1803,9.3211
DE,74248,49.1467,9.3219
DE,74249,49.3106,9.4683
DE,74251,49.1311,9.3272
DE,74252,49.1778,9.0433
DE,74254,49.2458,9.1606
DE,74255,49.3647,9.34
DE,74257,49.2111,9.2019
DE,74259,49.3183,9.4221
DE,74321,48.9441,9.1175
DE,74336,49.0779,9.066
DE,74337,49.0651,9.064
DE,74343,48.9584,9.0708
DE,74348,49.0734,9.1457
DE,74354,48.998,9.1427
DE,74357,49.0402,9.0939
DE,74360,49.0555,9.246
DE,74363,49.0664,9.0017
DE,74366,49.045,9.1422
DE,74369,49.0036,9.1064
DE,74372,48.9667,9.0167
DE,74374,49.0561,8.9269
DE,74376,49.0283,9.1556
DE,74379,48.9611,9.1761
DE,74382,49.0469,9.19
DE,74385,48.9592,9.2031
DE,74388,49.0833,9.1931
DE,74389,49.045,9.0369
DE,74391,49.0225,9.0972
DE,74392,49.0097,9.0592
DE,74394,48.9941,9.1863
DE,74395,49.0008,9.2078
DE,74397,49.0644,8.9764
DE,74399,49.0142,9.1511
DE,74405,49.0003,9.7695
DE,74417,48.9333,9.7444
DE,74420,49.0144,9.6672
DE,74423,49.0567,9.8992
DE,74424,49.0417,9.9086
DE,74426,49.0033,9.9206
DE,74427,48.986,9.712
DE,74429,48.9667,9.85
DE,74523,49.1113,9.7391
DE,74532,49.1702,9.9183
DE,74535,49.0761,9.5564
DE,74538,49.0833,9.7
DE,74541,49.0843,9.8791
DE,74542,49.1992,9.7906
DE,74544,49.0703,9.7625
DE,74545,49.118,9.6433
DE,74547,49.1525,9.7338
DE,74549,49.1675,9.8447
DE,74564,49.1344,10.0719
DE,74572,49.2978,9.9739
DE,74575,49.3453,9.9794
DE,74579,49.0667,10.2167
DE,74582,49.2517,9.9219
DE,74585,49.25,10.0167
DE,74586,49.0833,9.9833
DE,74589,49.1695,10.0796
DE,74592,49.2006,9.9823
DE,74594,49.1333,10.1833
DE,74595,49.254,9.8567
DE,74597,49.0614,10.0927
DE,74599,49.2104,10.0622
DE,74613,49.1988,9.5072
DE,74626,49.1794,9.4383
DE,74629,49.1781,9.505
DE,74632,49.2049,9.58
DE,74635,49.2278,9.69
DE,74638,49.1847,9.6399
DE,74639,49.2564,9.5181
DE,74653,49.2818,9.6835
DE,74670,49.2887,9.5603
DE,74673,49.3403,9.8008
DE,74676,49.2952,9.616
DE,74677,49.3835,9.7073
DE,74679,49.2972,9.5953
DE,74744,49.5083,9.5269
DE,74831,49.2833,9.1604
DE,74832,49.2784,9.1944
DE,74861,49.2918,9.2698
DE,74906,49.2385,9.1018
DE,74912,49.205,8.9917
DE,74930,49.1908,8.9308
DE,74936,49.2697,9.0897
DE,75031,49.1364,8.9123
DE,75050,49.1564,8.9819
DE,75392,48.6513,8.8242
DE,89168,48.5413,10.2351
DE,89518,48.6785,10.1413
DE,89520,48.6873,10.1601
DE,89522,48.6833,10.15
DE,89537,48.5887,10.2058
DE,89542,48.6217,10.176
DE,89547,48.6225,10.0198
DE,89551,48.7432,10.1119
DE,89555,48.6909,10.0638
DE,89558,48.6833,9.9333
DE,89561,48.7,10.3667
DE,89564,48.6996,10.2421
DE,89567,48.5524,10.291
DE,89568,48.5954,10.2607
DE,97877,49.759,9.5085
DE,97896,49.7535,9.3275
DE,97900,49.6694,9.5236
DE,97922,49.5653,9.7082
DE,97941,49.6247,9.6628
DE,97944,49.4796,9.6401
DE,97947,49.6095,9.7472
DE,97950,49.6654,9.7336
DE,97953,49.6203,9.5958
DE,97956,49.6708,9.6394
DE,97957,49.6192,9.8422
DE,97959,49.4281,9.6861
DE,97980,49.4925,9.7736
DE,97990,49.4787,9.8998
DE,97993,49.4694,10.0312
DE,97996,49.4,9.9194
DE,97999,49.4944,9.8169
DE,68159,49.4934,8.4653
DE,68161,49.4873,8.4695
DE,68163,49.4883,8.4647
DE,68165,49.4772,8.4818
DE,68167,49.4996,8.4939
DE,68169,49.503,8.4693
DE,68199,49.4598,8.4881
DE,68219,49.4883,8.4647
DE,68229,49.4883,8.4647
DE,68239,49.4883,8.4647
DE,68259,49.4903,8.5339
DE,68305,49.5257,8.4965
DE,68307,49.5461,8.4488
DE,68309,49.5121,8.5316
DE,68526,49.4731,8.609
DE,68535,49.4572,8.6064
DE,68542,49.5056,8.6036
DE,68549,49.474,8.5674
DE,68723,49.3653,8.5831
DE,68753,49.2499,8.5126
DE,68766,49.3233,8.5519
DE,68775,49.3678,8.5311
DE,68782,49.3972,8.5336
DE,68789,49.2659,8.618
DE,68794,49.2739,8.4717
DE,68799,49.2983,8.5642
DE,68804,49.3017,8.4992
DE,68809,49.2981,8.5183
DE,69115,49.4062,8.6868
DE,69117,49.4095,8.6935
DE,69118,49.4194,8.7345
DE,69120,49.4169,8.6764
DE,69121,49.4322,8.6824
DE,69123,49.4167,8.7
DE,69124,49.3829,8.6656
DE,69126,49.3757,8.6911
DE,69151,49.389,8.7959
DE,69168,49.295,8.6985
DE,69181,49.3474,8.6873
DE,69190,49.3064,8.6424
DE,69198,49.4737,8.6636
DE,69207,49.3428,8.6592
DE,69214,49.4019,8.6364
DE,69221,49.4503,8.6747
DE,69226,49.3239,8.6956
DE,69231,49.2694,8.7034
DE,69234,49.2842,8.7381
DE,69242,49.2486,8.7267
DE,69245,49.3561,8.7794
DE,69250,49.4366,8.8088
DE,69251,49.3664,8.7497
DE,69253,49.4833,8.795
DE,69254,49.2472,8.6828
DE,69256,49.3408,8.8003
DE,69257,49.3614,8.8036
DE,69259,49.4706,8.7536
DE,69412,49.4668,8.9902
DE,69427,49.5344,9.2044
DE,69429,49.4592,9.0919
DE,69434,49.4803,8.8281
DE,69436,49.4111,8.9278
DE,69437,49.4,9.0667
DE,69439,49.4192,9.0406
DE,69469,49.5489,8.667
DE,69493,49.5062,8.6657
DE,69502,49.5907,8.6478
DE,69514,49.6133,8.6539
DE,71292,48.8333,8.8333
DE,71296,48.8066,8.8674
DE,71297,48.8667,8.8667
DE,71299,48.85,8.8333
DE,72160,48.4889,8.6734
DE,72178,48.5,8.5667
DE,72184,48.4833,8.75
DE,72186,48.3926,8.7104
DE,72202,48.5498,8.7237
DE,72213,48.5865,8.604
DE,72218,48.6234,8.7452
DE,72221,48.5207,8.6443
DE,72224,48.5833,8.6833
DE,72226,48.6167,8.5167
DE,72227,48.5667,8.6167
DE,72229,48.5667,8.7
DE,72250,48.467,8.4137
DE,72270,48.5032,8.377
DE,72275,48.3451,8.402
DE,72280,48.472,8.4982
DE,72285,48.5265,8.5658
DE,72290,48.4,8.45
DE,72291,48.3667,8.4833
DE,72293,48.4425,8.5112
DE,72294,48.5729,8.5454
DE,72296,48.4548,8.5513
DE,72297,48.5919,8.4178
DE,72299,48.5667,8.5667
DE,74706,49.43,9.4225
DE,74722,49.52,9.324
DE,74731,49.5836,9.3664
DE,74736,49.6119,9.4719
DE,74740,49.4015,9.3925
DE,74743,49.4422,9.3342
DE,74746,49.6025,9.4286
DE,74747,49.3939,9.5325
DE,74749,49.4558,9.4731
DE,74821,49.3536,9.1511
DE,74834,49.3897,9.2106
DE,74838,49.4619,9.2111
DE,74842,49.3486,9.2539
DE,74847,49.3519,9.0908
DE,74850,49.3956,9.2728
DE,74855,49.3,9.15
DE,74858,49.3569,8.9869
DE,74862,49.3683,9.0581
DE,74864,49.4314,9.1506
DE,74865,49.3192,9.1328
DE,74867,49.3869,9.0106
DE,74869,49.3711,8.9832
DE,74889,49.2529,8.8787
DE,74909,49.3217,8.8194
DE,74915,49.2951,8.9177
DE,74918,49.2331,8.7705
DE,74921,49.31,9
DE,74924,49.2963,8.9638
DE,74925,49.3392,8.9078
DE,74927,49.3194,8.8653
DE,74928,49.2919,9.0817
DE,74931,49.3664,8.8917
DE,74933,49.3167,8.8847
DE,74934,49.355,8.9453
DE,74937,49.3464,8.8833
DE,74939,49.2964,8.8225
DE,75015,49.0369,8.7075
DE,75038,49.0656,8.8031
DE,75045,49.0257,8.5861
DE,75053,49.0592,8.6583
DE,75056,49.1047,8.8558
DE,75057,49.0775,8.8456
DE,75059,49.1067,8.8128
DE,75172,48.8919,8.6985
DE,75173,48.8833,8.7
DE,75175,48.8915,8.7156
DE,75177,48.8833,8.7
DE,75179,48.9006,8.6697
DE,75180,48.8696,8.6704
DE,75181,48.8851,8.7307
DE,75196,48.9513,8.5732
DE,75203,48.9659,8.6057
DE,75210,48.9,8.5833
DE,75217,48.8667,8.6333
DE,75223,48.9167,8.7833
DE,75228,48.9167,8.6667
DE,75233,48.824,8.8013
DE,75236,48.93,8.6448
DE,75239,48.95,8.6667
DE,75242,48.7926,8.7765
DE,75245,48.9667,8.7
DE,75248,48.9667,8.75
DE,75249,48.9333,8.75
DE,75305,48.8452,8.5957
DE,75323,48.75,8.55
DE,75328,48.7871,8.645
DE,75331,48.8333,8.65
DE,75334,48.8466,8.5431
DE,75335,48.8,8.5
DE,75337,48.6664,8.4708
DE,75339,48.8,8.5833
DE,75365,48.7142,8.7403
DE,75378,48.7743,8.7297
DE,75382,48.7232,8.7943
DE,75385,48.6905,8.6928
DE,75387,48.6609,8.6961
DE,75389,48.6667,8.6
DE,75391,48.6953,8.8291
DE,75394,48.7333,8.6667
DE,75395,48.7263,8.8482
DE,75397,48.7513,8.8114
DE,75399,48.825,8.7088
DE,75417,48.9475,8.8367
DE,75428,48.9562,8.9246
DE,75433,48.9996,8.8034
DE,75438,49.0249,8.7561
DE,75443,48.9667,8.8
DE,75446,48.8833,8.85
DE,75447,49.0514,8.8508
DE,75449,48.8667,8.8167
DE,76006,49.008,8.42
DE,76131,49.0078,8.4199
DE,76133,49.0083,8.3979
DE,76135,48.9907,8.3719
DE,76137,49.0019,8.4287
DE,76139,49.0047,8.3858
DE,76149,49.0401,8.3936
DE,76185,49.0111,8.3601
DE,76187,49.0224,8.3742
DE,76189,49.0148,8.3521
DE,76199,48.9661,8.4043
DE,76227,49.0003,8.4776
DE,76228,49.0047,8.3858
DE,76229,49.0047,8.3858
DE,76275,48.9409,8.4076
DE,76287,48.9685,8.307
DE,76297,49.0967,8.4896
DE,76307,48.9167,8.5
DE,76316,48.8833,8.3333
DE,76327,49.0044,8.5209
DE,76332,48.7979,8.4362
DE,76337,48.9183,8.4923
DE,76344,49.0901,8.3988
DE,76351,49.132,8.4124
DE,76356,49.0546,8.5268
DE,76359,48.8667,8.45
DE,76437,48.8585,8.2096
DE,76448,48.9333,8.2667
DE,76456,48.8279,8.2542
DE,76461,48.8667,8.2833
DE,76467,48.9092,8.252
DE,76470,48.8909,8.2344
DE,76473,48.8217,8.1431
DE,76474,48.95,8.2333
DE,76476,48.8377,8.2841
DE,76477,48.9333,8.2167
DE,76479,48.901,8.1969
DE,76530,48.7663,8.2031
DE,76532,48.8038,8.1308
DE,76534,48.715,8.1442
DE,76547,48.7667,8.1667
DE,76549,48.8,8.1167
DE,76571,48.8,8.3333
DE,76593,48.7703,8.3431
DE,76596,48.6833,8.35
DE,76597,48.7721,8.3846
DE,76599,48.7276,8.3538
DE,76646,49.1243,8.598
DE,76661,49.2317,8.4607
DE,76669,49.2069,8.6436
DE,76676,49.1669,8.4924
DE,76684,49.2191,8.7119
DE,76689,49.1347,8.5303
DE,76694,49.1586,8.5808
DE,76698,49.163,8.6316
DE,76703,49.1396,8.7715
DE,76706,49.1717,8.4242
DE,76707,49.19,8.5406
DE,76709,49.2225,8.6311
DE,77776,48.4,8.3333
DE,77815,48.6968,8.1352
DE,77830,48.6857,8.1888
DE,77833,48.6702,8.1132
DE,77836,48.7583,8.05
DE,77839,48.7261,8.0049
DE,72172,48.3624,8.6331
DE,72175,48.3501,8.509
DE,72189,48.3345,8.6639
DE,77652,48.4765,7.9438
DE,77654,48.4651,7.9559
DE,77656,48.4639,7.9313
DE,77694,48.573,7.8152
DE,77704,48.5324,8.0786
DE,77709,48.2932,8.2158
DE,77716,48.2777,8.0894
DE,77723,48.4048,8.0143
DE,77728,48.4733,8.1597
DE,77731,48.5407,7.8931
DE,77736,48.3465,8.067
DE,77740,48.4333,8.2167
DE,77743,48.45,7.825
DE,77746,48.45,7.8833
DE,77749,48.4167,7.9167
DE,77756,48.2843,8.176
DE,77761,48.2893,8.3417
DE,77767,48.5333,7.9833
DE,77770,48.4935,8.0174
DE,77773,48.312,8.3721
DE,77781,48.3333,8.0333
DE,77784,48.3736,8.1254
DE,77787,48.4,8.0833
DE,77790,48.3,8.05
DE,77791,48.406,7.9867
DE,77793,48.2484,8.2129
DE,77794,48.5207,8.1151
DE,77796,48.25,8.1167
DE,77797,48.4322,7.9938
DE,77799,48.4516,7.9718
DE,77855,48.6312,8.0761
DE,77866,48.666,7.9366
DE,77871,48.5885,8.0132
DE,77876,48.5918,8.1169
DE,77880,48.6397,8.0937
DE,77883,48.5667,8.15
DE,77886,48.65,8.1333
DE,77887,48.6167,8.1333
DE,77889,48.5762,8.1705
DE,77933,48.3372,7.8704
DE,77944,48.367,7.883
DE,77948,48.3667,7.8833
DE,77955,48.257,7.8125
DE,77960,48.3106,7.9407
DE,77963,48.3667,7.7624
DE,77966,48.2838,7.766
DE,77971,48.2956,7.8251
DE,77972,48.2864,7.8141
DE,77974,48.4103,7.7727
DE,77975,48.2477,7.7782
DE,77977,48.2667,7.7333
DE,77978,48.2667,7.95
DE,78048,48.0667,8.45
DE,78050,48.0667,8.45
DE,78052,48.0667,8.45
DE,78054,48.0667,8.45
DE,78056,48.0667,8.45
DE,78073,48.0209,8.5306
DE,78078,48.1333,8.5333
DE,78083,48.0899,8.5501
DE,78086,48.0167,8.4667
DE,78087,48.1004,8.4222
DE,78089,48.0795,8.3657
DE,78098,48.1363,8.2365
DE,78112,48.1272,8.3351
DE,78120,48.0516,8.2071
DE,78126,48.1381,8.4197
DE,78132,48.2107,8.2327
DE,78136,48.1423,8.2029
DE,78141,48.1055,8.2039
DE,78144,48.1904,8.3518
DE,78147,48.05,8.3
DE,78148,48.05,8.15
DE,78166,47.9551,8.4971
DE,78176,47.8406,8.5333
DE,78183,47.9254,8.4883
DE,78187,47.925,8.65
DE,78194,47.9333,8.7333
DE,78199,47.9296,8.4481
DE,78224,47.7593,8.8403
DE,78234,47.8553,8.7734
DE,78239,47.7346,8.8401
DE,78244,47.7351,8.7769
DE,78247,47.7667,8.7833
DE,78250,47.8213,8.6612
DE,78253,47.858,8.8978
DE,78256,47.8,8.9333
DE,78259,47.811,8.8122
DE,78262,47.7,8.75
DE,78266,47.7,8.6833
DE,78267,47.8424,8.8538
DE,78269,47.8167,8.8667
DE,78315,47.7419,8.971
DE,78333,47.8511,9.0091
DE,78337,47.6619,8.8867
DE,78343,47.6833,8.9833
DE,78345,47.7244,8.9348
DE,78351,47.8182,9.0554
DE,78355,47.885,9.1082
DE,78357,47.9167,9.0167
DE,78359,47.8427,8.9591
DE,78462,47.6613,9.1752
DE,78464,47.6723,9.1834
DE,78465,47.6667,9.1833
DE,78467,47.6744,9.1649
DE,78476,47.7154,9.0714
DE,78479,47.6889,9.0635
DE,78532,47.9846,8.8177
DE,78549,48.0748,8.7351
DE,78554,48.1,8.7
DE,78559,48.1343,8.7543
DE,78564,48.1453,8.7915
DE,78567,48.0196,8.9232
DE,78570,48.0312,8.8836
DE,78573,48,8.7833
DE,78576,47.9333,8.8833
DE,78579,47.9726,8.9276
DE,78580,48.0667,8.9333
DE,78582,48.0667,8.7667
DE,78583,48.1,8.8
DE,78585,48.1167,8.8333
DE,78586,48.1741,8.7853
DE,78588,48.1111,8.7382
DE,78589,48.0562,8.7934
DE,78591,48.0397,8.6749
DE,78592,48.1172,8.8564
DE,78594,48.05,8.7
DE,78595,48.0537,8.7247
DE,78597,48.0667,8.9667
DE,78598,48.1,8.8667
DE,78600,48.0523,8.8896
DE,78601,48.0748,8.8351
DE,78603,48.0833,8.9
DE,78604,48.0167,8.7667
DE,78606,48.0167,8.7167
DE,78607,48.0167,8.6667
DE,78609,48.0333,8.6
DE,78628,48.1678,8.6272
DE,78647,48.0767,8.6441
DE,78652,48.1123,8.6074
DE,78655,48.2124,8.5062
DE,78658,48.1666,8.5944
DE,78661,48.2048,8.6486
DE,78662,48.2333,8.55
DE,78664,48.25,8.4667
DE,78665,48.1271,8.7077
DE,78667,48.2,8.5833
DE,78669,48.1474,8.7037
DE,78713,48.224,8.3858
DE,78727,48.3005,8.5738
DE,78730,48.2333,8.35
DE,78733,48.2672,8.4023
DE,78736,48.25,8.6
DE,78737,48.2917,8.4917
DE,78739,48.1833,8.4167
DE,79098,47.9942,7.847
DE,79100,47.9809,7.8327
DE,79102,48,7.85
DE,79104,48.0098,7.8545
DE,79106,48,7.85
DE,79108,48.0339,7.8418
DE,79110,48.0207,7.8167
DE,79111,47.9809,7.7957
DE,79112,48,7.85
DE,79114,48.0018,7.818
DE,79115,47.9793,7.822
DE,79117,47.9874,7.8945
DE,79183,48.0959,7.9637
DE,79189,47.9167,7.7
DE,79194,48.0425,7.8657
DE,79199,47.9667,7.95
DE,79206,48.0328,7.5829
DE,79211,48.0667,7.8833
DE,79215,48.1725,8.0699
DE,79219,47.8823,7.7282
DE,79224,48.0333,7.7667
DE,79227,47.9585,7.7575
DE,79232,48.0681,7.7788
DE,79235,48.0833,7.6333
DE,79238,47.9156,7.7519
DE,79241,48.043,7.6476
DE,79244,47.85,7.7833
DE,79249,47.9667,7.8333
DE,79252,47.9833,7.9667
DE,79254,47.9333,7.95
DE,79256,47.9614,8.0091
DE,79258,47.9333,7.6333
DE,79261,48.1167,7.9833
DE,79263,48.1004,8.0525
DE,79268,48.0764,7.7248
DE,79271,48.0147,8.0329
DE,79274,48.008,8.0928
DE,79276,48.0833,7.8167
DE,79279,48.0667,7.85
DE,79280,47.95,7.8333
DE,79282,47.8583,7.6917
DE,79283,47.9214,7.7899
DE,79285,47.9578,7.7765
DE,79286,48.0508,7.9634
DE,79288,48.05,7.7333
DE,79289,47.9333,7.8667
DE,79291,48.0167,7.6833
DE,79292,47.9333,7.75
DE,79294,47.9333,7.8167
DE,79295,47.8412,7.7078
DE,79297,48.144,8.0469
DE,79299,47.95,7.8167
DE,79312,48.121,7.8536
DE,79331,48.1295,7.8121
DE,79336,48.2188,7.7775
DE,79341,48.1963,7.7697
DE,79346,48.1333,7.7
DE,79348,48.1667,7.9167
DE,79350,48.1021,7.9076
DE,79353,48.1228,7.7389
DE,79356,48.0833,7.7333
DE,79359,48.15,7.75
DE,79361,48.1333,7.6167
DE,79362,48.1667,7.7
DE,79364,48.1572,7.7861
DE,79365,48.2266,7.7109
DE,79367,48.1994,7.6771
DE,79369,48.1667,7.65
DE,79379,47.8082,7.6303
DE,79395,47.8143,7.5601
DE,79400,47.7139,7.6624
DE,79410,47.8022,7.6724
DE,79415,47.7315,7.5576
DE,79418,47.757,7.5764
DE,79423,47.8747,7.6572
DE,79424,47.7833,7.6
DE,79426,47.8475,7.638
DE,79427,47.891,7.6554
DE,79429,47.7333,7.7083
DE,79513,47.6324,7.6594
DE,79539,47.6181,7.6589
DE,79540,47.6167,7.6667
DE,79541,47.6335,7.6922
DE,79576,47.5933,7.6208
DE,79578,47.65,7.733
DE,79585,47.65,7.7333
DE,79588,47.65,7.5667
DE,79589,47.6333,7.6167
DE,79591,47.6333,7.6
DE,79592,47.65,7.6
DE,79594,47.5885,7.6909
DE,79595,47.6412,7.642
DE,79597,47.65,7.6333
DE,79599,47.6553,7.6511
DE,79618,47.5723,7.7842
DE,79639,47.55,7.6833
DE,79650,47.6511,7.8209
DE,79664,47.6298,7.9042
DE,79669,47.7055,7.8525
DE,79674,47.8294,7.9438
DE,79677,47.7862,7.8944
DE,79682,47.7401,8.0018
DE,79683,47.7739,7.8272
DE,79685,47.7417,7.9083
DE,79686,47.6534,7.8972
DE,79688,47.6833,7.85
DE,79689,47.6463,7.7821
DE,79691,47.7956,7.8274
DE,79692,47.7507,7.8297
DE,79694,47.8,7.9167
DE,79695,47.8414,7.882
DE,79697,47.7479,7.7675
DE,79699,47.688,7.798
DE,79713,47.5537,7.9461
DE,79725,47.5651,8.0604
DE,79730,47.5549,8.0218
DE,79733,47.6427,8.0748
DE,79736,47.619,7.9787
DE,79737,47.6667,8
DE,79739,47.5931,7.8784
DE,79761,47.6232,8.2172
DE,79771,47.65,8.4
DE,79774,47.5908,8.1295
DE,79777,47.7167,8.3167
DE,79780,47.7458,8.4481
DE,79787,47.627,8.3144
DE,79790,47.6,8.32
DE,79793,47.6602,8.3675
DE,79798,47.65,8.5667
DE,79801,47.57,8.4325
DE,79802,47.6233,8.4851
DE,79804,47.6095,8.1671
DE,79805,47.7,8.4
DE,79807,47.6333,8.5667
DE,79809,47.6667,8.2333
DE,79822,47.921,8.1906
DE,79837,47.75,8.1667
DE,79843,47.8841,8.3438
DE,79848,47.8186,8.3414
DE,79853,47.8683,8.2021
DE,79856,47.9028,8.107
DE,79859,47.8167,8.1833
DE,79862,47.7333,8.1667
DE,79865,47.775,8.2573
DE,79868,47.865,8.0704
DE,79871,47.9667,8.2667
DE,79872,47.8002,8.0383
DE,79874,47.9333,8.0833
DE,79875,47.7295,8.1
DE,79877,47.9178,8.2563
DE,79879,47.8333,8.4333
DE,88637,48.0104,8.986
DE,72070,48.5241,9.0177
DE,72072,48.5166,9.0581
DE,72074,48.5311,9.0705
DE,72076,48.5369,9.0536
DE,72108,48.4796,8.95
DE,72116,48.4057,9.0542
DE,72119,48.5534,8.9722
DE,72124,48.5593,9.2075
DE,72127,48.5229,9.1198
DE,72131,48.4167,9.0333
DE,72135,48.6076,9.1004
DE,72138,48.5331,9.1473
DE,72141,48.587,9.1814
DE,72144,48.4536,9.0555
DE,72145,48.4125,8.8874
DE,72147,48.431,9.0699
DE,72149,48.4833,8.8833
DE,72181,48.4333,8.8167
DE,72336,48.2753,8.8546
DE,72348,48.2864,8.7236
DE,72351,48.2877,8.8124
DE,72355,48.21,8.7595
DE,72356,48.242,8.7414
DE,72358,48.2369,8.7733
DE,72359,48.2285,8.7923
DE,72361,48.1983,8.8363
DE,72362,48.1326,8.8915
DE,72364,48.163,8.8611
DE,72365,48.1937,8.7952
DE,72367,48.1898,8.7649
DE,72369,48.2205,8.7193
DE,72379,48.3515,8.9632
DE,72393,48.2911,9.1129
DE,72401,48.3661,8.8036
DE,72406,48.3101,8.9174
DE,72411,48.3889,8.977
DE,72414,48.3817,8.8894
DE,72415,48.3323,8.887
DE,72417,48.3279,9.041
DE,72419,48.2477,9.1831
DE,72458,48.2135,9.0263
DE,72459,48.2167,9.0167
DE,72461,48.251,9.0182
DE,72469,48.1832,8.9657
DE,72474,48.1833,9.1167
DE,72475,48.244,9.0914
DE,72477,48.1,9
DE,72479,48.178,9.0906
DE,72488,48.0883,9.2303
DE,72501,48.2524,9.2235
DE,72505,48.0165,9.2476
DE,72510,48.1167,9.0833
DE,72511,48.1113,9.2724
DE,72513,48.216,9.2317
DE,72514,48.0703,9.18
DE,72516,48.0729,9.2949
DE,72517,48.0659,9.2621
DE,72519,48.1851,9.2108
DE,72525,48.4113,9.497
DE,72531,48.346,9.3086
DE,72532,48.3998,9.3906
DE,72534,48.2753,9.4776
DE,72535,48.4472,9.6731
DE,72537,48.3761,9.566
DE,72539,48.2764,9.36
DE,72555,48.537,9.2833
DE,72574,48.4911,9.4001
DE,72581,48.5308,9.3446
DE,72582,48.524,9.4615
DE,72584,48.5198,9.4079
DE,72585,48.5603,9.2688
DE,72587,48.483,9.5473
DE,72589,48.5151,9.6242
DE,72661,48.565,9.3019
DE,72760,48.5094,9.204
DE,72762,48.4845,9.1939
DE,72764,48.4931,9.2125
DE,72766,48.511,9.2232
DE,72768,48.4833,9.2167
DE,72770,48.4942,9.1666
DE,72793,48.4646,9.228
DE,72800,48.4869,9.2595
DE,72805,48.4396,9.2528
DE,72810,48.4535,9.0958
DE,72813,48.4833,9.3167
DE,72818,48.3084,9.2449
DE,72820,48.3833,9.1833
DE,72827,48.5167,9.15
DE,72829,48.3934,9.3049
DE,73340,48.5788,9.8739
DE,78354,47.7968,9.0974
DE,88045,47.6544,9.4726
DE,88046,47.6578,9.4852
DE,88048,47.6727,9.4299
DE,88069,47.6686,9.5913
DE,88074,47.7,9.5667
DE,88079,47.5976,9.5971
DE,88085,47.5986,9.5416
DE,88086,47.665,9.359
DE,88090,47.6653,9.359
DE,88094,47.7241,9.4698
DE,88097,47.6248,9.542
DE,88099,47.6574,9.7033
DE,88147,47.6333,9.7167
DE,88212,47.7815,9.6183
DE,88213,47.7715,9.5575
DE,88214,47.7814,9.6118
DE,88239,47.6895,9.8325
DE,88250,47.8101,9.6386
DE,88255,47.8286,9.6516
DE,88260,47.6667,9.9333
DE,88263,47.8,9.5
DE,88267,47.7667,9.7667
DE,88271,47.8661,9.4262
DE,88273,47.8667,9.5833
DE,88276,47.8167,9.6
DE,88279,47.7,9.75
DE,88281,47.77,9.6735
DE,88284,47.8947,9.612
DE,88285,47.7101,9.6884
DE,88287,47.7442,9.6559
DE,88289,47.7571,9.7134
DE,88299,47.8267,10.0205
DE,88316,47.6926,10.0386
DE,88317,47.893,10.0784
DE,88319,47.9333,10.0833
DE,88326,47.9508,9.6374
DE,88339,47.9203,9.7549
DE,88348,48.0285,9.5936
DE,88353,47.7889,9.8838
DE,88356,47.95,9.3833
DE,88361,47.9333,9.5
DE,88364,47.8203,9.7949
DE,88367,48.0295,9.3774
DE,88368,47.85,9.75
DE,88370,47.9,9.5167
DE,88371,47.9667,9.5833
DE,88373,47.8833,9.4833
DE,88374,47.95,9.45
DE,88376,47.9333,9.4167
DE,88377,47.9093,9.4285
DE,88379,47.9,9.4667
DE,88400,48.0934,9.7905
DE,88410,47.908,9.8969
DE,88416,48.0653,9.9757
DE,88422,48.0833,9.6
DE,88427,48.0186,9.6834
DE,88430,48.013,10.0303
DE,88433,48.1702,9.7943
DE,88436,48,9.8167
DE,88437,48.1333,9.8833
DE,88441,48.0833,9.75
DE,88444,48.0667,9.8333
DE,88447,48.1286,9.7975
DE,88448,48.1333,9.7
DE,88450,48.0426,10.0823
DE,88451,48.1,10.1167
DE,88453,48.09,10.073
DE,88454,48.0256,9.7878
DE,88456,48.0255,9.742
DE,88457,48.0833,10.1333
DE,88459,48,10.0833
DE,88471,48.2279,9.8787
DE,88477,48.1742,9.9754
DE,88480,48.2589,9.8975
DE,88481,48.1833,10.0833
DE,88483,48.2333,9.9333
DE,88484,48.1167,9.9833
DE,88486,48.1333,10.0833
DE,88487,48.1833,9.9
DE,88489,48.189,10.0209
DE,88499,48.2339,9.5178
DE,88512,48.0495,9.3301
DE,88515,48.1485,9.3776
DE,88518,48.0667,9.4333
DE,88521,48.1,9.4667
DE,88524,48.15,9.6167
DE,88525,48.1167,9.5333
DE,88527,48.1673,9.5222
DE,88529,48.234,9.4623
DE,88605,47.9437,9.1083
DE,88630,47.9261,9.2578
DE,88631,48.05,8.9667
DE,88633,47.8209,9.3128
DE,88634,47.85,9.2
DE,88636,47.8623,9.3724
DE,88639,47.9333,9.1667
DE,88662,47.7698,9.1714
DE,88677,47.7192,9.3903
DE,88682,47.7626,9.2903
DE,88690,47.7333,9.25
DE,88693,47.8,9.4
DE,88696,47.8097,9.1717
DE,88697,47.7333,9.35
DE,88699,47.8144,9.2735
DE,88709,47.6942,9.2711
DE,88718,47.7126,9.2678
DE,88719,47.6901,9.2986
DE,89040,48.417,9.964
DE,89073,48.4015,9.9927
DE,89075,48.4171,9.9635
DE,89077,48.3981,9.97
DE,89079,48.3568,9.9601
DE,89081,48.4391,9.9823
DE,89129,48.5289,10.0991
DE,89134,48.4181,9.9106
DE,89143,48.4122,9.7843
DE,89150,48.4943,9.7431
DE,89155,48.3284,9.8875
DE,89160,48.467,9.9443
DE,89165,48.2107,10.0716
DE,89171,48.3167,10.0167
DE,89173,48.5434,9.92
DE,89174,48.5833,10.0333
DE,89176,48.5296,10.1917
DE,89177,48.5542,10.077
DE,89179,48.4833,9.9833
DE,89180,48.464,9.7611
DE,89182,48.4996,10.0258
DE,89183,48.5312,9.9952
DE,89185,48.2797,9.9425
DE,89186,48.2702,10.0515
DE,89188,48.5113,9.755
DE,89189,48.5468,10.0197
DE,89191,48.5419,9.8289
DE,89192,48.5181,10.172
DE,89194,48.2728,9.9929
DE,89195,48.3,9.9914
DE,89197,48.5525,9.9961
DE,89198,48.5192,9.9549
DE,89584,48.2562,9.5803
DE,89597,48.2119,9.6251
DE,89601,48.3758,9.7327
DE,89604,48.3305,9.7242
DE,89605,48.328,9.7704
DE,89607,48.2119,9.6565
DE,89608,48.2667,9.7833
DE,89610,48.3,9.8333
DE,89611,48.2328,9.5724
DE,89613,48.1667,9.6667
DE,89614,48.2864,9.8026
DE,89616,48.2348,9.6896
DE,89617,48.2392,9.6098
DE,89619,48.2031,9.6884
DE,80331,48.1345,11.571
DE,80333,48.1452,11.5668
DE,80335,48.1427,11.5552
DE,80336,48.1345,11.559
DE,80337,48.1224,11.5449
DE,80339,48.1388,11.5341
DE,80469,48.1299,11.5732
DE,80538,48.1401,11.5885
DE,80539,48.15,11.5833
DE,80634,48.1492,11.5328
DE,80636,48.1558,11.5409
DE,80637,48.1725,11.5284
DE,80638,48.1595,11.4932
DE,80639,48.1526,11.5154
DE,80686,48.138,11.507
DE,80687,48.1414,11.502
DE,80689,48.1291,11.4895
DE,80796,48.15,11.5833
DE,80797,48.1611,11.5586
DE,80798,48.15,11.5833
DE,80799,48.15,11.5833
DE,80801,48.15,11.5833
DE,80802,48.1665,11.5903
DE,80803,48.15,11.5833
DE,80804,48.1738,11.5858
DE,80805,48.1725,11.5964
DE,80807,48.1827,11.5759
DE,80809,48.1787,11.5617
DE,80933,48.2225,11.548
DE,80935,48.2043,11.5585
DE,80937,48.1974,11.5721
DE,80939,48.2054,11.6238
DE,80992,48.1776,11.5169
DE,80993,48.1823,11.5331
DE,80995,48.1976,11.5181
DE,80997,48.1834,11.4784
DE,80999,48.1853,11.4643
DE,81241,48.1475,11.4635
DE,81243,48.1465,11.4506
DE,81245,48.1616,11.4141
DE,81247,48.1662,11.4673
DE,81248,48.1616,11.4141
DE,81249,48.15,11.5833
DE,81369,48.1125,11.5306
DE,81371,48.1167,11.5478
DE,81373,48.1171,11.5393
DE,81375,48.1188,11.4917
DE,81377,48.1204,11.5001
DE,81379,48.0988,11.5204
DE,81475,48.15,11.5833
DE,81476,48.0844,11.4923
DE,81477,48.0834,11.5036
DE,81479,48.0915,11.5392
DE,81539,48.1102,11.5899
DE,81541,48.1159,11.5795
DE,81543,48.1203,11.5733
DE,81545,48.0827,11.5619
DE,81547,48.0982,11.5821
DE,81549,48.1089,11.6074
DE,81667,48.1285,11.5975
DE,81669,48.1226,11.6035
DE,81671,48.1223,11.6205
DE,81673,48.1265,11.6317
DE,81675,48.1352,11.6039
DE,81677,48.1381,11.6147
DE,81679,48.1512,11.6103
DE,81735,48.1134,11.6466
DE,81737,48.1098,11.6183
DE,81739,48.15,11.5833
DE,81825,48.118,11.6612
DE,81827,48.1147,11.6972
DE,81829,48.1404,11.6802
DE,81925,48.1642,11.6218
DE,81927,48.1611,11.6394
DE,81929,48.1408,11.6366
DE,82008,48.066,11.6156
DE,82024,48.0486,11.617
DE,82031,48.0395,11.5232
DE,82032,48.0182,11.5888
DE,82041,48.0245,11.5974
DE,82049,48.0612,11.5215
DE,82054,47.9586,11.5674
DE,82057,47.95,11.4333
DE,82061,48.0932,11.4656
DE,82064,48.0049,11.5141
DE,82065,48.0203,11.4869
DE,82067,47.9889,11.4434
DE,82069,47.9903,11.4559
DE,82110,48.1339,11.3765
DE,82131,48.0692,11.377
DE,82140,48.2,11.3333
DE,82152,48.1,11.4
DE,82166,48.1188,11.4294
DE,82178,48.15,11.35
DE,82194,48.2,11.3667
DE,82205,48.1075,11.2936
DE,82211,47.9989,11.1768
DE,82216,48.2167,11.2667
DE,82223,48.1667,11.3167
DE,82229,48.0351,11.214
DE,82234,48.0745,11.2482
DE,82237,48.0725,11.2017
DE,82239,48.1403,11.3014
DE,82256,48.179,11.2547
DE,82266,48.0764,11.1523
DE,82269,48.1174,11.0322
DE,82272,48.1556,11.0785
DE,82275,48.1833,11.2833
DE,82276,48.1833,11.1167
DE,82278,48.2333,11.0667
DE,82279,48.0833,11.1167
DE,82281,48.2833,11.1667
DE,82282,48.2833,11.1667
DE,82284,48.1167,11.1667
DE,82285,48.2223,11.1155
DE,82287,48.1667,11.1333
DE,82288,48.1167,11.1333
DE,82290,48.1667,11.1667
DE,82291,48.2084,11.1633
DE,82293,48.25,11.1
DE,82294,48.2382,11.1557
DE,82296,48.1413,11.204
DE,82299,48.1053,11.083
DE,82319,48.0019,11.3442
DE,82327,47.9094,11.2803
DE,82335,47.9674,11.3545
DE,82340,47.946,11.2933
DE,82343,47.9667,11.3
DE,82346,47.9746,11.1828
DE,82347,47.866,11.2939
DE,82349,48.1,11.4
DE,82362,47.8376,11.1489
DE,82377,47.7529,11.377
DE,82380,47.8047,11.0699
DE,82383,47.8,11
DE,82386,47.7667,11.1667
DE,82387,47.7513,11.3085
DE,82389,47.7556,10.9888
DE,82390,47.7917,11.2
DE,82392,47.7333,11.2833
DE,82393,47.7667,11.3167
DE,82395,47.7333,11.2167
DE,82396,47.9,11.1833
DE,82398,47.811,11.1324
DE,82399,47.9167,11.1
DE,82401,47.7333,10.9667
DE,82402,47.8247,11.3022
DE,82404,47.7246,11.3329
DE,82405,47.8741,11.0246
DE,82407,47.874,11.1592
DE,82409,47.7015,10.9375
DE,82418,47.6893,11.185
DE,82431,47.6586,11.3682
DE,82432,47.6167,11.35
DE,82433,47.6667,11.05
DE,82435,47.6833,11
DE,82436,47.7333,11.1833
DE,82438,47.6,11.1833
DE,82439,47.676,11.3011
DE,82441,47.6333,11.2333
DE,82442,47.6664,11.0247
DE,82444,47.658,11.3149
DE,82445,47.6167,11.15
DE,82447,47.7167,11.2
DE,82449,47.7167,11.15
DE,82467,47.4921,11.0958
DE,82481,47.4422,11.2619
DE,82487,47.5981,11.0669
DE,82488,47.5667,11.1
DE,82490,47.5304,11.1115
DE,82491,47.4761,11.0241
DE,82493,47.5,11.2833
DE,82494,47.5052,11.2792
DE,82496,47.5598,11.1392
DE,82497,47.6166,11.0272
DE,82499,47.5167,11.2833
DE,82515,47.9129,11.4217
DE,82538,47.8577,11.4805
DE,82541,47.9,11.3667
DE,82544,47.9232,11.5052
DE,82547,47.8539,11.4059
DE,82549,47.8155,11.4806
DE,83022,47.855,12.1232
DE,83024,47.8748,12.111
DE,83026,47.8391,12.1026
DE,83043,47.8638,12.0105
DE,83052,47.8786,11.911
DE,83059,47.8496,12.067
DE,83064,47.7905,12.1109
DE,83071,47.8539,12.1856
DE,83075,47.7733,12.0097
DE,83080,47.6482,12.1724
DE,83083,47.8387,12.2078
DE,83088,47.6141,12.191
DE,83093,47.909,12.2979
DE,83098,47.74,12.0917
DE,83101,47.7971,12.1701
DE,83104,47.9351,12.0152
DE,83109,47.891,12.081
DE,83112,47.8038,12.2851
DE,83115,47.7737,12.14
DE,83119,48.0005,12.4053
DE,83122,47.7765,12.1914
DE,83123,47.9914,12.3079
DE,83125,47.927,12.3792
DE,83126,47.7258,12.1242
DE,83128,47.952,12.2752
DE,83129,47.9538,12.3291
DE,83131,47.7423,12.1561
DE,83132,47.9772,12.39
DE,83134,47.8932,12.2024
DE,83135,47.9291,12.1239
DE,83137,47.9833,12.25
DE,83139,47.9312,12.2296
DE,83209,47.856,12.3462
DE,83224,47.781,12.4536
DE,83229,47.7769,12.323
DE,83233,47.8117,12.3757
DE,83236,47.8167,12.4833
DE,83242,47.6587,12.5281
DE,83246,47.7333,12.4667
DE,83250,47.7586,12.4622
DE,83253,47.8808,12.3371
DE,83254,47.8895,12.4004
DE,83256,47.8667,12.4167
DE,83257,47.8845,12.4181
DE,83259,47.721,12.3948
DE,83278,47.8682,12.6433
DE,83301,47.9627,12.5923
DE,83308,48.0175,12.5346
DE,83313,47.8228,12.6428
DE,83317,47.8492,12.8192
DE,83324,47.7667,12.65
DE,83329,47.9341,12.7339
DE,83334,47.763,12.7515
DE,83339,47.8926,12.5401
DE,83342,48.0783,12.5701
DE,83344,47.804,12.583
DE,83346,47.8036,12.5828
DE,83349,48.002,12.637
DE,83352,48.0026,12.5367
DE,83355,47.8453,12.5433
DE,83358,47.9667,12.4667
DE,83359,47.8667,12.7
DE,83361,48.0348,12.4633
DE,83362,47.8667,12.7
DE,83364,47.844,12.7342
DE,83365,47.9056,12.5961
DE,83367,47.9123,12.8151
DE,83368,47.9833,12.5667
DE,83370,47.9667,12.4667
DE,83371,48,12.55
DE,83373,47.9594,12.7293
DE,83374,47.9427,12.6306
DE,83376,47.9425,12.5049
DE,83377,47.8426,12.6061
DE,83379,47.9167,12.7167
DE,83395,47.8409,12.9811
DE,83404,47.8131,12.9405
DE,83410,47.9357,12.9286
DE,83413,47.9977,12.8263
DE,83416,47.875,12.9417
DE,83417,47.953,12.8343
DE,83435,47.7295,12.8782
DE,83451,47.7667,12.9167
DE,83454,47.8019,12.8581
DE,83457,47.7167,12.9
DE,83458,47.6833,12.8
DE,83471,47.6005,12.987
DE,83483,47.6312,12.983
DE,83486,47.6167,12.9
DE,83487,47.6966,13.0434
DE,83489,47.6254,12.9741
DE,83512,48.0525,12.2234
DE,83527,48.162,12.1794
DE,83530,48.0667,12.3667
DE,83533,48.0561,12.1647
DE,83536,48.15,12.2833
DE,83539,48.1167,12.1167
DE,83543,47.9819,12.1281
DE,83544,48.107,12.1119
DE,83546,48.1792,12.3041
DE,83547,48.0833,12.2667
DE,83549,48.0411,12.2427
DE,83550,47.9976,12.0564
DE,83552,48.0284,12.3103
DE,83553,48.0316,12.056
DE,83555,48.15,12.2833
DE,83556,47.994,12.1773
DE,83558,48.1505,12.0934
DE,83559,48.1532,12.3173
DE,83561,48.0181,12.1451
DE,83562,48.1167,12.1667
DE,83564,48.1081,12.2101
DE,83565,48.0163,12.0163
DE,83567,48.1167,12.3333
DE,83569,47.9469,12.1813
DE,83607,47.8766,11.7018
DE,83620,47.9075,11.8427
DE,83623,47.8487,11.5953
DE,83624,47.909,11.6755
DE,83626,47.8931,11.7791
DE,83627,47.8322,11.7217
DE,83629,47.8584,11.7992
DE,83646,47.7333,11.55
DE,83661,47.6833,11.5667
DE,83666,47.7725,11.6731
DE,83670,47.7467,11.4593
DE,83671,47.7062,11.4152
DE,83673,47.7201,11.4123
DE,83674,47.75,11.5833
DE,83676,47.6057,11.4338
DE,83677,47.7667,11.6167
DE,83679,47.8054,11.644
DE,83684,47.7123,11.7582
DE,83700,47.6897,11.7706
DE,83703,47.7512,11.7381
DE,83707,47.7167,11.7167
DE,83708,47.6408,11.7449
DE,83714,47.789,11.8338
DE,83727,47.7362,11.8594
DE,83730,47.7195,11.9508
DE,83734,47.7466,11.8407
DE,83735,47.6744,12.0145
DE,83737,47.8333,11.9167
DE,83739,47.8333,11.9167
DE,84072,48.5584,11.7414
DE,84104,48.6,11.7667
DE,84405,48.2704,12.1606
DE,84416,48.3374,12.1974
DE,84419,48.2605,12.279
DE,84424,48.212,12.0567
DE,84427,48.2167,12.1333
DE,84428,48.3123,12.2734
DE,84431,48.25,12.3667
DE,84432,48.3833,12.1333
DE,84434,48.4,12.05
DE,84435,48.2574,12.0497
DE,84437,48.2,12.2833
DE,84439,48.3833,12.0833
DE,84453,48.2503,12.5215
DE,84478,48.2085,12.3989
DE,84489,48.1693,12.8314
DE,84494,48.3167,12.5
DE,84503,48.2253,12.6766
DE,84508,48.1675,12.7325
DE,84513,48.2833,12.5833
DE,84518,48.1345,12.5815
DE,84524,48.241,12.69
DE,84529,48.0616,12.7676
DE,84533,48.2167,12.9
DE,84539,48.2748,12.4231
DE,84543,48.2667,12.65
DE,84544,48.1985,12.35
DE,84546,48.4,12.45
DE,84547,48.2,12.7667
DE,84549,48.1163,12.5427
DE,84550,48.0833,12.6
DE,84553,48.1333,12.6833
DE,84555,48.1667,12.3833
DE,84556,48.2,12.7
DE,84558,48.1333,12.6833
DE,84559,48.1819,12.4307
DE,84561,48.1833,12.7833
DE,84562,48.2667,12.4667
DE,84564,48.3,12.3833
DE,84565,48.1833,12.5167
DE,84567,48.2667,12.7667
DE,84568,48.3071,12.5983
DE,84570,48.2167,12.5667
DE,84571,48.2907,12.7262
DE,84573,48.3333,12.4333
DE,84574,48.15,12.45
DE,84576,48.2272,12.6114
DE,84577,48.2122,12.5995
DE,84579,48.1667,12.6167
DE,85049,48.7667,11.4147
DE,85051,48.7212,11.4096
DE,85053,48.7515,11.4588
DE,85055,48.776,11.4459
DE,85057,48.775,11.3914
DE,85072,48.8885,11.1968
DE,85077,48.7166,11.4939
DE,85080,48.8071,11.368
DE,85084,48.6577,11.4661
DE,85088,48.7698,11.6185
DE,85092,48.814,11.5049
DE,85095,48.9284,11.457
DE,85098,48.7667,11.5333
DE,85101,48.8103,11.4587
DE,85104,48.8082,11.6901
DE,85107,48.6707,11.4698
DE,85110,48.9526,11.3975
DE,85111,48.8403,11.2191
DE,85113,48.8608,11.3679
DE,85114,48.8069,11.2921
DE,85116,48.7833,11.2333
DE,85117,48.8167,11.3167
DE,85119,48.7333,11.5833
DE,85120,48.8225,11.4617
DE,85122,48.85,11.3167
DE,85123,48.6833,11.4167
DE,85125,49.0016,11.3831
DE,85126,48.7667,11.6833
DE,85128,48.7995,11.2259
DE,85129,48.8294,11.5933
DE,85131,48.95,11.2
DE,85132,48.9,11.1
DE,85134,48.8558,11.4554
DE,85135,48.9968,11.2115
DE,85137,48.9167,11.3
DE,85139,48.8225,11.4143
DE,85221,48.26,11.434
DE,85229,48.3606,11.3779
DE,85232,48.2567,11.3649
DE,85235,48.2956,11.1634
DE,85238,48.4097,11.4706
DE,85241,48.2896,11.4653
DE,85244,48.3297,11.4467
DE,85247,48.3032,11.3557
DE,85250,48.3877,11.2569
DE,85253,48.3318,11.3034
DE,85254,48.2911,11.2636
DE,85256,48.3667,11.4667
DE,85258,48.3833,11.4167
DE,85259,48.2998,11.2391
DE,85276,48.5305,11.505
DE,85283,48.6038,11.6257
DE,85290,48.6843,11.6123
DE,85293,48.4667,11.5167
DE,85296,48.6167,11.5667
DE,85298,48.5,11.4667
DE,85301,48.5033,11.6045
DE,85302,48.4928,11.3615
DE,85304,48.4833,11.5
DE,85305,48.4333,11.4167
DE,85307,48.4749,11.5646
DE,85309,48.6167,11.4667
DE,85354,48.3938,11.7331
DE,85356,48.3924,11.7569
DE,85368,48.4955,11.9364
DE,85375,48.3159,11.6632
DE,85376,48.3167,11.6667
DE,85386,48.3,11.6167
DE,85391,48.4333,11.6
DE,85395,48.4794,11.7095
DE,85399,48.3275,11.7514
DE,85402,48.4061,11.6125
DE,85405,48.5364,11.8073
DE,85406,48.45,11.7667
DE,85408,48.55,11.95
DE,85410,48.4584,11.828
DE,85411,48.4241,11.5252
DE,85413,48.55,11.8667
DE,85414,48.4667,11.65
DE,85416,48.4333,11.85
DE,85417,48.409,11.7938
DE,85419,48.5167,11.9
DE,85435,48.306,11.9069
DE,85445,48.3167,11.85
DE,85447,48.3667,12
DE,85452,48.2771,11.8445
DE,85456,48.406,11.9886
DE,85457,48.2453,11.9021
DE,85459,48.3841,11.9301
DE,85461,48.3147,11.9869
DE,85462,48.3596,11.8911
DE,85464,48.2162,11.8241
DE,85465,48.4257,11.9722
DE,85467,48.2333,11.85
DE,85469,48.2584,11.9753
DE,85521,48.0649,11.6633
DE,85540,48.1088,11.7265
DE,85551,48.1766,11.7556
DE,85560,48.0771,11.9706
DE,85567,48.0212,11.9078
DE,85570,48.2167,11.8833
DE,85579,48.0771,11.6581
DE,85586,48.17,11.8186
DE,85591,48.1054,11.7682
DE,85598,48.1148,11.7959
DE,85599,48.1422,11.788
DE,85604,48.0843,11.8245
DE,85609,48.1711,11.7167
DE,85614,48.0714,11.8888
DE,85617,47.993,12.0064
DE,85622,48.1481,11.731
DE,85625,47.9875,11.8672
DE,85630,48.0791,11.7436
DE,85635,48.0193,11.7191
DE,85640,48.0758,11.7157
DE,85643,48.0868,12.0314
DE,85646,48.1517,11.8533
DE,85649,48.0065,11.684
DE,85652,48.1956,11.8007
DE,85653,47.9701,11.7775
DE,85655,47.9602,11.8366
DE,85656,48.2151,11.9951
DE,85658,48.0041,11.7953
DE,85659,48.1834,11.9772
DE,85661,48.1687,11.9124
DE,85662,48.0478,11.7022
DE,85664,48.1561,11.9946
DE,85665,48.0321,11.8751
DE,85667,48.022,11.8133
DE,85669,48.1991,11.9437
DE,85716,48.2804,11.5768
DE,85737,48.2333,11.6833
DE,85748,48.249,11.651
DE,85757,48.2167,11.4667
DE,85764,48.25,11.5667
DE,85774,48.1925,11.6429
DE,85777,48.3532,11.5552
DE,85778,48.3155,11.5545
DE,86492,48.1833,10.9833
DE,86529,48.5607,11.2607
DE,86558,48.5935,11.3827
DE,86561,48.5333,11.3
DE,86562,48.6333,11.25
DE,86564,48.629,11.3092
DE,86565,48.5,11.2333
DE,86567,48.4296,11.3543
DE,86571,48.6066,11.2138
DE,86579,48.5768,11.3354
DE,86633,48.7322,11.1871
DE,86643,48.7594,11.0454
DE,86666,48.7004,11.016
DE,86668,48.6819,11.285
DE,86669,48.6667,11.2167
DE,86673,48.7606,11.2574
DE,86676,48.6333,11.1
DE,86697,48.722,11.1115
DE,86701,48.6865,11.1562
DE,86706,48.7171,11.3214
DE,86836,48.1468,10.8063
DE,86857,48.1184,10.8111
DE,86859,48.0667,10.8
DE,86899,48.0482,10.8828
DE,86911,47.9508,11.1031
DE,86916,48.0912,10.8791
DE,86919,48.0261,11.0861
DE,86920,47.9167,10.85
DE,86922,48.087,11.0239
DE,86923,48.0222,11.011
DE,86925,47.9333,10.8167
DE,86926,48.0706,11.0835
DE,86928,48.0085,10.9711
DE,86929,48.0748,10.9274
DE,86931,48.2007,10.928
DE,86932,48.0247,10.9221
DE,86934,47.9228,10.9285
DE,86935,47.9047,10.9729
DE,86937,48.1677,10.8957
DE,86938,48.053,11.0914
DE,86940,48.0456,10.9276
DE,86941,48.0957,11.0452
DE,86943,47.973,10.9577
DE,86944,47.9833,10.8333
DE,86946,47.95,10.9167
DE,86947,48.1172,10.9216
DE,86949,48.0667,11.0333
DE,86956,47.8124,10.8966
DE,86971,47.7955,10.9295
DE,86972,47.8236,10.8747
DE,86974,47.9,10.9333
DE,86975,47.737,10.7771
DE,86977,47.7769,10.8172
DE,86978,47.85,10.9
DE,86980,47.8167,10.7833
DE,86981,47.8833,10.9167
DE,86984,47.6833,10.8
DE,86986,47.825,10.8362
DE,86987,47.8333,10.8333
DE,86989,47.7,10.8667
DE,91795,48.8683,11.0734
DE,91804,48.8701,11.0076
DE,91809,48.8197,11.0888
DE,92339,49.0341,11.4739
DE,93336,48.8992,11.652
DE,93349,48.85,11.65
DE,84028,48.5359,12.1523
DE,84030,48.5765,12.171
DE,84032,48.5333,12.15
DE,84034,48.5359,12.1325
DE,84036,48.5265,12.1575
DE,84048,48.6418,11.7809
DE,84051,48.6133,12.2183
DE,84056,48.7023,12.0272
DE,84061,48.6926,12.2044
DE,84066,48.7664,12.231
DE,84076,48.6647,11.9659
DE,84079,48.5224,11.9945
DE,84082,48.8,12.3167
DE,84085,48.8232,12.0513
DE,84088,48.7352,12.1929
DE,84089,48.6921,11.7083
DE,84091,48.6507,11.8485
DE,84092,48.7045,12.2975
DE,84094,48.7076,11.8098
DE,84095,48.591,12.0206
DE,84097,48.7886,12.072
DE,84098,48.6576,12.0307
DE,84100,48.6,12.3167
DE,84101,48.6167,11.95
DE,84103,48.65,12.3333
DE,84106,48.6,11.8833
DE,84107,48.6,12.05
DE,84109,48.623,12.3394
DE,84130,48.6424,12.4928
DE,84137,48.453,12.356
DE,84140,48.437,12.5642
DE,84144,48.4761,12.2582
DE,84149,48.3663,12.256
DE,84152,48.7189,12.4405
DE,84155,48.3833,12.3833
DE,84160,48.5463,12.5312
DE,84163,48.55,12.5667
DE,84164,48.6766,12.4974
DE,84166,48.55,12.2667
DE,84168,48.5265,12.4606
DE,84169,48.45,12.1667
DE,84171,48.4167,12.2
DE,84172,48.4478,12.0357
DE,84174,48.5,12.0667
DE,84175,48.4833,12.4167
DE,84177,48.6374,12.5356
DE,84178,48.5333,12.3667
DE,84180,48.6167,12.4333
DE,84181,48.4,12.2167
DE,84183,48.6167,12.3833
DE,84184,48.5,12.1
DE,84186,48.4488,12.1069
DE,84187,48.6587,12.3693
DE,84189,48.35,12.3333
DE,84307,48.4051,12.7575
DE,84323,48.3912,12.6095
DE,84326,48.4615,12.7305
DE,84329,48.3533,12.786
DE,84332,48.406,12.8226
DE,84333,48.5333,12.75
DE,84335,48.35,12.7333
DE,84337,48.4833,12.85
DE,84339,48.3833,12.6667
DE,84347,48.432,12.9381
DE,84359,48.2655,13.0231
DE,84364,48.4449,13.091
DE,84367,48.3167,12.9333
DE,84371,48.3947,13.0063
DE,84375,48.2475,12.9845
DE,84378,48.4925,12.925
DE,84381,48.5333,12.95
DE,84384,48.3292,12.987
DE,84385,48.529,13.054
DE,84387,48.2543,12.9579
DE,84389,48.4167,12.9
DE,84552,48.3386,12.6623
DE,93077,48.9375,12.0449
DE,93309,48.9173,11.8862
DE,93326,48.8168,11.8498
DE,93333,48.8071,11.7695
DE,93339,48.9638,11.6888
DE,93342,48.9,11.9333
DE,93343,48.9347,11.7897
DE,93345,48.8595,12.0063
DE,93346,48.9333,11.8667
DE,93348,48.771,11.9037
DE,93351,48.9973,11.8195
DE,93352,48.7667,11.9667
DE,93354,48.7907,11.8573
DE,93356,48.893,12.0117
DE,93358,48.7333,11.8333
DE,93359,48.7298,11.8985
DE,93471,49.1301,12.9982
DE,94032,48.5732,13.4506
DE,94034,48.589,13.3971
DE,94036,48.5693,13.4122
DE,94051,48.6496,13.6265
DE,94060,48.4015,13.3132
DE,94065,48.7327,13.6008
DE,94072,48.351,13.312
DE,94078,48.8095,13.5477
DE,94081,48.5216,13.3175
DE,94086,48.4557,13.1939
DE,94089,48.7486,13.747
DE,94094,48.3582,13.2016
DE,94099,48.4333,13.3333
DE,94104,48.7167,13.4167
DE,94107,48.5743,13.6672
DE,94110,48.6014,13.7873
DE,94113,48.6242,13.4003
DE,94116,48.6728,13.4715
DE,94118,48.7333,13.7
DE,94121,48.6167,13.4833
DE,94124,48.6711,13.521
DE,94127,48.5,13.45
DE,94130,48.5549,13.6373
DE,94133,48.7386,13.5227
DE,94136,48.6167,13.5333
DE,94137,48.4102,13.1441
DE,94139,48.7044,13.7933
DE,94140,48.2992,13.1503
DE,94142,48.7167,13.4667
DE,94143,48.8,13.65
DE,94145,48.8257,13.7765
DE,94146,48.8234,13.6037
DE,94148,48.3464,13.2672
DE,94149,48.3667,13.1167
DE,94151,48.8897,13.5846
DE,94152,48.4609,13.4208
DE,94154,48.6833,13.3833
DE,94155,48.6167,13.2167
DE,94157,48.7818,13.4384
DE,94158,48.8667,13.6833
DE,94160,48.8134,13.4713
DE,94161,48.65,13.4167
DE,94163,48.7731,13.3559
DE,94164,48.6833,13.7167
DE,94166,48.3167,13.0833
DE,94167,48.4428,13.2696
DE,94169,48.7663,13.3155
DE,94209,48.9719,13.1282
DE,94227,49.0368,13.2542
DE,94234,49.08,12.8857
DE,94239,48.9667,12.9667
DE,94244,49.0411,12.9878
DE,94249,49.0667,13.1
DE,94250,48.9717,12.9351
DE,94252,49.1167,13.2
DE,94253,48.918,13.0818
DE,94255,49.0562,13.0347
DE,94256,49.1076,13.0118
DE,94258,48.9889,13.3007
DE,94259,48.9,13.1833
DE,94261,48.9105,13.2661
DE,94262,49.0466,12.8612
DE,94264,49.015,13.1465
DE,94265,49.0167,12.9833
DE,94267,49.0954,12.8261
DE,94269,48.9496,13.201
DE,94315,48.8813,12.5739
DE,94327,48.9112,12.6896
DE,94330,48.8105,12.5704
DE,94333,48.825,12.3965
DE,94336,48.9429,12.7462
DE,94339,48.7757,12.5179
DE,94342,48.8307,12.7211
DE,94344,49.0407,12.5401
DE,94345,48.9428,12.4686
DE,94347,49,12.6333
DE,94348,48.8941,12.4878
DE,94350,49.0042,12.5948
DE,94351,48.8383,12.5278
DE,94353,49.0241,12.7155
DE,94354,49.0035,12.6918
DE,94356,48.95,12.55
DE,94357,49.0724,12.7111
DE,94359,49.0846,12.6559
DE,94360,48.9763,12.6785
DE,94362,48.9751,12.7555
DE,94363,48.7957,12.642
DE,94365,48.9167,12.6
DE,94366,48.95,12.8
DE,94368,48.8553,12.4398
DE,94369,48.905,12.4687
DE,94371,49.0861,12.7491
DE,94372,49.0257,12.6592
DE,94374,48.9157,12.8114
DE,94375,49.051,12.655
DE,94377,48.9542,12.6071
DE,94379,49.003,12.8266
DE,94405,48.6725,12.6932
DE,94419,48.5701,12.628
DE,94424,48.5584,12.8167
DE,94428,48.6327,12.8559
DE,94431,48.7012,12.651
DE,94436,48.5661,12.7389
DE,94437,48.6517,12.6078
DE,94439,48.6,12.9333
DE,94447,48.7787,12.8751
DE,94469,48.8409,12.9607
DE,94474,48.6269,13.1922
DE,94481,48.8577,13.3974
DE,94486,48.7,13.0222
DE,94491,48.7725,13.0549
DE,94496,48.546,13.2225
DE,94501,48.5703,13.09
DE,94505,48.9167,12.8833
DE,94508,48.7541,13.1778
DE,94513,48.8397,13.3371
DE,94518,48.9152,13.3623
DE,94522,48.7377,12.7474
DE,94526,48.8551,12.9155
DE,94527,48.7354,12.91
DE,94529,48.676,13.2954
DE,94530,48.8035,13.0995
DE,94532,48.7241,13.2029
DE,94533,48.697,12.9246
DE,94535,48.7139,13.2713
DE,94536,48.8894,13.2999
DE,94538,48.7167,13.3333
DE,94539,48.8949,12.9751
DE,94541,48.8036,13.1537
DE,94542,48.5,13.15
DE,94544,48.6781,13.1192
DE,94545,48.8498,13.4882
DE,94547,48.7301,13.1423
DE,94548,48.8515,13.2754
DE,94550,48.6667,13.0833
DE,94551,48.8423,13.1768
DE,94553,48.8333,12.8
DE,94554,48.7515,12.9611
DE,94556,48.8842,13.4758
DE,94557,48.7656,13.0241
DE,94559,48.8833,12.8
DE,94560,48.8619,12.8629
DE,94562,48.7018,12.8248
DE,94563,48.7613,12.8088
DE,94565,48.6771,13.2258
DE,94566,48.9,13.4167
DE,94568,48.9,13.4167
DE,94569,48.8167,12.8
DE,94571,48.85,13.0667
DE,94572,48.8388,13.2286
DE,94574,48.6842,12.8804
DE,94575,48.6244,13.2219
DE,94577,48.7228,13.0775
DE,94579,48.7913,13.2597
DE,84069,48.8342,12.1395
DE,90602,49.2962,11.2866
DE,91249,49.4977,11.5687
DE,91275,49.6938,11.621
DE,91281,49.7487,11.7254
DE,92224,49.4429,11.8627
DE,92237,49.5013,11.746
DE,92242,49.544,11.9462
DE,92245,49.4192,11.8883
DE,92249,49.6148,11.8026
DE,92253,49.5469,12.0018
DE,92256,49.5339,11.803
DE,92259,49.5297,11.6259
DE,92260,49.4412,11.7618
DE,92262,49.4167,11.6333
DE,92263,49.3938,11.9358
DE,92265,49.5764,11.6959
DE,92266,49.3406,11.9359
DE,92268,49.5276,11.586
DE,92269,49.4,12.05
DE,92271,49.6213,11.9082
DE,92272,49.4833,11.9833
DE,92274,49.5376,11.872
DE,92275,49.55,11.5333
DE,92277,49.2951,11.7991
DE,92278,49.45,11.6833
DE,92280,49.3696,11.6826
DE,92281,49.6085,11.6314
DE,92283,49.3684,11.6029
DE,92284,49.4756,11.7978
DE,92286,49.3236,11.9421
DE,92287,49.269,11.9243
DE,92289,49.402,11.755
DE,92318,49.2803,11.4628
DE,92331,49.1551,11.7564
DE,92334,49.1069,11.4414
DE,92342,49.2001,11.3303
DE,92345,49.0375,11.5839
DE,92348,49.3317,11.4403
DE,92353,49.3053,11.3572
DE,92355,49.2515,11.6345
DE,92358,49.1571,11.6329
DE,92360,49.1695,11.4466
DE,92361,49.25,11.4
DE,92363,49.0837,11.6198
DE,92364,49.2256,11.5397
DE,92366,49.204,11.8484
DE,92367,49.3214,11.5031
DE,92369,49.2333,11.4667
DE,92421,49.3236,12.0993
DE,92431,49.3478,12.3862
DE,92436,49.2493,12.3071
DE,92439,49.2708,12.3015
DE,92442,49.3167,12.1833
DE,92444,49.3432,12.5296
DE,92445,49.291,12.4364
DE,92447,49.3775,12.3449
DE,92449,49.2833,12.1833
DE,92507,49.4535,12.18
DE,92521,49.3877,12.1348
DE,92526,49.4581,12.4167
DE,92533,49.5393,12.1613
DE,92536,49.4911,12.1807
DE,92539,49.5103,12.5476
DE,92540,49.4055,12.2815
DE,92542,49.4167,12.4167
DE,92543,49.45,12.2833
DE,92545,49.45,12.3761
DE,92546,49.4234,12.0925
DE,92548,49.4105,12.2274
DE,92549,49.5066,12.6124
DE,92551,49.4167,12.1333
DE,92552,49.4833,12.3833
DE,92554,49.3833,12.4667
DE,92555,49.5211,12.2625
DE,92557,49.4833,12.5667
DE,92559,49.4269,12.4799
DE,92637,49.6768,12.1561
DE,92648,49.6238,12.3381
DE,92655,49.6989,11.8675
DE,92660,49.7329,12.1777
DE,92665,49.7833,12.1
DE,92670,49.8011,12.1571
DE,92676,49.7554,11.8331
DE,92681,49.8398,12.0459
DE,92685,49.724,12.2759
DE,92690,49.7686,11.9397
DE,92693,49.5835,12.5216
DE,92694,49.6333,12.1
DE,92696,49.7333,12.35
DE,92697,49.703,12.4208
DE,92699,49.6449,12.21
DE,92700,49.65,11.95
DE,92702,49.5912,12.0195
DE,92703,49.8333,12.1
DE,92705,49.5974,12.2584
DE,92706,49.5837,12.1492
DE,92708,49.6541,12.0407
DE,92709,49.5891,12.4104
DE,92711,49.7292,12.0675
DE,92712,49.6333,12.1667
DE,92714,49.6491,12.4063
DE,92715,49.75,12.2333
DE,92717,49.8438,12.1214
DE,92718,49.65,12.1667
DE,92720,49.7246,11.9976
DE,92721,49.7323,12.2055
DE,92723,49.5318,12.3276
DE,92724,49.8,11.9
DE,92726,49.6422,12.4952
DE,92727,49.6722,12.3292
DE,92729,49.6333,12.0667
DE,93047,49.0168,12.0954
DE,93049,49.0153,12.0577
DE,93051,49.0007,12.0734
DE,93053,48.9965,12.1202
DE,93055,49.0143,12.1427
DE,93057,49.0499,12.1006
DE,93059,49.0312,12.1022
DE,93073,48.9874,12.201
DE,93080,48.9834,12.0587
DE,93083,48.9667,12.1667
DE,93086,49.0009,12.4054
DE,93087,48.9167,12.2
DE,93089,48.872,12.2821
DE,93090,49.0217,12.3037
DE,93092,49,12.2
DE,93093,49.0326,12.2046
DE,93095,48.9,12.2167
DE,93096,48.9333,12.2
DE,93098,48.9536,12.2421
DE,93099,48.8935,12.3736
DE,93101,48.8582,12.2274
DE,93102,48.9631,12.3825
DE,93104,48.9167,12.35
DE,93105,49.0239,12.173
DE,93107,48.9117,12.155
DE,93109,49.0167,12.3833
DE,93128,49.1201,12.1303
DE,93133,49.2038,12.0445
DE,93138,49.0469,12.0913
DE,93142,49.1996,12.0923
DE,93149,49.1942,12.2674
DE,93152,49.0246,11.9613
DE,93155,49.0383,11.8522
DE,93158,49.2229,12.0873
DE,93161,49,12.0333
DE,93164,49.0672,11.8855
DE,93167,49.0975,12.488
DE,93170,49.0912,12.2474
DE,93173,49.0756,12.1995
DE,93176,49.0952,11.8097
DE,93177,49.1,12.3
DE,93179,49.0667,12.4
DE,93180,49.0372,11.9104
DE,93182,49.1167,11.9167
DE,93183,49.1609,11.9605
DE,93185,49.1229,12.5528
DE,93186,49.0607,12.0078
DE,93188,49.0723,11.957
DE,93189,49.1833,12.35
DE,93191,49.0667,12.45
DE,93192,49.15,12.35
DE,93194,49.1833,12.3833
DE,93195,49.1073,11.9781
DE,93197,49.0785,12.1117
DE,93199,49.1444,12.4141
DE,93413,49.2257,12.655
DE,93426,49.1943,12.5196
DE,93437,49.3095,12.8416
DE,93444,49.1765,12.8552
DE,93449,49.378,12.7091
DE,93453,49.2587,12.9687
DE,93455,49.15,12.65
DE,93458,49.2988,12.9157
DE,93462,49.1967,13.0505
DE,93464,49.4333,12.5833
DE,93466,49.2,12.75
DE,93468,49.162,12.7684
DE,93470,49.176,13.1055
DE,93473,49.2766,12.8159
DE,93474,49.1915,12.9939
DE,93476,49.1667,12.8167
DE,93477,49.3167,12.7333
DE,93479,49.2,12.8833
DE,93480,49.2,12.9333
DE,93482,49.2667,12.6167
DE,93483,49.2333,12.55
DE,93485,49.2333,12.8833
DE,93486,49.2151,12.7621
DE,93488,49.35,12.6
DE,93489,49.1604,12.5932
DE,93491,49.2676,12.5305
DE,93492,49.4225,12.6157
DE,93494,49.2667,12.6667
DE,93495,49.2628,12.7631
DE,93497,49.25,12.6667
DE,93499,49.15,12.7333
DE,95478,49.8701,11.8908
DE,95505,49.9,11.8667
DE,95506,49.8333,11.9
DE,95508,49.9,11.9
DE,95514,49.8167,11.8333
DE,95519,49.8,11.7333
DE,95643,49.8826,12.3311
DE,95652,50.0017,12.3043
DE,95666,49.9471,12.2852
DE,95671,49.8108,12.4332
DE,95676,49.9082,12.1889
DE,95679,49.9814,12.0629
DE,95682,49.9597,11.9107
DE,95683,49.95,11.9333
DE,95685,49.8584,12.2268
DE,95688,49.8826,12.1012
DE,95689,49.9226,12.1458
DE,95692,50.0109,12.2271
DE,95695,49.9109,12.5245
DE,95698,49.9804,12.4437
DE,95700,49.9333,11.9667
DE,95701,49.9667,12.1667
DE,95703,49.784,12.31
DE,95704,49.9333,12
DE,91077,49.5956,11.1577
DE,91090,49.6593,11.0932
DE,91094,49.6405,11.071
DE,91099,49.6634,11.0708
DE,91257,49.7522,11.5419
DE,91278,49.7713,11.4078
DE,91282,49.6817,11.4177
DE,91286,49.7,11.35
DE,91287,49.6524,11.4693
DE,91289,49.8122,11.5827
DE,91301,49.7175,11.0588
DE,91320,49.7815,11.1817
DE,91322,49.6443,11.2497
DE,91327,49.769,11.3384
DE,91330,49.7696,11.057
DE,91332,49.863,11.1719
DE,91336,49.6934,10.9988
DE,91338,49.6232,11.2314
DE,91344,49.8465,11.3481
DE,91346,49.8,11.2667
DE,91347,49.8837,11.2269
DE,91349,49.7018,11.2575
DE,91352,49.7591,10.9795
DE,91353,49.6895,11.0322
DE,91355,49.6607,11.3227
DE,91356,49.7333,11.15
DE,91358,49.6824,11.1433
DE,91359,49.7095,11.1722
DE,91361,49.6897,11.1021
DE,91362,49.7545,11.1743
DE,91364,49.823,11.1891
DE,91365,49.75,11.1167
DE,91367,49.6309,11.2537
DE,91369,49.7133,11.1356
DE,95028,50.3209,11.9172
DE,95030,50.3173,11.8961
DE,95032,50.2953,11.9103
DE,95100,50.1706,12.1305
DE,95111,50.2492,12.0342
DE,95119,50.3303,11.7046
DE,95126,50.2228,11.935
DE,95131,50.2846,11.6249
DE,95138,50.3665,11.6444
DE,95145,50.2624,11.9348
DE,95152,50.317,11.7502
DE,95158,50.1519,11.9483
DE,95163,50.1022,11.8885
DE,95168,50.1301,12.0023
DE,95173,50.1997,12.085
DE,95176,50.2667,11.85
DE,95179,50.3333,11.6
DE,95180,50.3747,11.7785
DE,95182,50.2833,11.95
DE,95183,50.3667,11.95
DE,95185,50.3221,11.9978
DE,95186,50.1,12.0833
DE,95188,50.3752,11.7207
DE,95189,50.3333,11.85
DE,95191,50.3,11.8
DE,95192,50.3833,11.6762
DE,95194,50.3,12.05
DE,95195,50.0833,11.9833
DE,95197,50.2783,11.7417
DE,95199,50.1064,12.102
DE,95213,50.1895,11.7882
DE,95233,50.2356,11.7159
DE,95234,50.1621,11.8435
DE,95236,50.1455,11.6913
DE,95237,50.1833,11.85
DE,95239,50.1333,11.8
DE,95326,50.1007,11.4503
DE,95336,50.0999,11.3766
DE,95339,50.1057,11.6052
DE,95346,50.1643,11.5035
DE,95349,50.0254,11.3935
DE,95352,50.1731,11.6339
DE,95355,50.228,11.5551
DE,95356,50.2031,11.5936
DE,95358,50.1552,11.5648
DE,95359,50.0367,11.352
DE,95361,50.1,11.5333
DE,95362,50.1396,11.5776
DE,95364,50.1264,11.5597
DE,95365,50.2,11.4667
DE,95367,50.0667,11.55
DE,95369,50.1333,11.5167
DE,95444,49.9461,11.5762
DE,95445,49.9431,11.5592
DE,95447,49.9481,11.5783
DE,95448,49.9474,11.5993
DE,95460,50.0456,11.6724
DE,95463,49.9817,11.6139
DE,95466,49.9416,11.7221
DE,95469,49.8713,11.7812
DE,95473,49.87,11.5607
DE,95482,50.0954,11.7377
DE,95485,49.9935,11.7787
DE,95488,49.9348,11.4962
DE,95490,49.9126,11.4659
DE,95491,49.85,11.4333
DE,95493,50.0512,11.8
DE,95494,49.9,11.5333
DE,95496,49.8874,11.4487
DE,95497,50.0109,11.6875
DE,95499,50.0333,11.5667
DE,95500,49.9667,11.5333
DE,95502,50.0667,11.6
DE,95503,49.9,11.5167
DE,95509,50.0947,11.6547
DE,95511,49.9126,11.5126
DE,95512,50.0167,11.5
DE,95515,49.8833,11.3333
DE,95517,49.8937,11.7053
DE,95615,50.0044,12.0859
DE,95632,50.0392,12.0034
DE,95659,50.0577,12.1868
DE,95680,50.0167,12.0167
DE,95686,50.0029,11.8542
DE,95691,50.095,12.2201
DE,95694,49.9742,11.862
DE,95697,49.9833,11.9167
DE,95706,50.0821,12.2274
DE,95707,50.0761,12.1265
DE,95709,50.0167,11.95
DE,96047,49.8934,10.8911
DE,96049,49.88,10.8834
DE,96050,49.8883,10.9185
DE,96052,49.9083,10.8951
DE,96103,49.929,10.8754
DE,96110,49.9757,11.033
DE,96114,49.8179,10.9892
DE,96117,49.9301,10.9592
DE,96120,49.9109,10.8321
DE,96123,49.9144,11.0103
DE,96129,49.8443,10.9721
DE,96132,49.7562,10.6187
DE,96135,49.8654,10.8438
DE,96138,49.8283,10.7434
DE,96142,49.9379,11.2915
DE,96145,50.1897,10.842
DE,96146,49.8,11.0167
DE,96148,49.9859,10.8518
DE,96149,49.9721,10.8859
DE,96154,49.8273,10.5963
DE,96155,49.8036,11.03
DE,96157,49.8481,10.4967
DE,96158,49.8167,10.8667
DE,96161,50.0333,10.8
DE,96163,49.9371,10.9199
DE,96164,49.9549,10.8778
DE,96167,49.946,11.1652
DE,96169,49.9732,10.7884
DE,96170,49.9075,10.7118
DE,96173,49.9325,10.8147
DE,96175,49.83,10.9284
DE,96178,49.7667,10.8167
DE,96179,50.015,10.8886
DE,96182,50.0167,10.8333
DE,96185,49.857,10.6902
DE,96187,50.0032,11.1976
DE,96191,49.9222,10.7772
DE,96194,49.8667,10.7833
DE,96196,50.0326,11.1262
DE,96197,49.9761,11.3005
DE,96199,50.0178,10.9324
DE,96215,50.1457,11.0593
DE,96224,50.1409,11.252
DE,96231,50.102,11.0013
DE,96237,50.329,11.1527
DE,96242,50.2167,11.1333
DE,96247,50.168,11.1139
DE,96250,50.0664,10.9583
DE,96253,50.1942,10.9745
DE,96257,50.1836,11.1944
DE,96260,50.0851,11.2402
DE,96264,50.125,11.2503
DE,96268,50.2511,11.2082
DE,96269,50.176,10.9505
DE,96271,50.2299,11.0198
DE,96272,50.1501,11.1712
DE,96274,50.15,10.9
DE,96275,50.1667,11.1669
DE,96277,50.2118,11.194
DE,96279,50.2035,11.1401
DE,96317,50.2396,11.3331
DE,96328,50.1912,11.2668
DE,96332,50.3524,11.3097
DE,96337,50.486,11.3873
DE,96342,50.3064,11.2817
DE,96346,50.2685,11.4706
DE,96349,50.2944,11.4629
DE,96352,50.3111,11.3728
DE,96355,50.4698,11.2589
DE,96358,50.4243,11.413
DE,96361,50.439,11.3692
DE,96364,50.25,11.3833
DE,96365,50.3741,11.5099
DE,96367,50.4,11.45
DE,96369,50.2,11.35
DE,96450,50.2594,10.9638
DE,96465,50.3298,11.1206
DE,96472,50.2952,11.0412
DE,96476,50.3333,10.7833
DE,96479,50.256,10.8799
DE,96482,50.2376,10.9542
DE,96484,50.3212,10.907
DE,96486,50.3333,10.9667
DE,96487,50.2833,11
DE,96489,50.22,10.9909
DE,90402,49.4504,11.0778
DE,90403,49.4541,11.0768
DE,90408,49.4678,11.0693
DE,90409,49.4478,11.0683
DE,90411,49.4897,11.1064
DE,90419,49.4639,11.0671
DE,90425,49.4732,11.0567
DE,90427,49.5178,11.0058
DE,90429,49.4599,11.0275
DE,90431,49.4453,11.0222
DE,90439,49.4358,11.0384
DE,90441,49.4324,11.0497
DE,90443,49.446,11.0782
DE,90449,49.4177,11.0297
DE,90451,49.4072,11.0352
DE,90453,49.3834,11.0416
DE,90455,49.4478,11.0683
DE,90457,49.3984,11.174
DE,90459,49.4403,11.0809
DE,90461,49.4361,11.0925
DE,90469,49.4092,11.092
DE,90471,49.417,11.1251
DE,90473,49.4044,11.1341
DE,90475,49.4075,11.1649
DE,90478,49.443,11.0948
DE,90480,49.4371,11.1194
DE,90482,49.464,11.1491
DE,90489,49.4586,11.0974
DE,90491,49.4741,11.1296
DE,90513,49.4424,10.9541
DE,90518,49.3856,11.3573
DE,90522,49.4228,10.9577
DE,90530,49.3523,11.1507
DE,90537,49.376,11.2143
DE,90542,49.5833,11.25
DE,90547,49.406,10.9991
DE,90552,49.483,11.2412
DE,90556,49.4573,10.8533
DE,90559,49.352,11.3115
DE,90562,49.5579,11.1335
DE,90571,49.4695,11.2006
DE,90574,49.3957,10.8885
DE,90579,49.4946,10.7923
DE,90584,49.2513,11.2366
DE,90587,49.5124,10.888
DE,90592,49.3578,11.2433
DE,90596,49.3249,11.1227
DE,90599,49.4,10.6898
DE,90607,49.4976,11.2475
DE,90610,49.3896,11.2989
DE,90613,49.4,10.7833
DE,90614,49.4233,10.8501
DE,90616,49.4569,10.6455
DE,90617,49.524,10.8319
DE,90619,49.4581,10.5936
DE,90762,49.4706,10.9971
DE,90763,49.5069,10.9565
DE,90765,49.483,11.004
DE,90766,49.4865,10.9608
DE,90768,49.4954,10.9444
DE,91052,49.5888,11.0098
DE,91054,49.5988,11.0087
DE,91056,49.5986,10.9675
DE,91058,49.55,11.0036
DE,91074,49.568,10.8856
DE,91080,49.6179,11.0632
DE,91083,49.6581,11.0359
DE,91085,49.6228,10.8253
DE,91086,49.5833,10.8333
DE,91088,49.6274,11.0172
DE,91091,49.6325,10.8748
DE,91093,49.6273,10.91
DE,91096,49.6333,11
DE,91097,49.5895,10.7689
DE,91126,49.2932,10.9728
DE,91154,49.2597,11.1457
DE,91161,49.1905,11.1906
DE,91166,49.1897,11.0167
DE,91171,49.047,11.357
DE,91174,49.1755,10.9245
DE,91177,49.0883,11.2215
DE,91180,49.1337,11.1273
DE,91183,49.2428,10.964
DE,91186,49.2678,11.0589
DE,91187,49.15,11.0333
DE,91189,49.3411,10.8898
DE,91207,49.5139,11.2825
DE,91217,49.5108,11.4315
DE,91220,49.5596,11.3433
DE,91224,49.5044,11.511
DE,91227,49.4517,11.31
DE,91230,49.4937,11.4712
DE,91233,49.5246,11.3196
DE,91235,49.6139,11.5101
DE,91236,49.4333,11.55
DE,91238,49.4718,11.3994
DE,91239,49.4985,11.3906
DE,91241,49.556,11.4223
DE,91242,49.5095,11.3416
DE,91244,49.5138,11.3727
DE,91245,49.5977,11.339
DE,91247,49.5572,11.4942
DE,91284,49.628,11.5507
DE,91315,49.7062,10.8133
DE,91325,49.7122,10.895
DE,91334,49.6833,10.9333
DE,91341,49.6643,10.9261
DE,91350,49.6951,10.8322
DE,91413,49.5795,10.6113
DE,91438,49.5027,10.4154
DE,91443,49.6693,10.4655
DE,91448,49.5528,10.7128
DE,91452,49.4831,10.7156
DE,91456,49.6,10.6333
DE,91459,49.4937,10.6527
DE,91460,49.6251,10.536
DE,91462,49.6405,10.7065
DE,91463,49.5563,10.5407
DE,91465,49.5167,10.3333
DE,91466,49.6312,10.6913
DE,91468,49.6167,10.6333
DE,91469,49.5333,10.7667
DE,91471,49.4802,10.3817
DE,91472,49.5275,10.4818
DE,91474,49.6167,10.5167
DE,91475,49.6988,10.7671
DE,91477,49.6479,10.4249
DE,91478,49.5909,10.3556
DE,91480,49.7011,10.5556
DE,91481,49.6394,10.595
DE,91483,49.7083,10.4342
DE,91484,49.6028,10.4356
DE,91486,49.6708,10.7202
DE,91487,49.6876,10.6516
DE,91489,49.5642,10.7372
DE,91522,49.3048,10.5931
DE,91541,49.3789,10.1871
DE,91550,49.0694,10.3199
DE,91555,49.1629,10.3385
DE,91560,49.3357,10.7874
DE,91564,49.2833,10.7833
DE,91567,49.2378,10.5035
DE,91572,49.1631,10.5557
DE,91575,49.2479,10.8265
DE,91578,49.2987,10.4119
DE,91580,49.3,10.75
DE,91583,49.2878,10.2628
DE,91586,49.2775,10.6867
DE,91587,49.4333,10.1667
DE,91589,49.25,10.4167
DE,91590,49.3599,10.6992
DE,91592,49.3302,10.3348
DE,91593,49.451,10.3239
DE,91595,49.2333,10.5833
DE,91596,49.1332,10.4789
DE,91598,49.3548,10.4116
DE,91599,49.1477,10.4231
DE,91601,49.2535,10.2854
DE,91602,49.1078,10.385
DE,91604,49.4407,10.5224
DE,91605,49.45,10.2667
DE,91607,49.35,10.2
DE,91608,49.3664,10.3153
DE,91610,49.3,10.1667
DE,91611,49.3457,10.511
DE,91613,49.4416,10.3636
DE,91614,49.0185,10.3586
DE,91616,49.3719,10.2256
DE,91617,49.4167,10.4333
DE,91619,49.4519,10.4667
DE,91620,49.4706,10.2101
DE,91622,49.4,10.5833
DE,91623,49.29,10.6597
DE,91625,49.1705,10.2321
DE,91626,49.1192,10.3077
DE,91628,49.4167,10.2167
DE,91629,49.35,10.6167
DE,91631,49.2579,10.1569
DE,91632,49.1667,10.4833
DE,91634,49.0243,10.395
DE,91635,49.4,10.3
DE,91637,49.2581,10.2418
DE,91639,49.2267,10.7277
DE,91710,49.1166,10.7597
DE,91717,49.0433,10.5991
DE,91719,49.0172,10.7435
DE,91720,49.1444,10.881
DE,91722,49.1443,10.6172
DE,91723,49.0554,10.792
DE,91725,49.0868,10.5407
DE,91726,49.0534,10.5115
DE,91728,49.0598,10.7127
DE,91729,49.176,10.7712
DE,91731,49.1011,10.4536
DE,91732,49.2036,10.7042
DE,91734,49.2119,10.7978
DE,91735,49.1545,10.7184
DE,91737,49.1762,10.658
DE,91738,49.1059,10.8366
DE,91740,49.0554,10.5595
DE,91741,49.0822,10.8528
DE,91743,49.0798,10.6218
DE,91744,49.0388,10.4505
DE,91746,49.1982,10.6449
DE,91747,49,10.6667
DE,91749,49.0612,10.4812
DE,91757,48.9547,10.9083
DE,91781,49.0309,10.9722
DE,91785,49.1047,10.9819
DE,91788,48.9338,10.9743
DE,91790,49.0471,11.1305
DE,91792,49.0608,10.9678
DE,91793,49.0465,10.865
DE,91796,49.0775,11.0554
DE,91798,49.0626,11.0053
DE,91799,48.8932,10.9311
DE,91801,49.0096,10.8447
DE,91802,49.0333,10.8167
DE,91805,48.9207,10.7115
DE,91807,48.8958,10.9956
DE,96152,49.7331,10.6007
DE,96172,49.7544,10.7756
DE,96193,49.7519,10.7134
DE,97215,49.5758,10.2644
DE,97258,49.5814,10.1252
DE,63739,49.9757,9.1478
DE,63741,49.9751,9.1314
DE,63743,49.9648,9.1647
DE,63755,50.0888,9.0646
DE,63762,49.9199,9.076
DE,63768,50.0065,9.2076
DE,63773,49.9995,9.1844
DE,63776,50.0692,9.1637
DE,63785,49.8358,9.131
DE,63791,50.0487,9.0287
DE,63796,50.0698,9.0055
DE,63801,50,9.0667
DE,63808,49.9644,9.2072
DE,63811,49.97,9.0715
DE,63814,49.9817,9.09
DE,63820,49.8429,9.1636
DE,63825,50.0696,9.2568
DE,63826,50.1233,9.1966
DE,63828,50.1167,9.2667
DE,63829,50.0832,9.2061
DE,63831,50.1167,9.3667
DE,63834,49.9115,9.1532
DE,63839,49.8746,9.1693
DE,63840,49.8697,9.2103
DE,63843,49.9122,9.1369
DE,63846,50.0167,9.3
DE,63849,49.9014,9.2217
DE,63853,49.8597,9.0833
DE,63856,49.9694,9.2686
DE,63857,49.9753,9.3019
DE,63860,49.9653,9.3939
DE,63863,49.8189,9.2592
DE,63864,50,9.15
DE,63867,50.0316,9.1425
DE,63868,49.8794,9.1534
DE,63869,50.0282,9.3712
DE,63871,50.0711,9.343
DE,63872,49.8892,9.2956
DE,63874,49.8577,9.3276
DE,63875,49.9144,9.2919
DE,63877,50.0246,9.2593
DE,63879,49.9308,9.3661
DE,63897,49.7045,9.2673
DE,63906,49.8034,9.1631
DE,63911,49.7851,9.1803
DE,63916,49.6444,9.2218
DE,63920,49.7283,9.2228
DE,63924,49.7114,9.1792
DE,63925,49.7458,9.1761
DE,63927,49.7148,9.2692
DE,63928,49.7056,9.3292
DE,63930,49.7072,9.4025
DE,63931,49.618,9.1779
DE,63933,49.7933,9.2686
DE,63934,49.7731,9.2461
DE,63936,49.6402,9.2506
DE,63937,49.6681,9.2164
DE,63939,49.7972,9.1539
DE,96106,50.0955,10.7983
DE,96126,50.1958,10.66
DE,96151,50.0167,10.7
DE,96160,49.7736,10.4706
DE,96166,50.0443,10.7178
DE,96176,50.15,10.7333
DE,96181,49.8833,10.6167
DE,96184,50.0634,10.7992
DE,96188,49.9719,10.7239
DE,96190,50.1275,10.8563
DE,97070,49.7971,9.9337
DE,97072,49.7829,9.9366
DE,97074,49.7802,9.9416
DE,97076,49.8044,9.977
DE,97078,49.8118,9.9635
DE,97080,49.8017,9.9058
DE,97082,49.7899,9.9206
DE,97084,49.7685,9.9382
DE,97199,49.6643,10.0623
DE,97204,49.7845,9.8822
DE,97209,49.8328,9.8817
DE,97218,49.7753,9.9936
DE,97222,49.8569,9.9571
DE,97225,49.8974,9.8175
DE,97228,49.7923,10.0259
DE,97230,49.829,10.0059
DE,97232,49.6531,9.9444
DE,97234,49.7319,9.9148
DE,97236,49.7602,9.9828
DE,97237,49.7167,9.75
DE,97239,49.5527,10.0653
DE,97241,49.8769,10.0868
DE,97243,49.5173,10.0091
DE,97244,49.5991,9.8799
DE,97246,49.7239,9.9996
DE,97247,49.8833,10.1667
DE,97249,49.7597,9.8311
DE,97250,49.8597,9.8442
DE,97252,49.6667,10.0833
DE,97253,49.6333,10
DE,97255,49.5931,10.0025
DE,97256,49.6836,9.9022
DE,97259,49.8167,9.7667
DE,97261,49.8697,9.905
DE,97262,49.9333,10.0167
DE,97264,49.7618,9.708
DE,97265,49.7994,9.815
DE,97267,49.9239,9.8017
DE,97268,49.6561,9.8578
DE,97270,49.7428,9.8439
DE,97271,49.7003,9.8447
DE,97273,49.85,10.0333
DE,97274,49.8619,9.8049
DE,97276,49.8375,9.8639
DE,97277,49.7309,9.6716
DE,97279,49.8631,10.1267
DE,97280,49.8048,9.6948
DE,97282,49.9125,9.8819
DE,97283,49.5572,9.9781
DE,97285,49.5097,9.9708
DE,97286,49.7036,10.0261
DE,97288,49.754,10.0306
DE,97289,49.9414,9.8586
DE,97291,49.8783,9.8492
DE,97292,49.7947,9.7306
DE,97294,49.8689,10.044
DE,97295,49.7586,9.8036
DE,97297,49.7883,9.8467
DE,97299,49.8121,9.8696
DE,97318,49.7667,10.0833
DE,97320,49.7562,10.2406
DE,97332,49.8635,10.2281
DE,97334,49.85,10.1833
DE,97337,49.8029,10.1652
DE,97340,49.6654,10.1481
DE,97342,49.6586,10.1642
DE,97346,49.7024,10.2604
DE,97348,49.6866,10.2916
DE,97350,49.7079,10.219
DE,97353,49.7945,10.3451
DE,97355,49.75,10.3
DE,97357,49.8193,10.3477
DE,97359,49.7996,10.2298
DE,97412,50.05,10.2333
DE,97421,50.0442,10.2267
DE,97422,50.0545,10.2441
DE,97424,50.0348,10.2064
DE,97437,50.0352,10.5156
DE,97440,49.982,10.0988
DE,97447,49.8873,10.3143
DE,97450,49.9777,9.9698
DE,97453,50.0501,10.3081
DE,97456,50.0721,10.2197
DE,97461,50.1368,10.5232
DE,97464,50.0615,10.1827
DE,97469,50.0167,10.2833
DE,97475,50.0024,10.6098
DE,97478,49.9833,10.55
DE,97483,49.9715,10.6671
DE,97486,50.0808,10.5676
DE,97488,50.1871,10.3616
DE,97490,50.1,10.1424
DE,97491,50.15,10.4333
DE,97493,50.0103,10.1809
DE,97494,50.2167,10.5167
DE,97496,50.1415,10.6498
DE,97497,49.9071,10.3903
DE,97499,49.9667,10.4167
DE,97500,49.9857,10.6744
DE,97502,50.062,10.1369
DE,97503,50.0333,10.35
DE,97505,50.0429,10.1561
DE,97506,50,10.2
DE,97508,49.9833,10.3167
DE,97509,49.9167,10.2333
DE,97511,49.8681,10.3213
DE,97513,49.9,10.4333
DE,97514,49.9271,10.6333
DE,97516,49.8605,10.41
DE,97517,50.1654,10.2048
DE,97519,50.1,10.4667
DE,97520,49.9833,10.2167
DE,97522,49.9833,10.6
DE,97523,49.9217,10.1387
DE,97525,49.9904,10.2478
DE,97526,50.039,10.2599
DE,97528,50.2408,10.5628
DE,97529,49.95,10.3333
DE,97531,50.0111,10.4278
DE,97532,50.0918,10.2686
DE,97534,49.9643,10.12
DE,97535,50.0948,10.0302
DE,97537,49.9167,10.1667
DE,97539,50.0167,10.4667
DE,97616,50.3084,10.212
DE,97618,50.3667,10.2333
DE,97631,50.3008,10.4689
DE,97633,50.3167,10.3577
DE,97638,50.4285,10.3033
DE,97640,50.3946,10.352
DE,97645,50.46,10.2306
DE,97647,50.5064,10.1266
DE,97650,50.5205,10.1458
DE,97653,50.4024,10.0075
DE,97654,50.4008,10.2037
DE,97656,50.4412,10.1169
DE,97657,50.3482,10.0081
DE,97659,50.381,10.1044
DE,97688,50.2023,10.0778
DE,97702,50.2464,10.2019
DE,97705,50.2713,9.9916
DE,97708,50.2665,10.079
DE,97711,50.1832,10.2752
DE,97714,50.15,10.1333
DE,97717,50.1323,10.0347
DE,97720,50.2206,10.123
DE,97723,50.199,9.9588
DE,97724,50.2764,10.1794
DE,97725,50.1474,9.9615
DE,97727,50.1082,9.9337
DE,97729,50.1404,10.0678
DE,97737,50.0495,9.7059
DE,97753,49.9603,9.7724
DE,97762,50.1163,9.8914
DE,97769,50.3085,9.7898
DE,97772,50.3776,9.9109
DE,97773,50.1782,9.5755
DE,97775,50.1497,9.6512
DE,97776,49.9859,9.809
DE,97778,50.15,9.5833
DE,97779,50.2806,9.8955
DE,97780,50.0167,9.7833
DE,97782,50.1227,9.7405
DE,97783,50.0409,9.7853
DE,97785,50.1922,9.617
DE,97786,50.3956,9.7725
DE,97788,50.0333,9.65
DE,97789,50.2833,9.8
DE,97791,50.2088,9.6155
DE,97792,50.3199,9.861
DE,97794,50.0935,9.648
DE,97795,50.2681,9.8628
DE,97797,50.1667,9.7833
DE,97799,50.2619,9.6724
DE,97816,49.9892,9.5722
DE,97828,49.8454,9.6036
DE,97833,50.0647,9.4689
DE,97834,49.8586,9.6956
DE,97836,49.8703,9.4892
DE,97837,49.8193,9.6273
DE,97839,49.8553,9.5258
DE,97840,49.8694,9.6022
DE,97842,49.867,9.6381
DE,97843,50,9.4167
DE,97845,49.9302,9.5681
DE,97846,50.0418,9.5199
DE,97848,49.9831,9.5083
DE,97849,49.8956,9.6264
DE,97851,49.8914,9.5926
DE,97852,49.835,9.4639
DE,97854,49.9528,9.6694
DE,97855,49.8006,9.6067
DE,97857,49.9017,9.6712
DE,97859,50.0333,9.4333
DE,97892,49.7682,9.5182
DE,97901,49.8286,9.4014
DE,97903,49.7435,9.3203
DE,97904,49.7806,9.3803
DE,97906,49.7853,9.4442
DE,97907,49.7919,9.4936
DE,97909,49.7847,9.4118
DE,82297,48.2167,11
DE,86150,48.3673,10.8921
DE,86152,48.3718,10.8925
DE,86153,48.3664,10.9034
DE,86154,48.3932,10.8814
DE,86156,48.3815,10.8548
DE,86157,48.3643,10.8761
DE,86159,48.3509,10.895
DE,86161,48.3505,10.9133
DE,86163,48.3553,10.9431
DE,86165,48.3822,10.9337
DE,86167,48.3877,10.9161
DE,86169,48.405,10.9061
DE,86179,48.3109,10.9001
DE,86199,48.3291,10.8578
DE,86316,48.3569,10.9846
DE,86343,48.2751,10.8918
DE,86356,48.3925,10.8333
DE,86368,48.4243,10.8727
DE,86381,48.2418,10.3632
DE,86391,48.3664,10.8464
DE,86399,48.2709,10.8339
DE,86405,48.5459,10.8518
DE,86415,48.2656,10.9846
DE,86420,48.3532,10.7821
DE,86424,48.3483,10.5889
DE,86438,48.3038,10.9709
DE,86441,48.4001,10.5992
DE,86444,48.4667,10.9833
DE,86447,48.5171,10.9286
DE,86450,48.465,10.5906
DE,86453,48.3848,11.0467
DE,86456,48.45,10.8167
DE,86459,48.329,10.7328
DE,86462,48.4833,10.85
DE,86465,48.4597,10.736
DE,86470,48.2833,10.4692
DE,86473,48.2924,10.535
DE,86476,48.3028,10.3613
DE,86477,48.4246,10.7183
DE,86479,48.229,10.5395
DE,86480,48.1986,10.3888
DE,86482,48.4056,10.7774
DE,86483,48.2423,10.4937
DE,86485,48.5178,10.8114
DE,86486,48.44,10.7053
DE,86488,48.2378,10.2995
DE,86489,48.2555,10.327
DE,86491,48.2055,10.3156
DE,86494,48.4897,10.6738
DE,86495,48.3333,11.0833
DE,86497,48.3951,10.6828
DE,86498,48.1833,10.2667
DE,86500,48.342,10.6946
DE,86502,48.5333,10.7
DE,86504,48.2459,10.9853
DE,86505,48.3097,10.455
DE,86507,48.2185,10.8692
DE,86508,48.4833,10.9333
DE,86510,48.2901,11.0438
DE,86511,48.2167,10.9667
DE,86513,48.2643,10.4459
DE,86514,48.3167,10.65
DE,86517,48.25,10.8
DE,86519,48.2667,10.3333
DE,86551,48.4576,11.1341
DE,86554,48.5838,11.0876
DE,86556,48.491,11.1869
DE,86559,48.3567,11.1385
DE,86568,48.4833,11.0667
DE,86570,48.5129,11.1146
DE,86573,48.423,11.0685
DE,86574,48.5167,11.0333
DE,86576,48.4629,11.2488
DE,86577,48.4,11.1667
DE,86609,48.718,10.7793
DE,86637,48.5631,10.6815
DE,86641,48.6903,10.9161
DE,86647,48.6,10.7167
DE,86650,48.8746,10.7245
DE,86653,48.7918,10.9046
DE,86655,48.7867,10.6893
DE,86657,48.7169,10.6177
DE,86660,48.6732,10.6838
DE,86663,48.6833,10.8167
DE,86672,48.5653,10.9086
DE,86674,48.5833,10.9667
DE,86675,48.7833,10.8333
DE,86678,48.6,10.8
DE,86679,48.6,10.8667
DE,86681,48.8321,10.7654
DE,86682,48.7,10.8833
DE,86684,48.6112,10.9484
DE,86685,48.8251,10.7033
DE,86687,48.7675,10.7964
DE,86688,48.7415,10.945
DE,86690,48.657,10.8056
DE,86692,48.6225,10.9017
DE,86694,48.7167,10.9333
DE,86695,48.5948,10.8318
DE,86698,48.6667,10.8667
DE,86700,48.8725,10.8002
DE,86703,48.85,10.95
DE,86704,48.8167,10.9667
DE,86707,48.5721,10.8405
DE,86709,48.9035,10.7813
DE,86720,48.8512,10.4887
DE,86732,48.9527,10.6046
DE,86733,48.85,10.6167
DE,86735,48.7667,10.45
DE,86736,49.0079,10.6224
DE,86738,48.8667,10.5667
DE,86739,48.8083,10.4661
DE,86741,48.9642,10.5543
DE,86742,48.9724,10.4575
DE,86744,48.9584,10.6249
DE,86745,48.784,10.5349
DE,86747,48.9275,10.4987
DE,86748,48.9257,10.4708
DE,86750,48.9333,10.65
DE,86751,48.776,10.5804
DE,86753,48.8092,10.5902
DE,86754,48.9167,10.6
DE,86756,48.8167,10.5167
DE,86757,48.8874,10.4759
DE,86759,48.8923,10.6133
DE,86807,48.0372,10.7255
DE,86825,48.0067,10.5967
DE,86830,48.1793,10.7568
DE,86833,48.1,10.65
DE,86842,48.064,10.6416
DE,86845,48.2275,10.7795
DE,86850,48.2905,10.6559
DE,86853,48.1459,10.7589
DE,86854,48.0667,10.6833
DE,86856,48.1609,10.7175
DE,86860,47.9993,10.7257
DE,86862,48.092,10.7398
DE,86863,48.2667,10.6
DE,86865,48.1368,10.582
DE,86866,48.2417,10.6403
DE,86868,48.1764,10.5975
DE,86869,47.9436,10.7427
DE,86871,48.0667,10.5833
DE,86872,48.1803,10.6401
DE,86874,48.1022,10.5607
DE,86875,47.9968,10.7779
DE,86877,48.2261,10.5884
DE,86879,48.0395,10.6741
DE,86983,47.7016,10.7949
DE,87435,47.7184,10.3132
DE,87437,47.7229,10.3288
DE,87439,47.7177,10.2989
DE,87448,47.6732,10.307
DE,87452,47.8041,10.2143
DE,87459,47.5822,10.5496
DE,87463,47.8079,10.2895
DE,87466,47.6333,10.4333
DE,87471,47.6944,10.3445
DE,87474,47.6959,10.2393
DE,87477,47.6603,10.3499
DE,87480,47.6417,10.1273
DE,87484,47.6234,10.5024
DE,87487,47.7478,10.2299
DE,87488,47.7333,10.3833
DE,87490,47.8,10.35
DE,87493,47.7833,10.3
DE,87494,47.6667,10.55
DE,87496,47.8333,10.3833
DE,87497,47.603,10.4097
DE,87499,47.7667,10.4
DE,87509,47.56,10.2139
DE,87527,47.5182,10.2826
DE,87534,47.5557,10.0224
DE,87538,47.45,10.2333
DE,87541,47.5062,10.3723
DE,87544,47.5421,10.2585
DE,87545,47.5355,10.2849
DE,87547,47.6,10.1167
DE,87549,47.5743,10.2917
DE,87561,47.4072,10.2794
DE,87600,47.8824,10.6219
DE,87616,47.7796,10.6171
DE,87629,47.5714,10.7017
DE,87634,47.8455,10.4182
DE,87637,47.65,10.6
DE,87640,47.8306,10.6402
DE,87642,47.6316,10.8202
DE,87645,47.5604,10.7721
DE,87647,47.7793,10.4709
DE,87648,47.8167,10.5333
DE,87650,47.9444,10.5401
DE,87651,47.8297,10.7262
DE,87653,47.9167,10.5167
DE,87654,47.8748,10.5346
DE,87656,47.9232,10.6721
DE,87657,47.7067,10.5101
DE,87659,47.6167,10.6333
DE,87660,47.9082,10.5718
DE,87662,47.9,10.75
DE,87663,47.7,10.6
DE,87665,47.8936,10.6713
DE,87666,47.93,10.6136
DE,87668,47.95,10.65
DE,87669,47.6167,10.7167
DE,87671,47.8958,10.4157
DE,87672,47.65,10.7167
DE,87674,47.8167,10.5833
DE,87675,47.7739,10.75
DE,87677,47.8833,10.7167
DE,87679,47.9333,10.7167
DE,87700,47.9837,10.1853
DE,87719,48.0458,10.4922
DE,87724,47.9413,10.2997
DE,87727,48.145,10.2533
DE,87730,47.8771,10.2221
DE,87733,47.9473,10.3961
DE,87734,47.9667,10.2167
DE,87736,47.8833,10.3
DE,87737,48.0752,10.1952
DE,87739,48.1333,10.4
DE,87740,48,10.1333
DE,87742,48.0167,10.5
DE,87743,48.0871,10.2849
DE,87745,48.1667,10.5167
DE,87746,48.0373,10.3357
DE,87748,48.0728,10.1522
DE,87749,47.9667,10.2667
DE,87751,48.0333,10.15
DE,87752,48.025,10.259
DE,87754,48.05,10.4167
DE,87755,48.1504,10.3102
DE,87757,48.187,10.4661
DE,87758,47.9043,10.1572
DE,87760,47.9459,10.2394
DE,87761,48.0593,10.2901
DE,87763,47.8982,10.1178
DE,87764,47.8563,10.1298
DE,87766,47.988,10.2229
DE,87767,48.0576,10.1832
DE,87769,48.0889,10.4261
DE,87770,48.1085,10.2985
DE,87772,48.1188,10.455
DE,87773,48.1,10.15
DE,87775,48.1307,10.4789
DE,87776,48.007,10.3546
DE,87778,48.0238,10.4447
DE,87779,48,10.2167
DE,87781,48.0057,10.2667
DE,87782,47.9667,10.4667
DE,87784,48.0167,10.3
DE,87785,48.1212,10.2258
DE,87787,47.8935,10.2672
DE,87789,47.9167,10.2
DE,88131,47.5667,9.6667
DE,88138,47.5833,9.7667
DE,88142,47.5667,9.6333
DE,88145,47.65,9.8333
DE,88149,47.5739,9.6104
DE,88161,47.6028,9.8855
DE,88167,47.65,10.05
DE,88171,47.5826,9.9135
DE,88175,47.5814,9.8483
DE,88178,47.6296,9.903
DE,88179,47.563,9.9445
DE,89231,48.4,10.0167
DE,89233,48.4,10.0167
DE,89250,48.3244,10.0444
DE,89257,48.2234,10.1035
DE,89264,48.305,10.1605
DE,89269,48.2784,10.0824
DE,89275,48.45,10.1
DE,89278,48.4283,10.1236
DE,89281,48.1603,10.1144
DE,89284,48.3545,10.1618
DE,89287,48.2573,10.0909
DE,89290,48.2248,10.1805
DE,89291,48.3833,10.1
DE,89293,48.1216,10.1281
DE,89294,48.1758,10.1891
DE,89296,48.15,10.1667
DE,89297,48.2759,10.2314
DE,89299,48.1956,10.1711
DE,89312,48.456,10.277
DE,89331,48.4316,10.4099
DE,89335,48.3712,10.3071
DE,89340,48.45,10.2228
DE,89343,48.3896,10.4381
DE,89344,48.5065,10.4578
DE,89346,48.4,10.2
DE,89347,48.4333,10.25
DE,89349,48.3405,10.4528
DE,89350,48.4667,10.4286
DE,89352,48.3397,10.3189
DE,89353,48.5,10.4833
DE,89355,48.5,10.4
DE,89356,48.4376,10.4482
DE,89358,48.3833,10.3667
DE,89359,48.4167,10.2833
DE,89361,48.4344,10.5242
DE,89362,48.4826,10.3625
DE,89364,48.4588,10.3524
DE,89365,48.4244,10.4427
DE,89367,48.3481,10.2938
DE,89368,48.4667,10.4833
DE,89407,48.5815,10.4953
DE,89415,48.5654,10.4297
DE,89420,48.6112,10.5682
DE,89423,48.551,10.3689
DE,89426,48.6192,10.4172
DE,89428,48.6612,10.31
DE,89429,48.6322,10.3205
DE,89431,48.5463,10.3128
DE,89432,48.558,10.6425
DE,89434,48.6314,10.6199
DE,89435,48.6545,10.4986
DE,89437,48.5998,10.374
DE,89438,48.5142,10.5306
DE,89440,48.65,10.55
DE,89441,48.5703,10.3161
DE,89443,48.65,10.65
DE,89444,48.5089,10.6147
DE,89446,48.6524,10.3988
DE,89447,48.6736,10.3252
DE,89449,48.531,10.6356
DE,27568,53.5687,8.5741
DE,27570,53.5286,8.5907
DE,27572,53.5002,8.6047
DE,27574,53.5299,8.6098
DE,27576,53.5545,8.5933
DE,27578,53.5887,8.5977
DE,27580,53.5685,8.5968
DE,28195,53.0889,8.7906
DE,28197,53.0854,8.7463
DE,28199,53.0618,8.79
DE,28201,53.0577,8.8036
DE,28203,53.0711,8.8317
DE,28205,53.0709,8.846
DE,28207,53.0687,8.8697
DE,28209,53.0841,8.8271
DE,28211,53.0859,8.8549
DE,28213,53.1094,8.7814
DE,28215,53.0926,8.8073
DE,28217,53.0938,8.783
DE,28219,53.1036,8.7875
DE,28237,53.1165,8.7595
DE,28239,53.124,8.7464
DE,28259,53.0543,8.7457
DE,28277,53.1094,8.7814
DE,28279,53.0483,8.8383
DE,28307,53.0441,8.9558
DE,28309,53.0515,8.8896
DE,28325,53.1094,8.7814
DE,28327,53.081,8.8925
DE,28329,53.0815,8.8721
DE,28335,53.054,8.746
DE,28355,53.1001,8.9029
DE,28357,53.1178,8.8947
DE,28359,53.1003,8.8752
DE,28717,53.1735,8.7045
DE,28719,53.1728,8.7135
DE,28755,53.1094,8.7814
DE,28757,53.1094,8.7814
DE,28759,53.1094,8.7814
DE,28777,53.1094,8.7814
DE,28779,53.1094,8.7814
DE,35510,50.4339,8.6712
DE,35516,50.4563,8.7293
DE,35519,50.4305,8.7369
DE,36381,50.3655,9.5829
DE,36391,50.3127,9.6234
DE,36396,50.314,9.4633
DE,55246,50.0051,8.3134
DE,55252,50.0102,8.2844
DE,60306,50.1159,8.6702
DE,60308,50.1125,8.6529
DE,60310,50.1107,8.673
DE,60311,50.1112,8.6831
DE,60313,50.1153,8.6823
DE,60314,50.1137,8.7119
DE,60316,50.1209,8.6966
DE,60318,50.1252,8.6865
DE,60320,50.139,8.6725
DE,60322,50.125,8.6762
DE,60323,50.1219,8.6655
DE,60325,50.1155,8.6596
DE,60326,50.1025,8.6299
DE,60327,50.1038,8.6522
DE,60329,50.1074,8.6663
DE,60385,50.1253,8.7108
DE,60386,50.1268,8.7554
DE,60388,50.1506,8.7537
DE,60389,50.1383,8.7116
DE,60431,50.1457,8.6549
DE,60433,50.1605,8.6684
DE,60435,50.1544,8.6912
DE,60437,50.1924,8.6753
DE,60438,50.1787,8.632
DE,60439,50.1605,8.6337
DE,60486,50.1162,8.6365
DE,60487,50.1257,8.6414
DE,60488,50.1416,8.6155
DE,60489,50.1252,8.6088
DE,60528,50.0837,8.644
DE,60529,50.0841,8.5916
DE,60549,50.0413,8.5702
DE,60594,50.1039,8.6886
DE,60596,50.0974,8.6735
DE,60598,50.09,8.6816
DE,60599,50.096,8.7111
DE,61118,50.1787,8.7376
DE,61130,50.2381,8.867
DE,61137,50.2056,8.8333
DE,61138,50.1942,8.8
DE,61169,50.3374,8.7559
DE,61184,50.2302,8.7716
DE,61191,50.3033,8.6898
DE,61194,50.2833,8.8333
DE,61197,50.3287,8.9167
DE,61200,50.4,8.8167
DE,61203,50.3564,8.8745
DE,61206,50.2833,8.7667
DE,61209,50.3889,8.8861
DE,61231,50.3646,8.7386
DE,61239,50.3735,8.6909
DE,61250,50.3355,8.5369
DE,61267,50.3167,8.5
DE,61273,50.3,8.5667
DE,61276,50.3333,8.4167
DE,61279,50.3902,8.4569
DE,61348,50.2265,8.612
DE,61350,50.2377,8.6024
DE,61352,50.2167,8.6167
DE,61381,50.2496,8.6428
DE,61389,50.2667,8.45
DE,61440,50.2073,8.5775
DE,61449,50.1648,8.5706
DE,61462,50.1794,8.4713
DE,61476,50.1789,8.5134
DE,61479,50.2167,8.4
DE,63065,50.1054,8.762
DE,63067,50.1069,8.7344
DE,63069,50.0894,8.7494
DE,63071,50.0993,8.7852
DE,63073,50.1,8.7667
DE,63075,50.123,8.7921
DE,63110,50.0263,8.8859
DE,63128,50.0098,8.7778
DE,63150,50.0555,8.8008
DE,63165,50.1078,8.8318
DE,63179,50.0714,8.8512
DE,63225,49.9896,8.6685
DE,63263,50.0583,8.6918
DE,63303,50.02,8.6961
DE,63322,49.974,8.8282
DE,63329,49.9679,8.6634
DE,63405,50.1333,8.9167
DE,63450,50.1316,8.9208
DE,63452,50.1442,8.9169
DE,63454,50.1391,8.8864
DE,63456,50.1139,8.9107
DE,63457,50.1063,8.9495
DE,63477,50.15,8.8333
DE,63486,50.1785,8.9232
DE,63500,50.0432,8.9739
DE,63505,50.1766,9.04
DE,63512,50.0833,8.9333
DE,63517,50.15,9.0333
DE,63526,50.163,8.9782
DE,63533,50.0127,8.9901
DE,63538,50.0833,8.9833
DE,63543,50.2,8.9833
DE,63546,50.2167,8.9833
DE,63549,50.2278,9.0556
DE,63571,50.2016,9.1874
DE,63579,50.1323,9.1346
DE,63584,50.2064,9.1388
DE,63589,50.1667,9.2167
DE,63594,50.1667,9.1
DE,63599,50.1806,9.2861
DE,63607,50.2551,9.2956
DE,63619,50.2279,9.3478
DE,63628,50.2757,9.367
DE,63633,50.35,9.3
DE,63636,50.3167,9.2833
DE,63637,50.1792,9.4583
DE,63639,50.1208,9.4375
DE,63654,50.2901,9.1114
DE,63667,50.4133,9.0064
DE,63674,50.2875,8.9437
DE,63683,50.3558,9.056
DE,63688,50.4248,9.1984
DE,63691,50.3574,8.9837
DE,63694,50.2591,8.9776
DE,63695,50.3167,9
DE,63697,50.4,9.1333
DE,63699,50.3448,9.2114
DE,64283,49.8719,8.6484
DE,64285,49.8591,8.6486
DE,64287,49.8676,8.6644
DE,64289,49.8972,8.6809
DE,64291,49.9111,8.6573
DE,64293,49.8875,8.6446
DE,64295,49.8611,8.6373
DE,64297,49.8192,8.6449
DE,64319,49.8056,8.6031
DE,64331,49.9039,8.5887
DE,64342,49.765,8.6519
DE,64347,49.8609,8.5725
DE,64354,49.8292,8.8357
DE,64367,49.8156,8.7081
DE,64372,49.8308,8.7489
DE,64380,49.8597,8.7617
DE,64385,49.7121,8.839
DE,64390,49.9553,8.6475
DE,64395,49.7739,8.8844
DE,64397,49.7606,8.7208
DE,64401,49.8006,8.8243
DE,64404,49.7592,8.6175
DE,64405,49.7647,8.785
DE,64407,49.7461,8.8586
DE,64409,49.9383,8.7406
DE,64521,49.9214,8.4825
DE,64546,49.9947,8.5836
DE,64560,49.8341,8.4962
DE,64569,49.9508,8.4633
DE,64572,49.9033,8.5233
DE,64579,49.7531,8.4886
DE,64584,49.7836,8.4744
DE,64589,49.8094,8.4728
DE,64625,49.6837,8.6184
DE,64646,49.6407,8.6367
DE,64653,49.65,8.5667
DE,64658,49.6508,8.7847
DE,64665,49.7386,8.5958
DE,64668,49.625,8.7631
DE,64673,49.7239,8.6108
DE,64678,49.6837,8.7815
DE,64683,49.6767,8.5483
DE,64686,49.7258,8.7033
DE,64689,49.63,8.8822
DE,64711,49.6615,8.994
DE,64720,49.6757,9.0037
DE,64732,49.7432,9.0075
DE,64739,49.7997,8.9994
DE,64743,49.5686,8.9744
DE,64747,49.8,9.0667
DE,64750,49.7883,9.0753
DE,64753,49.7325,8.9622
DE,64754,49.5699,9.0629
DE,64756,49.6533,8.9289
DE,64757,49.4992,8.9192
DE,64807,49.8974,8.8461
DE,64823,49.869,8.9321
DE,64832,49.9652,8.9513
DE,64839,49.9228,8.8678
DE,64846,49.8758,8.8344
DE,64850,49.9242,9.0094
DE,64853,49.8261,8.9225
DE,64859,49.9506,8.8539
DE,65183,50.0817,8.2389
DE,65185,50.0773,8.2424
DE,65187,50.0691,8.2254
DE,65189,50.071,8.2565
DE,65191,50.0876,8.2797
DE,65193,50.0896,8.2428
DE,65195,50.1095,8.1967
DE,65197,50.0794,8.2157
DE,65199,50.0734,8.196
DE,65201,50.0441,8.2036
DE,65203,50.045,8.2453
DE,65205,50.0613,8.3442
DE,65207,50.123,8.3018
DE,65219,50.15,8.15
DE,65220,50.15,8.15
DE,65221,50.15,8.15
DE,65222,50.15,8.15
DE,65223,50.15,8.15
DE,65224,50.15,8.15
DE,65232,50.1377,8.1337
DE,65239,50.0144,8.3522
DE,65307,50.142,8.0696
DE,65321,50.1649,7.9535
DE,65326,50.25,8.0667
DE,65329,50.2,8.0667
DE,65343,50.0333,8.1167
DE,65344,50.0333,8.1167
DE,65345,50.0333,8.1167
DE,65346,50.0333,8.1167
DE,65347,50.0132,8.0615
DE,65366,49.9847,7.9684
DE,65375,50,8
DE,65385,49.9821,7.9296
DE,65388,50.0932,8.1031
DE,65391,50.0462,7.8042
DE,65396,50.04,8.1554
DE,65399,50.0396,8.0853
DE,65428,49.9896,8.4225
DE,65439,50.0131,8.4278
DE,65451,50.0613,8.5292
DE,65462,49.9711,8.3453
DE,65468,49.9264,8.4073
DE,65474,49.9939,8.3672
DE,65479,50.0132,8.4525
DE,65510,50.2177,8.2668
DE,65527,50.1631,8.3134
DE,65529,50.25,8.3333
DE,65719,50.0902,8.4493
DE,65760,50.1433,8.5711
DE,65779,50.137,8.4502
DE,65795,50.0785,8.4755
DE,65812,50.1408,8.5045
DE,65817,50.1428,8.3923
DE,65824,50.15,8.5333
DE,65830,50.0841,8.4698
DE,65835,50.1185,8.4885
DE,65843,50.134,8.528
DE,65929,50.1045,8.5389
DE,65931,50.091,8.5044
DE,65933,50.0979,8.5999
DE,65934,50.1027,8.5749
DE,65936,50.1207,8.5663
DE,68519,49.5403,8.5782
DE,68623,49.5979,8.4725
DE,68642,49.6427,8.4594
DE,68647,49.6917,8.4586
DE,68649,49.7211,8.4828
DE,69239,49.4074,8.8434
DE,69483,49.57,8.8317
DE,69488,49.5625,8.7069
DE,69509,49.5992,8.7347
DE,69517,49.5325,8.7295
DE,69518,49.5367,8.7875
DE,35037,50.803,8.7625
DE,35039,50.8098,8.7773
DE,35041,50.8165,8.7513
DE,35043,50.7765,8.7645
DE,35075,50.7685,8.5808
DE,35080,50.75,8.5
DE,35083,50.9025,8.7237
DE,35085,50.726,8.857
DE,35091,50.851,8.7809
DE,35094,50.8619,8.6976
DE,35096,50.7542,8.6958
DE,35102,50.7333,8.6333
DE,35112,50.7,8.7
DE,35117,50.9608,8.7184
DE,35216,50.9112,8.5302
DE,35232,50.8417,8.5542
DE,35236,50.8873,8.4575
DE,35239,50.85,8.4833
DE,35260,50.8226,9.0129
DE,35274,50.8272,8.9281
DE,35279,50.85,9.1167
DE,35282,50.8833,8.9186
DE,35287,50.796,8.9233
DE,35288,50.9375,8.9333
DE,35305,50.594,8.9587
DE,35315,50.7333,9
DE,35321,50.542,8.9903
DE,35325,50.6284,9.0547
DE,35327,50.5755,9.1927
DE,35329,50.7,9.05
DE,35390,50.5849,8.6742
DE,35392,50.5669,8.6538
DE,35394,50.5746,8.7135
DE,35396,50.6165,8.7044
DE,35398,50.5833,8.65
DE,35410,50.4737,8.8933
DE,35415,50.5167,8.7
DE,35418,50.6148,8.783
DE,35423,50.5208,8.8157
DE,35428,50.5,8.6667
DE,35435,50.6167,8.65
DE,35440,50.5374,8.6497
DE,35444,50.6182,8.6017
DE,35447,50.6,8.8333
DE,35452,50.5833,8.6333
DE,35457,50.6465,8.7049
DE,35460,50.662,8.7316
DE,35463,50.55,8.7833
DE,35466,50.6775,8.8643
DE,35469,50.6833,8.8333
DE,35576,50.5665,8.5247
DE,35578,50.5455,8.505
DE,35579,50.55,8.5
DE,35580,50.55,8.5
DE,35581,50.55,8.5
DE,35582,50.55,8.5
DE,35583,50.55,8.5
DE,35584,50.55,8.5
DE,35585,50.55,8.5
DE,35586,50.55,8.5
DE,35606,50.5362,8.407
DE,35614,50.5916,8.4627
DE,35619,50.4843,8.4385
DE,35625,50.521,8.5758
DE,35630,50.6,8.3833
DE,35633,50.5833,8.5667
DE,35638,50.5513,8.3584
DE,35641,50.4935,8.4718
DE,35644,50.6689,8.4896
DE,35647,50.4167,8.5167
DE,35649,50.7,8.45
DE,35683,50.7369,8.2873
DE,35684,50.7333,8.2833
DE,35685,50.7333,8.2833
DE,35686,50.7333,8.2833
DE,35687,50.7333,8.2833
DE,35688,50.7333,8.2833
DE,35689,50.7333,8.2833
DE,35690,50.7333,8.2833
DE,35708,50.7416,8.2078
DE,35713,50.8083,8.3583
DE,35716,50.8333,8.3167
DE,35719,50.8063,8.4164
DE,35745,50.6814,8.3037
DE,35753,50.6167,8.3
DE,35756,50.7,8.3833
DE,35759,50.6333,8.1833
DE,35764,50.65,8.3333
DE,35767,50.6851,8.1912
DE,35768,50.739,8.4179
DE,35781,50.4844,8.2625
DE,35789,50.4314,8.3767
DE,35792,50.513,8.272
DE,35794,50.5639,8.1555
DE,35796,50.4384,8.2913
DE,35799,50.5071,8.1919
DE,36110,50.6742,9.561
DE,36304,50.7518,9.2708
DE,36318,50.6833,9.3
DE,36320,50.7694,9.1039
DE,36323,50.7424,9.4731
DE,36325,50.65,9.1667
DE,36326,50.7667,9.1833
DE,36329,50.7134,9.2201
DE,36341,50.6356,9.3978
DE,36355,50.4892,9.3386
DE,36358,50.536,9.3874
DE,36367,50.6167,9.45
DE,36369,50.5833,9.2833
DE,36399,50.4251,9.4027
DE,63679,50.5035,9.1252
DE,65520,50.297,8.269
DE,65549,50.383,8.0611
DE,65550,50.3833,8.05
DE,65551,50.3833,8.05
DE,65552,50.3833,8.05
DE,65553,50.3833,8.05
DE,65554,50.3833,8.05
DE,65555,50.3833,8.05
DE,65556,50.3833,8.05
DE,65589,50.4459,8.0425
DE,65594,50.4057,8.1546
DE,65597,50.3286,8.1476
DE,65599,50.5167,8.0167
DE,65604,50.4167,8.0333
DE,65606,50.3929,8.1931
DE,65611,50.3556,8.1778
DE,65614,50.4583,8.1458
DE,65618,50.35,8.2667
DE,65620,50.5167,8.1167
DE,65627,50.5,8.05
DE,34117,51.3166,9.4912
DE,34119,51.3152,9.4647
DE,34121,51.3056,9.4652
DE,34123,51.2988,9.5297
DE,34125,51.3195,9.5163
DE,34127,51.3355,9.4913
DE,34128,51.336,9.4457
DE,34130,51.3247,9.4466
DE,34131,51.3173,9.4227
DE,34132,51.3167,9.5
DE,34134,51.2878,9.4705
DE,34212,51.1303,9.5524
DE,34225,51.2518,9.4075
DE,34233,51.3484,9.5256
DE,34246,51.3581,9.4797
DE,34253,51.2667,9.5333
DE,34260,51.2811,9.6186
DE,34266,51.3083,9.5669
DE,34270,51.2856,9.2717
DE,34277,51.2667,9.4833
DE,34281,51.1771,9.3675
DE,34286,51.1164,9.6627
DE,34289,51.3695,9.3016
DE,34292,51.35,9.3833
DE,34295,51.2125,9.4208
DE,34298,51.2598,9.6887
DE,34302,51.2,9.4833
DE,34305,51.2334,9.3103
DE,34308,51.2333,9.25
DE,34311,51.2482,9.1657
DE,34314,51.3966,9.4702
DE,34317,51.3285,9.3392
DE,34320,51.2056,9.5778
DE,34323,51.0908,9.5389
DE,34326,51.05,9.6
DE,34327,51.1667,9.5167
DE,34329,51.3167,9.6667
DE,34359,51.4917,9.6083
DE,34369,51.4961,9.385
DE,34376,51.4429,9.5231
DE,34379,51.4094,9.4019
DE,34385,51.6426,9.4548
DE,34388,51.5741,9.4209
DE,34393,51.4465,9.4125
DE,34396,51.497,9.2821
DE,34399,51.5833,9.5667
DE,34454,51.3798,9.0145
DE,34466,51.3261,9.1702
DE,34471,51.409,9.1181
DE,34474,51.4878,9.0079
DE,34477,51.3214,8.9548
DE,34479,51.4157,9.185
DE,34497,51.2756,8.873
DE,34508,51.3,8.6167
DE,34513,51.2062,9.0629
DE,34516,51.1815,8.8878
DE,34519,51.3667,8.8
DE,34537,51.1196,9.1247
DE,34549,51.159,9.0923
DE,34560,51.1318,9.2756
DE,34576,51.0333,9.4
DE,34582,51.0638,9.22
DE,34587,51.1376,9.4214
DE,34590,51.1,9.35
DE,34593,50.9771,9.4865
DE,34596,51.05,9.1833
DE,34599,51,9.2167
DE,34613,50.9333,9.2167
DE,34621,50.9707,9.3227
DE,34626,50.8691,9.3465
DE,34628,50.85,9.2
DE,34630,50.95,9.0667
DE,34632,51,9.15
DE,34633,50.806,9.3857
DE,34637,50.8333,9.2833
DE,34639,50.9098,9.4466
DE,35066,51.0585,8.7833
DE,35088,51.0136,8.6473
DE,35099,51,8.75
DE,35104,51.1583,8.7958
DE,35108,51.0333,8.6792
DE,35110,51.0927,8.9345
DE,35114,51.0278,8.9667
DE,35116,51.0109,8.5866
DE,35119,50.9744,8.8674
DE,35285,50.9667,8.9667
DE,36037,50.5518,9.6833
DE,36039,50.5732,9.6824
DE,36041,50.5569,9.6431
DE,36043,50.5345,9.6922
DE,36088,50.6797,9.7673
DE,36093,50.5442,9.7179
DE,36100,50.5619,9.7131
DE,36103,50.4239,9.5666
DE,36115,50.5327,9.9929
DE,36119,50.4531,9.6175
DE,36124,50.4954,9.6967
DE,36129,50.4514,9.9142
DE,36132,50.7667,9.8
DE,36137,50.5925,9.5423
DE,36142,50.6428,10.0238
DE,36145,50.5863,9.8353
DE,36148,50.4045,9.6826
DE,36151,50.6968,9.7245
DE,36154,50.505,9.4797
DE,36157,50.4554,9.7863
DE,36160,50.5433,9.7959
DE,36163,50.4879,9.868
DE,36166,50.7667,9.6667
DE,36167,50.6333,9.85
DE,36169,50.7167,9.9
DE,36179,50.9745,9.7956
DE,36199,50.9956,9.7284
DE,36205,51.0717,9.9356
DE,36208,50.95,9.9833
DE,36211,51.0333,9.6667
DE,36214,51.0167,9.9333
DE,36217,50.95,9.85
DE,36219,51.0416,9.8605
DE,36251,50.872,9.7089
DE,36266,50.8833,9.9873
DE,36269,50.846,9.9795
DE,36272,50.8,9.6
DE,36275,50.8333,9.5667
DE,36277,50.8167,9.85
DE,36280,50.85,9.4667
DE,36282,50.8167,9.7333
DE,36284,50.8,9.9
DE,36286,50.9333,9.55
DE,36287,50.7752,9.516
DE,36289,50.8833,9.8667
DE,36364,50.6239,9.5082
DE,37213,51.3334,9.858
DE,37214,51.3333,9.8667
DE,37215,51.3333,9.8667
DE,37216,51.3333,9.8667
DE,37217,51.3333,9.8667
DE,37218,51.3333,9.8667
DE,37235,51.1995,9.7186
DE,37242,51.2709,9.9748
DE,37247,51.2586,9.7845
DE,37249,51.3833,9.8833
DE,37269,51.1839,10.0533
DE,37276,51.2167,10.0667
DE,37281,51.1821,10.1728
DE,37284,51.1384,9.9432
DE,37287,51.15,10
DE,37290,51.2,9.9333
DE,37293,51.0063,10.1673
DE,37296,51.0833,10.0667
DE,37297,51.2333,9.9167
DE,37299,51.1251,10.116
DE,59969,51.0936,8.6264
DE,20038,53.5544,9.9946
DE,20095,53.5439,10.0133
DE,20097,53.5481,10.0194
DE,20099,53.5453,9.9953
DE,20144,53.574,9.9747
DE,20146,53.5694,9.9853
DE,20148,53.5764,9.9867
DE,20149,53.5694,9.9853
DE,20249,53.5894,9.9897
DE,20251,53.6108,10.0131
DE,20253,53.6031,9.9564
DE,20255,53.5767,9.949
DE,20257,53.5725,9.9497
DE,20259,53.5725,9.9497
DE,20354,53.5568,9.9898
DE,20355,53.5497,9.9794
DE,20357,53.5511,9.97
DE,20359,53.5503,9.9353
DE,20457,53.5297,9.9883
DE,20459,53.5511,9.97
DE,20535,53.555,10.0333
DE,20537,53.5506,10.0569
DE,20539,53.5356,10.0369
DE,21029,53.4826,10.2211
DE,21031,53.4858,10.2267
DE,21033,53.5053,10.1518
DE,21035,53.5069,10.1256
DE,21037,53.4814,10.0664
DE,21039,53.443,10.2514
DE,21073,53.4514,9.935
DE,21075,53.4703,9.8933
DE,21077,53.4208,9.9875
DE,21079,53.4672,10.0297
DE,21107,53.5392,9.9614
DE,21109,53.5007,10.0137
DE,21129,53.5217,9.8003
DE,21147,53.4842,9.8512
DE,21149,53.4772,9.8458
DE,22041,53.5741,10.076
DE,22043,53.5869,10.1175
DE,22045,53.5829,10.1268
DE,22047,53.5794,10.0864
DE,22049,53.5808,10.0594
DE,22081,53.58,10.0436
DE,22083,53.575,10.0342
DE,22085,53.5714,10.0189
DE,22087,53.5603,10.0511
DE,22089,53.5794,10.0864
DE,22111,53.5281,10.0933
DE,22115,53.5411,10.1242
DE,22117,53.5389,10.128
DE,22119,53.5411,10.1242
DE,22143,53.6063,10.1669
DE,22145,53.6228,10.1761
DE,22147,53.6072,10.1606
DE,22149,53.6072,10.1606
DE,22159,53.6153,10.1162
DE,22175,53.6122,10.0886
DE,22177,53.6057,10.0691
DE,22179,53.6122,10.0886
DE,22297,53.6023,10.0252
DE,22299,53.5953,10.0122
DE,22301,53.5843,10.003
DE,22303,53.5953,10.0122
DE,22305,53.5886,10.0483
DE,22307,53.5961,10.0511
DE,22309,53.6068,10.0474
DE,22335,53.6108,10.0131
DE,22337,53.6283,10.0347
DE,22339,53.6539,10.0486
DE,22359,53.6556,10.1656
DE,22391,53.6122,10.0886
DE,22393,53.6431,10.0897
DE,22395,53.6672,10.1306
DE,22397,53.7067,10.0944
DE,22399,53.6811,10.0867
DE,22415,53.6446,10.0078
DE,22417,53.6539,10.0486
DE,22419,53.6663,10.0057
DE,22453,53.6186,9.9611
DE,22455,53.6407,9.955
DE,22457,53.6186,9.9611
DE,22459,53.6242,9.9235
DE,22523,53.6108,9.9033
DE,22525,53.592,9.9198
DE,22527,53.5914,9.94
DE,22529,53.6031,9.9564
DE,22547,53.5736,9.8522
DE,22549,53.5824,9.8556
DE,22559,53.5847,9.7564
DE,22587,53.5652,9.8
DE,22589,53.5856,9.7989
DE,22605,53.5512,9.8846
DE,22607,53.55,9.8631
DE,22609,53.5736,9.8522
DE,22761,53.566,9.9116
DE,22763,53.552,9.9084
DE,22765,53.5503,9.9353
DE,22767,53.5509,9.9425
DE,22769,53.5625,9.9573
DE,27499,53.9167,8.5
DE,17033,53.5476,13.2555
DE,17034,53.5761,13.2797
DE,17036,53.5537,13.2969
DE,17039,53.5973,13.3694
DE,17087,53.6942,13.265
DE,17089,53.7165,13.3566
DE,17091,53.6524,13.124
DE,17094,53.4786,13.431
DE,17098,53.6703,13.554
DE,17099,53.7301,13.4428
DE,17109,53.9076,13.0314
DE,17111,53.7646,13.0204
DE,17121,53.9758,13.136
DE,17126,53.9239,13.3403
DE,17129,53.8734,13.2922
DE,17139,53.7539,12.697
DE,17153,53.6022,12.9555
DE,17154,53.8227,12.7901
DE,17159,53.8682,12.819
DE,17166,53.8148,12.5021
DE,17168,53.8736,12.5522
DE,17179,53.9687,12.711
DE,17192,53.5105,12.7833
DE,17194,53.5786,12.5289
DE,17207,53.4164,12.5908
DE,17209,53.3017,12.4913
DE,17213,53.4428,12.4249
DE,17214,53.5126,12.3464
DE,17217,53.5348,13.0685
DE,17219,53.4799,12.967
DE,17235,53.3613,13.0729
DE,17237,53.3913,13.314
DE,17248,53.3355,12.7254
DE,17252,53.2241,12.7847
DE,17255,53.228,12.9697
DE,17258,53.3391,13.4188
DE,17259,53.3391,13.4188
DE,17309,53.5709,14.15
DE,17321,53.5843,14.2472
DE,17322,53.5353,14.29
DE,17328,53.3151,14.2173
DE,17329,53.344,14.2647
DE,17335,53.5103,13.7451
DE,17348,53.5,13.4667
DE,17349,53.5544,13.5051
DE,17358,53.6749,14.0346
DE,17367,53.6797,14.0799
DE,17373,53.7379,14.0447
DE,17375,53.7194,14.0276
DE,17379,53.7045,13.8357
DE,17389,53.8564,13.6897
DE,17390,53.9249,13.5525
DE,17391,53.8189,13.548
DE,17392,53.8242,13.6152
DE,17398,53.7934,13.7521
DE,17406,53.8754,13.9239
DE,17419,53.8728,14.2074
DE,17424,53.95,14.1667
DE,17429,53.9667,14.15
DE,17438,54.0528,13.772
DE,17440,54.0353,13.7854
DE,17449,54.1111,13.8319
DE,17454,54.0667,13.9
DE,17459,54.0639,13.9545
DE,17489,54.0881,13.3876
DE,17491,54.083,13.4058
DE,17493,54.0902,13.4464
DE,17495,53.9771,13.5485
DE,17498,54.089,13.2689
DE,17506,53.9771,13.4044
DE,17509,54.1045,13.5649
DE,18055,54.0865,12.1544
DE,18057,54.0872,12.1062
DE,18059,54.0679,12.1186
DE,18069,54.1021,12.0164
DE,18106,54.0833,12.1333
DE,18107,54.1436,12.0325
DE,18109,54.1471,12.0689
DE,18119,54.0833,12.1333
DE,18146,54.1282,12.1761
DE,18147,54.1243,12.1243
DE,18181,54.2512,12.2514
DE,18182,54.1767,12.2428
DE,18184,54.0707,12.2042
DE,18190,54.0776,12.3756
DE,18195,53.9911,12.4957
DE,18196,54.03,12.3292
DE,18198,54.0524,12.0531
DE,18209,54.1226,11.7875
DE,18211,54.1304,11.9991
DE,18225,54.15,11.75
DE,18230,54.1257,11.697
DE,18231,54.0319,11.6725
DE,18233,54.0392,11.6204
DE,18236,54.0696,11.7947
DE,18239,54.0055,11.9934
DE,18246,53.9542,11.8966
DE,18249,53.904,11.8867
DE,18258,53.9405,12.1072
DE,18273,53.7972,12.1734
DE,18276,53.8627,12.2985
DE,18279,53.6862,12.4363
DE,18292,53.7088,12.1888
DE,18299,53.954,12.2615
DE,18311,54.2422,12.4567
DE,18314,54.325,12.6833
DE,18317,54.3105,12.4994
DE,18320,54.2224,12.6828
DE,18334,54.0475,12.6907
DE,18337,54.1544,12.5726
DE,18347,54.3474,12.3984
DE,18356,54.3605,12.6019
DE,18374,54.4357,12.6888
DE,18375,54.4333,12.5833
DE,18435,54.3272,13.0642
DE,18437,54.3041,13.046
DE,18439,54.3024,13.0928
DE,18442,54.2332,12.9316
DE,18445,54.3546,12.9564
DE,18461,54.2013,12.8941
DE,18465,54.0956,12.7568
DE,18469,54.3019,12.7906
DE,18507,54.1122,13.0405
DE,18510,54.1471,12.9809
DE,18513,54.074,12.9434
DE,18516,54.0762,13.1333
DE,18519,54.2123,13.2517
DE,18528,54.4719,13.4485
DE,18546,54.5127,13.62
DE,18551,54.5691,13.4655
DE,18556,54.6742,13.4183
DE,18565,54.549,13.1036
DE,18569,54.4717,13.3031
DE,18573,54.3299,13.1264
DE,18574,54.3535,13.371
DE,18581,54.3551,13.4763
DE,18586,54.3791,13.6742
DE,18609,54.3833,13.6167
DE,19053,53.6313,11.4092
DE,19055,53.6441,11.4103
DE,19057,53.6382,11.3766
DE,19059,53.641,11.3905
DE,19061,53.5992,11.404
DE,19063,53.6007,11.4433
DE,19065,53.6354,11.5681
DE,19067,53.6972,11.5271
DE,19069,53.7589,11.4139
DE,19071,53.7055,11.2746
DE,19073,53.5443,11.2173
DE,19075,53.5413,11.3537
DE,19077,53.5093,11.3746
DE,19079,53.4675,11.4991
DE,19086,53.5515,11.5093
DE,19089,53.5719,11.7314
DE,19205,53.6489,11.1462
DE,19209,53.5864,11.1765
DE,19217,53.7586,10.9379
DE,19230,53.4663,11.1621
DE,19243,53.5213,11.1543
DE,19246,53.5315,10.8909
DE,19249,53.3166,11.0081
DE,19258,53.4292,10.683
DE,19260,53.4465,10.8852
DE,19273,53.3333,10.8267
DE,19288,53.278,11.2884
DE,19294,53.1747,11.2945
DE,19300,53.2629,11.6753
DE,19303,53.2355,11.1396
DE,19306,53.3785,11.5926
DE,19370,53.4263,11.8488
DE,19372,53.4475,11.7044
DE,19374,53.5035,11.7719
DE,19376,53.3168,11.9295
DE,19386,53.4461,12.1315
DE,19395,53.5377,12.2578
DE,19399,53.5745,12.1296
DE,19406,53.6954,11.9725
DE,19412,53.7372,11.7147
DE,19417,53.8003,11.705
DE,23923,53.8206,10.9864
DE,23936,53.8291,11.1166
DE,23942,53.911,10.9755
DE,23944,53.9878,11.2019
DE,23946,53.9833,11.2167
DE,23948,53.9022,11.2626
DE,23952,53.8884,11.4622
DE,23966,53.892,11.4636
DE,23968,53.9209,11.3174
DE,23970,53.8743,11.4488
DE,23972,53.8543,11.4333
DE,23974,53.9897,11.5336
DE,23992,53.8655,11.6851
DE,23996,53.7845,11.5111
DE,23999,54,11.4333
DE,21217,53.4193,10.0211
DE,21218,53.4,9.9667
DE,21220,53.3661,10.048
DE,21224,53.4065,9.9256
DE,21227,53.3358,9.9615
DE,21228,53.35,9.9833
DE,21244,53.3264,9.8681
DE,21255,53.3032,9.7629
DE,21256,53.2456,9.8392
DE,21258,53.3167,9.6667
DE,21259,53.2402,9.7425
DE,21261,53.2398,9.8018
DE,21266,53.3097,9.9526
DE,21271,53.2927,9.9791
DE,21272,53.193,10.063
DE,21274,53.1971,9.9757
DE,21279,53.3495,9.7723
DE,21335,53.2329,10.4078
DE,21337,53.2558,10.4398
DE,21339,53.2604,10.3968
DE,21354,53.2897,10.7337
DE,21357,53.2935,10.3881
DE,21358,53.2833,10.3167
DE,21360,53.2745,10.3537
DE,21365,53.2819,10.4379
DE,21368,53.2,10.75
DE,21369,53.1739,10.8138
DE,21371,53.2098,10.8193
DE,21376,53.2373,10.1014
DE,21379,53.3214,10.5742
DE,21380,53.3718,10.4879
DE,21382,53.3333,10.45
DE,21385,53.1057,10.2209
DE,21386,53.1375,10.3127
DE,21388,53.1428,10.1481
DE,21391,53.2538,10.3178
DE,21394,53.2206,10.3363
DE,21395,53.3964,10.4108
DE,21397,53.198,10.5456
DE,21398,53.2652,10.6213
DE,21400,53.2345,10.5732
DE,21401,53.2333,10.6667
DE,21403,53.2167,10.4667
DE,21406,53.1833,10.4
DE,21407,53.2,10.4333
DE,21409,53.1761,10.3463
DE,21423,53.4167,10.2667
DE,21435,53.3842,10.1114
DE,21436,53.4152,10.3752
DE,21438,53.2997,10.0486
DE,21439,53.3121,10.0041
DE,21441,53.2847,10.1614
DE,21442,53.2643,10.1145
DE,21444,53.2667,10.2167
DE,21445,53.3,10.15
DE,21447,53.3408,10.3465
DE,21449,53.3167,10.2833
DE,21522,53.3445,10.5891
DE,21614,53.4672,9.6864
DE,21629,53.4227,9.7896
DE,21635,53.532,9.6808
DE,21640,53.4833,9.6
DE,21641,53.4333,9.6167
DE,21643,53.4167,9.6167
DE,21644,53.3833,9.6
DE,21646,53.3553,9.5985
DE,21647,53.4062,9.6988
DE,21649,53.3833,9.65
DE,21680,53.5908,9.4848
DE,21682,53.6084,9.4688
DE,21683,53.6,9.4833
DE,21684,53.6,9.4833
DE,21698,53.454,9.503
DE,21702,53.4,9.45
DE,21706,53.7101,9.3846
DE,21709,53.6248,9.2663
DE,21710,53.6667,9.3333
DE,21712,53.6833,9.2667
DE,21714,53.6167,9.3667
DE,21717,53.529,9.4438
DE,21720,53.5422,9.6232
DE,21723,53.6,9.55
DE,21726,53.6065,9.206
DE,21727,53.576,9.2027
DE,21729,53.8333,9.2833
DE,21730,53.8333,9.1333
DE,21732,53.8308,9.2038
DE,21734,53.8027,9.2368
DE,21737,53.7833,9.3167
DE,21739,53.5333,9.55
DE,21745,53.687,9.1549
DE,21755,53.6404,9.2394
DE,21756,53.7,9.2
DE,21762,53.7781,8.9412
DE,21763,53.777,8.8936
DE,21765,53.7667,8.8333
DE,21769,53.6333,9.1
DE,21770,53.65,9.0333
DE,21772,53.6612,8.9723
DE,21775,53.6833,8.8833
DE,21776,53.75,8.8
DE,21781,53.7693,9.0627
DE,21782,53.7461,8.9781
DE,21784,53.8,9.0833
DE,21785,53.8167,9
DE,21787,53.75,9.15
DE,21789,53.7357,9.0805
DE,26121,53.1599,8.205
DE,26122,53.1407,8.2171
DE,26123,53.1567,8.2333
DE,26125,53.1698,8.225
DE,26127,53.1684,8.2106
DE,26129,53.1547,8.1706
DE,26131,53.131,8.1828
DE,26133,53.1156,8.2159
DE,26135,53.1267,8.2384
DE,26160,53.1717,8.0414
DE,26169,53.0226,7.8576
DE,26180,53.25,8.2
DE,26188,53.1228,8.1138
DE,26197,52.9438,8.2532
DE,26203,53.0667,8.2
DE,26209,53.0167,8.35
DE,26215,53.25,8.1167
DE,26219,53,7.95
DE,26316,53.3969,8.1362
DE,26340,53.3894,7.9548
DE,26345,53.4339,8.0517
DE,26349,53.3844,8.241
DE,26382,53.5234,8.1075
DE,26384,53.5395,8.1441
DE,26386,53.5568,8.1266
DE,26388,53.577,8.1021
DE,26389,53.5241,8.0867
DE,26409,53.606,7.835
DE,26419,53.5548,7.984
DE,26427,53.6487,7.6127
DE,26434,53.6628,7.9159
DE,26441,53.5737,7.8981
DE,26446,53.5018,7.8902
DE,26452,53.5049,8.0142
DE,26465,53.75,7.4833
DE,26474,53.7701,7.6948
DE,26486,53.79,7.8994
DE,26487,53.5768,7.5582
DE,26489,53.6051,7.5237
DE,26506,53.5915,7.2127
DE,26524,53.6,7.3167
DE,26529,53.5442,7.254
DE,26532,53.5868,7.3396
DE,26548,53.7083,7.1582
DE,26553,53.6537,7.3772
DE,26556,53.6167,7.4833
DE,26571,53.6779,6.9958
DE,26579,53.7284,7.3714
DE,26603,53.4719,7.4775
DE,26605,53.4839,7.5151
DE,26607,53.4839,7.5151
DE,26624,53.488,7.3612
DE,26629,53.3835,7.5269
DE,26632,53.4151,7.4544
DE,26639,53.4334,7.7603
DE,26655,53.2568,7.9274
DE,26670,53.3055,7.7512
DE,26676,53.1698,7.7501
DE,26683,53.1033,7.6825
DE,26689,53.2262,7.7489
DE,26721,53.3701,7.2031
DE,26723,53.3667,7.2167
DE,26725,53.3528,7.2184
DE,26736,53.4527,7.1556
DE,26757,53.5809,6.6915
DE,26759,53.4373,7.1723
DE,26789,53.2348,7.4752
DE,26802,53.3114,7.423
DE,26810,53.1692,7.4614
DE,26817,53.1362,7.5747
DE,26826,53.1633,7.3505
DE,26831,53.1469,7.2669
DE,26835,53.2833,7.5833
DE,26842,53.1333,7.6167
DE,26844,53.2667,7.3833
DE,26845,53.2461,7.5718
DE,26847,53.2093,7.674
DE,26849,53.2421,7.6279
DE,26871,53.0774,7.4044
DE,26892,52.992,7.2983
DE,26897,52.9929,7.6333
DE,26899,53.0602,7.2713
DE,26901,52.9249,7.6434
DE,26903,52.978,7.5153
DE,26904,52.9121,7.5358
DE,26906,52.9611,7.2739
DE,26907,52.9272,7.2832
DE,26909,52.9582,7.4484
DE,26919,53.3252,8.465
DE,26931,53.2375,8.4566
DE,26935,53.3833,8.3833
DE,26936,53.3833,8.3833
DE,26937,53.3833,8.3833
DE,26939,53.3419,8.4218
DE,26954,53.4861,8.4809
DE,26969,53.5472,8.335
DE,27211,52.8506,8.7279
DE,27232,52.6837,8.8095
DE,27239,52.7993,8.6416
DE,27243,52.95,8.5667
DE,27245,52.5701,8.8086
DE,27246,52.6646,9.0201
DE,27248,52.75,8.7
DE,27249,52.6922,8.8845
DE,27251,52.7333,8.7667
DE,27252,52.7377,8.8303
DE,27254,52.6929,8.9396
DE,27257,52.7934,8.8361
DE,27259,52.623,8.6522
DE,27283,52.9208,9.248
DE,27299,52.9786,9.1854
DE,27305,52.8293,8.9907
DE,27308,52.9424,9.3181
DE,27313,52.85,9.2333
DE,27318,52.8078,9.1403
DE,27321,52.9667,9.0167
DE,27324,52.7809,9.2829
DE,27327,52.8757,9.0608
DE,27330,52.7722,9.0049
DE,27333,52.7333,9.1
DE,27336,52.8099,9.3923
DE,27337,52.9167,9.1333
DE,27339,52.9667,8.95
DE,27356,53.1199,9.4238
DE,27367,53.0667,9.3167
DE,27374,52.9855,9.5826
DE,27383,53.1667,9.4833
DE,27386,53.09,9.4726
DE,27389,53.2242,9.5531
DE,27404,53.3287,9.1135
DE,27412,53.1833,9.15
DE,27419,53.3333,9.5
DE,27432,53.4833,9.05
DE,27442,53.3833,9
DE,27446,53.4093,9.1293
DE,27449,53.4815,9.3212
DE,27472,53.8584,8.709
DE,27474,53.8555,8.6773
DE,27476,53.861,8.6483
DE,27478,53.8187,8.664
DE,27607,53.6055,8.5951
DE,27612,53.4667,8.65
DE,27616,53.4362,8.7519
DE,27619,53.5333,8.65
DE,27624,53.6034,8.8788
DE,27628,53.366,8.6901
DE,27637,53.7833,8.6
DE,27638,53.65,8.5167
DE,27639,53.6753,8.5165
DE,27711,53.227,8.7953
DE,27721,53.1829,8.7355
DE,27726,53.2167,8.9333
DE,27729,53.3083,8.8252
DE,27749,53.0509,8.6291
DE,27751,53.048,8.6606
DE,27753,53.0628,8.6236
DE,27755,53.0275,8.6385
DE,27777,53.0333,8.5333
DE,27793,52.8945,8.4338
DE,27798,53.1167,8.4667
DE,27801,52.9333,8.3833
DE,27804,53.1814,8.4822
DE,27809,53.1667,8.6167
DE,28790,53.2321,8.5407
DE,28816,53.0333,8.75
DE,28832,53.0142,9.0263
DE,28844,52.989,8.8314
DE,28857,52.9135,8.8221
DE,28865,53.1419,8.9034
DE,28870,53.1292,9.1068
DE,28876,53.05,9.0167
DE,28879,53.1833,8.9833
DE,29221,52.6175,10.085
DE,29223,52.6333,10.0842
DE,29225,52.6122,10.0402
DE,29227,52.611,10.0993
DE,29229,52.6167,10.0833
DE,29303,52.8084,9.9637
DE,29308,52.6837,9.9095
DE,29313,52.6333,9.9833
DE,29320,52.8325,10.0896
DE,29323,52.65,9.8333
DE,29328,52.9,10.1667
DE,29331,52.6167,10.25
DE,29336,52.557,10.1021
DE,29339,52.5369,10.1507
DE,29342,52.5802,10.1886
DE,29345,52.8347,10.2969
DE,29348,52.7167,10.2833
DE,29351,52.6833,10.3333
DE,29352,52.564,10.0604
DE,29353,52.6107,10.2853
DE,29355,52.6429,10.2591
DE,29356,52.5163,10.2151
DE,29358,52.5504,10.1844
DE,29359,52.7086,10.2274
DE,29361,52.6833,10.25
DE,29362,52.5872,10.376
DE,29364,52.5559,10.2829
DE,29365,52.7667,10.4918
DE,29367,52.6833,10.4
DE,29369,52.5911,10.4319
DE,29378,52.7281,10.7391
DE,29379,52.7333,10.7167
DE,29386,52.7,10.5
DE,29389,52.8333,10.6833
DE,29392,52.6,10.5333
DE,29393,52.6476,10.4637
DE,29394,52.8088,10.6661
DE,29396,52.6333,10.6333
DE,29399,52.6167,10.6
DE,29439,52.9681,11.154
DE,29451,53.1134,11.1648
DE,29456,53.1606,10.9932
DE,29459,52.9373,10.9575
DE,29462,52.9237,11.1285
DE,29465,52.8913,10.8923
DE,29468,52.8908,10.9566
DE,29471,53.0103,11.39
DE,29472,53.1618,11.1385
DE,29473,53.1465,10.8859
DE,29475,53.047,11.3553
DE,29476,53.0541,11.2224
DE,29478,53.0417,11.4444
DE,29479,53.035,11.0232
DE,29481,53.0856,11.0293
DE,29482,53.0121,11.0484
DE,29484,53.1009,11.2558
DE,29485,52.9167,11.3333
DE,29487,52.9275,11.0486
DE,29488,52.9116,11.181
DE,29490,53.229,10.8853
DE,29491,52.9667,11.4
DE,29493,53.0373,11.5645
DE,29494,53,11.3167
DE,29496,53,10.9667
DE,29497,52.95,11.2167
DE,29499,53.0685,10.8832
DE,29525,52.9657,10.5611
DE,29549,53.0792,10.5813
DE,29553,53.1416,10.4868
DE,29556,52.8959,10.4514
DE,29559,52.9043,10.5749
DE,29562,52.9333,10.7667
DE,29565,53.0313,10.2985
DE,29568,52.8853,10.6587
DE,29571,52.9866,10.7518
DE,29574,53.0278,10.4184
DE,29575,53.1305,10.6016
DE,29576,53.05,10.5167
DE,29578,52.966,10.3132
DE,29579,53.0202,10.5646
DE,29581,52.9667,10.4167
DE,29582,53.05,10.3667
DE,29584,53.0942,10.7291
DE,29585,53.1013,10.5224
DE,29587,53.0798,10.4703
DE,29588,53.0192,10.6757
DE,29590,52.9758,10.6754
DE,29591,53.1,10.65
DE,29593,53.0056,10.4454
DE,29594,52.8737,10.7616
DE,29596,52.8757,10.5562
DE,29597,53.0667,10.7833
DE,29599,53.0594,10.7028
DE,29614,52.9864,9.8434
DE,29633,52.9857,10.0876
DE,29640,53.1168,9.7952
DE,29643,53.0326,9.7064
DE,29646,53.0831,9.9977
DE,29649,52.9167,9.9833
DE,29664,52.8615,9.5926
DE,29683,52.8497,9.688
DE,29690,52.7,9.5833
DE,29693,52.7667,9.55
DE,29699,52.9,9.65
DE,30159,52.3736,9.7371
DE,30161,52.3874,9.7465
DE,30163,52.3943,9.7475
DE,30165,52.4008,9.7217
DE,30167,52.3914,9.7083
DE,30169,52.3633,9.748
DE,30171,52.3697,9.7521
DE,30173,52.3586,9.7558
DE,30175,52.3667,9.7167
DE,30177,52.3973,9.7707
DE,30179,52.4137,9.7544
DE,30419,52.414,9.6603
DE,30449,52.3685,9.7082
DE,30451,52.3751,9.7094
DE,30453,52.3665,9.6815
DE,30455,52.3574,9.671
DE,30457,52.3288,9.7001
DE,30459,52.3425,9.7153
DE,30519,52.3398,9.7743
DE,30521,52.3667,9.7167
DE,30539,52.339,9.8288
DE,30559,52.3613,9.8344
DE,30625,52.3795,9.8075
DE,30627,52.3667,9.7167
DE,30629,52.3895,9.8502
DE,30655,52.4026,9.7939
DE,30657,52.4265,9.7921
DE,30659,52.4097,9.808
DE,30669,52.3667,9.7167
DE,30823,52.4182,9.6021
DE,30826,52.4759,9.5359
DE,30827,52.4353,9.611
DE,30851,52.4378,9.7432
DE,30853,52.4506,9.7492
DE,30855,52.4402,9.6655
DE,30880,52.3151,9.7974
DE,30890,52.3,9.45
DE,30900,52.541,9.7429
DE,30916,52.4333,9.85
DE,30926,52.3964,9.5973
DE,30938,52.5027,9.86
DE,30952,52.3194,9.6554
DE,30966,52.3143,9.7236
DE,30974,52.274,9.5729
DE,30982,52.2645,9.7644
DE,30989,52.3136,9.6003
DE,31008,52.1226,9.7359
DE,31020,52.0887,9.6312
DE,31028,52.0833,9.7833
DE,31029,52.0667,9.75
DE,31032,52.1143,9.794
DE,31033,52.0425,9.7745
DE,31036,52.0745,9.7212
DE,31039,52.0578,9.7871
DE,31061,51.9881,9.817
DE,31073,51.9412,9.8027
DE,31079,51.9985,9.9352
DE,31084,51.9333,9.9
DE,31085,51.95,9.9167
DE,31088,51.9333,9.9333
DE,31089,52.0045,9.6958
DE,31091,51.9833,9.7333
DE,31093,52.0189,9.7535
DE,31094,52.0372,9.6869
DE,31096,52.0333,9.6667
DE,31097,51.9833,9.9667
DE,31099,51.9833,9.95
DE,31134,52.1531,9.9555
DE,31135,52.1647,9.9768
DE,31137,52.1603,9.9331
DE,31139,52.141,9.9407
DE,31141,52.1353,9.9713
DE,31157,52.235,9.8541
DE,31162,52.0578,10.0058
DE,31167,52.0099,10.132
DE,31171,52.162,9.7835
DE,31174,52.1853,10.1023
DE,31177,52.2104,9.9649
DE,31180,52.1972,9.8989
DE,31185,52.189,10.2324
DE,31188,52.0872,10.1601
DE,31191,52.2533,9.9691
DE,31195,51.9607,10.011
DE,31196,52.0124,9.9759
DE,31199,52.0962,9.9195
DE,31224,52.3233,10.2307
DE,31226,52.3143,10.2336
DE,31228,52.3395,10.2492
DE,31234,52.387,10.2614
DE,31241,52.2634,10.1992
DE,31246,52.25,10.2167
DE,31249,52.2575,10.0642
DE,31275,52.3719,9.9792
DE,31303,52.4463,10.0064
DE,31311,52.4713,10.1581
DE,31319,52.3139,9.9682
DE,31515,52.4238,9.4359
DE,31535,52.5046,9.4587
DE,31542,52.3377,9.3848
DE,31547,52.4695,9.1996
DE,31552,52.3079,9.3248
DE,31553,52.3978,9.297
DE,31555,52.3528,9.3957
DE,31556,52.4167,9.2333
DE,31558,52.4337,9.3247
DE,31559,52.3551,9.3496
DE,31582,52.6757,9.2271
DE,31592,52.5454,9.0701
DE,31595,52.5702,9.0242
DE,31600,52.4998,8.9093
DE,31603,52.4187,8.7176
DE,31604,52.45,8.9667
DE,31606,52.457,8.8495
DE,31608,52.6686,9.1422
DE,31609,52.7167,9.1667
DE,31613,52.7167,9.0833
DE,31618,52.6036,9.0972
DE,31619,52.6167,9.1333
DE,31621,52.6418,9.0263
DE,31622,52.713,9.273
DE,31623,52.6869,9.2108
DE,31626,52.7333,9.2333
DE,31627,52.7099,9.2323
DE,31628,52.5625,9.1246
DE,31629,52.5881,9.1415
DE,31632,52.5667,9.25
DE,31633,52.5,9.1167
DE,31634,52.6555,9.3912
DE,31636,52.5935,9.3026
DE,31637,52.6658,9.4821
DE,31638,52.6407,9.3403
DE,31655,52.3233,9.2031
DE,31675,52.3119,8.9966
DE,31683,52.2721,9.1291
DE,31688,52.2854,9.1705
DE,31691,52.2966,9.1259
DE,31693,52.3196,9.1062
DE,31698,52.3681,9.2992
DE,31699,52.35,9.3167
DE,31700,52.3384,9.2904
DE,31702,52.3582,9.2509
DE,31707,52.2421,9.0982
DE,31708,52.2547,9.1009
DE,31710,52.2265,9.1278
DE,31711,52.2234,9.0726
DE,31712,52.3521,9.1479
DE,31714,52.3555,9.2064
DE,31715,52.3358,9.1296
DE,31717,52.35,9.1833
DE,31718,52.3853,9.1881
DE,31719,52.3838,9.1202
DE,31737,52.1733,9.1195
DE,31749,52.2611,9.0572
DE,31785,52.1037,9.3676
DE,31787,52.115,9.3388
DE,31789,52.0988,9.395
DE,31812,51.9859,9.2525
DE,31832,52.2084,9.5542
DE,31840,52.1727,9.2491
DE,31848,52.1955,9.4642
DE,31855,52.0495,9.2586
DE,31860,52.0449,9.4001
DE,31863,52.1185,9.5487
DE,31867,52.2739,9.3693
DE,31868,51.9471,9.407
DE,34346,51.4151,9.6505
DE,34355,51.35,9.6333
DE,37073,51.5364,9.939
DE,37075,51.5509,9.9328
DE,37077,51.5604,9.9319
DE,37079,51.5333,9.9333
DE,37081,51.5335,9.8993
DE,37083,51.513,9.9535
DE,37085,51.5333,9.9333
DE,37115,51.5131,10.2595
DE,37120,51.5884,9.9222
DE,37124,51.5,9.9
DE,37127,51.4991,9.7618
DE,37130,51.4667,10.0333
DE,37133,51.4192,9.9176
DE,37136,51.571,10.1063
DE,37139,51.5827,9.7546
DE,37154,51.7066,10
DE,37170,51.6569,9.635
DE,37176,51.6288,9.9359
DE,37181,51.6523,9.8305
DE,37186,51.6992,9.8711
DE,37191,51.6833,10.1
DE,37194,51.6404,9.5557
DE,37197,51.6482,10.2386
DE,37199,51.66,10.1744
DE,37412,51.6592,10.2777
DE,37431,51.6327,10.4703
DE,37434,51.6061,10.1326
DE,37441,51.595,10.5555
DE,37444,51.71,10.5187
DE,37445,51.5833,10.6167
DE,37447,51.634,10.587
DE,37449,51.6333,10.6333
DE,37520,51.7269,10.2509
DE,37534,51.7667,10.1667
DE,37539,51.8167,10.2333
DE,37547,51.8536,9.9648
DE,37574,51.8202,9.8696
DE,37581,51.8717,10.0254
DE,37586,51.8018,9.689
DE,37589,51.8,10.0333
DE,37603,51.828,9.4455
DE,37619,51.9886,9.47
DE,37620,51.9912,9.5653
DE,37627,51.8605,9.5932
DE,37632,51.8833,9.7833
DE,37633,51.9706,9.6067
DE,37635,51.9527,9.6245
DE,37639,51.8583,9.4941
DE,37640,51.9,9.55
DE,37642,51.9167,9.5833
DE,37643,51.8833,9.5667
DE,37647,51.9167,9.4167
DE,37649,51.8833,9.4333
DE,37691,51.75,9.3833
DE,37697,51.6594,9.3871
DE,37699,51.7333,9.4
DE,38023,52.255,10.541
DE,38100,52.2647,10.5233
DE,38102,52.2575,10.5365
DE,38104,52.2835,10.5822
DE,38106,52.2789,10.5427
DE,38108,52.3015,10.5688
DE,38110,52.328,10.4761
DE,38112,52.3022,10.4979
DE,38114,52.2764,10.5127
DE,38116,52.2667,10.5333
DE,38118,52.259,10.5002
DE,38120,52.2546,10.4879
DE,38122,52.224,10.4989
DE,38124,52.2258,10.5271
DE,38126,52.2443,10.5594
DE,38154,52.2512,10.8168
DE,38159,52.2604,10.3649
DE,38162,52.25,10.65
DE,38165,52.3333,10.6667
DE,38170,52.1748,10.762
DE,38173,52.1725,10.6681
DE,38176,52.3296,10.3926
DE,38179,52.3481,10.4463
DE,38226,52.1221,10.3761
DE,38228,52.1528,10.3333
DE,38229,52.1542,10.3792
DE,38239,52.1461,10.4072
DE,38259,52.1221,10.3761
DE,38268,52.2049,10.3078
DE,38271,52.0833,10.2333
DE,38272,52.1443,10.2176
DE,38274,52.0833,10.2833
DE,38275,52.0541,10.3282
DE,38277,52.0667,10.25
DE,38279,52.0389,10.2657
DE,38281,52.159,10.535
DE,38300,52.1578,10.5579
DE,38302,52.1661,10.5514
DE,38304,52.1424,10.5484
DE,38312,52.0593,10.6107
DE,38315,52.05,10.5373
DE,38319,52.1137,10.6741
DE,38321,52.15,10.6083
DE,38322,52.0667,10.6833
DE,38324,52.1096,10.59
DE,38325,52.0666,10.7409
DE,38327,52.0937,10.6969
DE,38329,52.1297,10.64
DE,38350,52.2279,11.0098
DE,38364,52.138,10.9674
DE,38368,52.3064,11.0147
DE,38372,52.1704,11.0188
DE,38373,52.2281,10.9039
DE,38375,52.196,10.8787
DE,38376,52.2507,10.9101
DE,38378,52.1812,10.9197
DE,38379,52.191,10.9388
DE,38381,52.0817,10.8984
DE,38382,52.0741,10.8581
DE,38384,52.0766,10.8222
DE,38385,52.1066,10.8734
DE,38387,52.0898,10.9252
DE,38388,52.1248,10.9168
DE,38440,52.4239,10.7812
DE,38442,52.4204,10.7188
DE,38444,52.4003,10.7531
DE,38446,52.3808,10.8285
DE,38448,52.4231,10.8224
DE,38458,52.408,10.9364
DE,38459,52.3859,11.0004
DE,38461,52.4247,10.9129
DE,38462,52.4448,10.9451
DE,38464,52.3736,10.9193
DE,38465,52.6002,10.9375
DE,38467,52.544,10.8451
DE,38468,52.5667,10.8
DE,38470,52.5347,10.8902
DE,38471,52.4856,10.8864
DE,38473,52.5167,10.8
DE,38474,52.5758,10.8782
DE,38476,52.5219,10.7749
DE,38477,52.5,10.7667
DE,38479,52.4705,10.7407
DE,38518,52.4777,10.5511
DE,38524,52.5167,10.6333
DE,38527,52.3849,10.5393
DE,38528,52.3798,10.4508
DE,38530,52.3804,10.4029
DE,38531,52.4167,10.5333
DE,38533,52.3652,10.5204
DE,38536,52.4744,10.3525
DE,38539,52.5333,10.3667
DE,38542,52.4395,10.4346
DE,38543,52.4167,10.4
DE,38547,52.4207,10.6233
DE,38550,52.4333,10.5833
DE,38551,52.4344,10.51
DE,38553,52.4133,10.5936
DE,38554,52.4621,10.717
DE,38556,52.5,10.7167
DE,38557,52.4693,10.6801
DE,38559,52.5523,10.5234
DE,38640,51.9191,10.4167
DE,38642,51.9191,10.4167
DE,38644,51.9585,10.3895
DE,38667,51.8991,10.5182
DE,38678,51.8095,10.3382
DE,38685,51.9238,10.3866
DE,38690,51.9524,10.5637
DE,38700,51.7265,10.6109
DE,38704,52.0218,10.4317
DE,38707,51.8333,10.4333
DE,38709,51.8281,10.2815
DE,38723,51.891,10.1785
DE,38729,51.95,10.2167
DE,48455,52.3007,7.1576
DE,48465,52.3333,7.1833
DE,48480,52.3667,7.4667
DE,48488,52.4,7.3
DE,48499,52.3256,7.4305
DE,48527,52.4491,7.0518
DE,48529,52.4149,7.0766
DE,48531,52.4517,7.1065
DE,49074,52.2738,8.0521
DE,49076,52.2832,7.9485
DE,49078,52.2651,8.0096
DE,49080,52.2491,8.0367
DE,49082,52.244,8.0613
DE,49084,52.2667,8.0725
DE,49086,52.2887,8.0892
DE,49088,52.2667,8.05
DE,49090,52.2983,8.0131
DE,49124,52.203,8.0448
DE,49134,52.35,8.0167
DE,49143,52.2333,8.1667
DE,49152,52.3175,8.413
DE,49163,52.3667,8.3167
DE,49170,52.2094,7.9206
DE,49176,52.1644,8.1468
DE,49179,52.35,8.2333
DE,49186,52.1549,8.0422
DE,49191,52.3,8.1333
DE,49196,52.1,8.0833
DE,49201,52.1167,8.2
DE,49205,52.2375,7.9611
DE,49214,52.1167,8.1667
DE,49219,52.0847,7.9994
DE,49324,52.1977,8.3389
DE,49326,52.2,8.35
DE,49328,52.2,8.35
DE,49356,52.6078,8.3701
DE,49377,52.7263,8.286
DE,49393,52.6589,8.225
DE,49401,52.5216,8.1979
DE,49406,52.7101,8.5026
DE,49413,52.6622,8.1244
DE,49419,52.55,8.5833
DE,49424,52.7883,8.432
DE,49429,52.8333,8.3167
DE,49434,52.5167,8.0667
DE,49439,52.5864,8.2157
DE,49448,52.4833,8.3667
DE,49451,52.5833,8.1167
DE,49453,52.6449,8.4717
DE,49456,52.7412,8.1955
DE,49457,52.65,8.4333
DE,49459,52.5333,8.35
DE,49565,52.4088,7.9729
DE,49577,52.55,7.8833
DE,49584,52.5167,7.6767
DE,49586,52.4171,7.8389
DE,49593,52.5516,7.9484
DE,49594,52.5,7.95
DE,49596,52.5768,8.0034
DE,49597,52.4833,8.0167
DE,49599,52.4333,7.75
DE,49610,52.675,7.9498
DE,49624,52.7368,7.7581
DE,49626,52.6233,7.7455
DE,49632,52.7,7.9167
DE,49635,52.6333,7.9833
DE,49637,52.6833,7.8167
DE,49638,52.615,7.8607
DE,49661,52.8475,8.045
DE,49681,52.95,8.0167
DE,49685,52.8333,8.15
DE,49688,52.7947,7.8671
DE,49692,52.8167,8.1167
DE,49696,52.8512,7.9716
DE,49699,52.85,7.7833
DE,49716,52.6906,7.291
DE,49733,52.7886,7.1841
DE,49740,52.6741,7.4846
DE,49744,52.6,7.2667
DE,49751,52.8703,7.6032
DE,49757,52.85,7.6833
DE,49762,52.8667,7.3167
DE,49767,52.6561,7.1057
DE,49770,52.6853,7.5995
DE,49774,52.7455,7.5704
DE,49777,52.768,7.4618
DE,49779,52.8571,7.282
DE,49808,52.5138,7.3133
DE,49809,52.5223,7.3284
DE,49811,52.5167,7.3167
DE,49824,52.6167,6.85
DE,49828,52.5667,7.0833
DE,49832,52.4333,7.5
DE,49835,52.5181,7.1341
DE,49838,52.5646,7.5768
DE,49843,52.55,6.7167
DE,49844,52.6,7.4
DE,49846,52.5833,6.95
DE,49847,52.5062,6.8035
DE,49849,52.5333,6.85
DE,40210,51.2216,6.7897
DE,40211,51.2278,6.7861
DE,40212,51.223,6.7827
DE,40213,51.2249,6.7743
DE,40215,51.2165,6.7836
DE,40217,51.2157,6.7767
DE,40219,51.2125,6.7637
DE,40221,51.2002,6.7564
DE,40223,51.1998,6.7727
DE,40225,51.2055,6.7885
DE,40227,51.2117,6.8071
DE,40229,51.1984,6.8415
DE,40231,51.217,6.8254
DE,40233,51.2214,6.8116
DE,40235,51.2301,6.8216
DE,40237,51.2352,6.8191
DE,40239,51.2167,6.7667
DE,40468,51.2561,6.7808
DE,40470,51.2517,6.8143
DE,40472,51.2686,6.81
DE,40474,51.2696,6.748
DE,40476,51.2465,6.7855
DE,40477,51.2371,6.7795
DE,40479,51.2167,6.7667
DE,40489,51.2167,6.7667
DE,40545,51.2167,6.7667
DE,40547,51.2429,6.7428
DE,40549,51.2302,6.7135
DE,40589,51.1668,6.8253
DE,40591,51.1953,6.8324
DE,40593,51.2167,6.7667
DE,40595,51.2167,6.7667
DE,40597,51.1659,6.8773
DE,40599,51.1809,6.8598
DE,40625,51.2322,6.8567
DE,40627,51.2167,6.7667
DE,40629,51.2596,6.8898
DE,40667,51.2503,6.6899
DE,40668,51.3042,6.6718
DE,40670,51.2734,6.6484
DE,40699,51.2223,6.9083
DE,40721,51.1694,6.9253
DE,40723,51.1578,6.939
DE,40724,51.1803,6.9472
DE,40764,51.1082,6.9483
DE,40789,51.0916,6.8922
DE,40822,51.2504,6.9754
DE,40832,51.3,6.85
DE,40878,51.2922,6.8485
DE,40880,51.3,6.85
DE,40882,51.2984,6.8585
DE,40883,51.3,6.85
DE,40885,51.3394,6.8528
DE,41061,51.1958,6.4387
DE,41063,51.2,6.4333
DE,41065,51.1911,6.4467
DE,41066,51.2249,6.4838
DE,41068,51.1977,6.3911
DE,41069,51.1768,6.4021
DE,41169,51.2,6.4333
DE,41179,51.1723,6.3414
DE,41189,51.139,6.4102
DE,41199,51.129,6.4386
DE,41236,51.1666,6.4427
DE,41238,51.1514,6.4703
DE,41239,51.1604,6.4172
DE,41334,51.3246,6.2329
DE,41352,51.1914,6.5135
DE,41363,51.1,6.5
DE,41366,51.2167,6.2667
DE,41372,51.2108,6.1775
DE,41379,51.2405,6.1838
DE,41460,51.2014,6.6944
DE,41462,51.2154,6.6631
DE,41464,51.1843,6.6821
DE,41466,51.1682,6.6847
DE,41468,51.1646,6.7519
DE,41469,51.1576,6.7328
DE,41470,51.2,6.6833
DE,41472,51.2,6.6833
DE,41515,51.0904,6.6067
DE,41516,51.1292,6.6245
DE,41517,51.0833,6.5833
DE,41539,51.0964,6.84
DE,41540,51.0923,6.8114
DE,41541,51.127,6.8068
DE,41542,51.113,6.7752
DE,41564,51.2293,6.6188
DE,41569,51.0333,6.6833
DE,41747,51.2556,6.3917
DE,41748,51.25,6.3833
DE,41749,51.2852,6.3871
DE,41751,51.25,6.3833
DE,42103,51.2569,7.1505
DE,42105,51.2649,7.1307
DE,42107,51.2619,7.1513
DE,42109,51.2765,7.1559
DE,42111,51.2667,7.1833
DE,42113,51.2678,7.1285
DE,42115,51.2497,7.103
DE,42117,51.2498,7.1239
DE,42119,51.2441,7.1661
DE,42275,51.2718,7.204
DE,42277,51.2742,7.2203
DE,42279,51.3077,7.2522
DE,42281,51.2878,7.194
DE,42283,51.2699,7.1838
DE,42285,51.259,7.1695
DE,42287,51.2432,7.2066
DE,42289,51.2667,7.1833
DE,42327,51.2424,7.06
DE,42329,51.2221,7.0639
DE,42349,51.216,7.1418
DE,42369,51.2298,7.202
DE,42389,51.2732,7.235
DE,42399,51.2667,7.1833
DE,42489,51.282,7.0382
DE,42549,51.3336,7.027
DE,42551,51.3434,7.0594
DE,42553,51.3005,7.0914
DE,42555,51.3515,7.1302
DE,42579,51.3266,6.9711
DE,42651,51.1728,7.094
DE,42653,51.1878,7.0785
DE,42655,51.176,7.0653
DE,42657,51.1532,7.0595
DE,42659,51.1595,7.1036
DE,42697,51.1611,7.0016
DE,42699,51.156,7.0152
DE,42719,51.1825,7.0454
DE,42781,51.1938,7.0133
DE,42853,51.1802,7.1872
DE,42855,51.1807,7.2066
DE,42857,51.1775,7.1661
DE,42859,51.1833,7.2
DE,42897,51.1833,7.2556
DE,42899,51.2201,7.2407
DE,45127,51.4535,7.0102
DE,45128,51.4457,7.0103
DE,45130,51.434,7.0161
DE,45131,51.4273,6.9967
DE,45133,51.4112,6.9931
DE,45134,51.4232,7.0298
DE,45136,51.4353,7.0352
DE,45138,51.447,7.0381
DE,45139,51.4602,7.0439
DE,45141,51.4705,7.0221
DE,45143,51.4631,6.9741
DE,45144,51.45,7.0167
DE,45145,51.449,6.9734
DE,45147,51.4408,6.9863
DE,45149,51.4209,6.9708
DE,45219,51.45,7.0167
DE,45239,51.3806,7.0169
DE,45257,51.3935,7.0825
DE,45259,51.45,7.0167
DE,45276,51.4467,7.0821
DE,45277,51.45,7.0167
DE,45279,51.45,7.0167
DE,45289,51.4159,7.1215
DE,45307,51.4614,7.0785
DE,45309,51.4804,7.0714
DE,45326,51.4844,7.005
DE,45327,51.4992,7.0488
DE,45329,51.5032,7.0073
DE,45355,51.4698,6.9517
DE,45356,51.4824,6.9748
DE,45357,51.4918,6.9402
DE,45359,51.4681,6.9174
DE,45403,51.4333,6.8833
DE,45468,51.4268,6.8806
DE,45470,51.4194,6.8937
DE,45472,51.4374,6.9566
DE,45473,51.4421,6.8982
DE,45475,51.4587,6.8885
DE,45476,51.449,6.8612
DE,45478,51.4326,6.8216
DE,45479,51.422,6.8566
DE,45481,51.4004,6.8773
DE,46045,51.4706,6.8568
DE,46047,51.4834,6.8798
DE,46049,51.4773,6.8413
DE,46117,51.5005,6.8859
DE,46119,51.4667,6.85
DE,46145,51.5256,6.8517
DE,46147,51.5355,6.8116
DE,46149,51.5175,6.8332
DE,46446,51.8393,6.2479
DE,46459,51.8097,6.4004
DE,46483,51.6669,6.6204
DE,46485,51.6637,6.6824
DE,46487,51.6833,6.5762
DE,46499,51.7326,6.5903
DE,46509,51.6588,6.453
DE,46514,51.6833,6.8667
DE,46519,51.5833,6.5167
DE,46535,51.559,6.7357
DE,46537,51.5774,6.7465
DE,46539,51.5675,6.7625
DE,46562,51.6251,6.6525
DE,46569,51.65,6.7833
DE,47051,51.4294,6.7744
DE,47053,51.4216,6.7553
DE,47055,51.4034,6.7703
DE,47057,51.4216,6.7957
DE,47058,51.4346,6.7858
DE,47059,51.4375,6.7428
DE,47119,51.4632,6.7328
DE,47137,51.468,6.7715
DE,47138,51.4333,6.75
DE,47139,51.4784,6.7334
DE,47166,51.4913,6.7741
DE,47167,51.507,6.7963
DE,47169,51.5044,6.7538
DE,47178,51.4333,6.75
DE,47179,51.4333,6.75
DE,47198,51.4499,6.6901
DE,47199,51.4333,6.75
DE,47226,51.4076,6.7215
DE,47228,51.4134,6.6963
DE,47229,51.391,6.7071
DE,47239,51.3926,6.6564
DE,47249,51.3831,6.7521
DE,47259,51.3614,6.7246
DE,47269,51.3601,6.7793
DE,47279,51.3929,6.7981
DE,47441,51.4463,6.6396
DE,47443,51.4542,6.6679
DE,47445,51.45,6.65
DE,47447,51.45,6.65
DE,47475,51.5047,6.5459
DE,47495,51.5465,6.5952
DE,47506,51.45,6.55
DE,47509,51.4667,6.4667
DE,47533,51.7883,6.1386
DE,47546,51.7391,6.291
DE,47551,51.7667,6.1667
DE,47559,51.7833,6.0167
DE,47574,51.6787,6.159
DE,47589,51.6652,6.2737
DE,47608,51.5191,6.3236
DE,47623,51.5829,6.2414
DE,47624,51.5833,6.25
DE,47625,51.5833,6.25
DE,47626,51.5833,6.25
DE,47627,51.5833,6.25
DE,47638,51.4419,6.2664
DE,47647,51.45,6.3667
DE,47652,51.6268,6.1979
DE,47661,51.5333,6.4333
DE,47665,51.6074,6.3792
DE,47669,51.3974,6.2919
DE,47798,51.3311,6.5616
DE,47799,51.3319,6.5717
DE,47800,51.3428,6.5951
DE,47802,51.3333,6.5683
DE,47803,51.3516,6.5496
DE,47804,51.3037,6.5032
DE,47805,51.3251,6.5805
DE,47807,51.304,6.5899
DE,47809,51.3281,6.616
DE,47829,51.3553,6.6366
DE,47839,51.3755,6.5091
DE,47877,51.2637,6.5473
DE,47906,51.3643,6.4186
DE,47918,51.3209,6.4941
DE,47929,51.3363,6.3407
DE,41812,51.0795,6.3153
DE,41836,51.0555,6.2266
DE,41844,51.1422,6.2844
DE,41849,51.1001,6.1548
DE,42477,51.2022,7.3603
DE,42499,51.1498,7.3447
DE,42799,51.1063,7.0187
DE,42929,51.1397,7.2158
DE,50126,50.9562,6.6349
DE,50127,50.9412,6.6631
DE,50129,50.9741,6.6794
DE,50169,50.8748,6.7435
DE,50170,50.8964,6.6829
DE,50171,50.8791,6.6939
DE,50181,50.9926,6.5713
DE,50189,50.9374,6.5683
DE,50226,50.9149,6.8118
DE,50259,50.9996,6.8063
DE,50321,50.8293,6.905
DE,50354,50.8708,6.8676
DE,50374,50.8148,6.7939
DE,50389,50.8271,6.9747
DE,50667,50.9387,6.9547
DE,50668,50.9499,6.9628
DE,50670,50.9504,6.9502
DE,50672,50.9439,6.9363
DE,50674,50.9326,6.9342
DE,50676,50.9314,6.9526
DE,50677,50.9214,6.9507
DE,50678,50.9233,6.9635
DE,50679,50.9365,6.9781
DE,50733,50.9643,6.9537
DE,50735,50.9896,6.9622
DE,50737,50.9923,6.9334
DE,50739,50.9807,6.9212
DE,50765,51.0198,6.8684
DE,50767,51.0033,6.8847
DE,50769,51.0458,6.876
DE,50823,50.9511,6.9264
DE,50825,50.9541,6.9103
DE,50827,50.9667,6.9
DE,50829,50.9746,6.8713
DE,50858,50.9243,6.8565
DE,50859,50.9535,6.8328
DE,50931,50.9323,6.9183
DE,50933,50.9427,6.8763
DE,50935,50.9225,6.8956
DE,50937,50.9124,6.9108
DE,50939,50.9078,6.9247
DE,50968,50.9033,6.9647
DE,50969,50.9036,6.9385
DE,50996,50.8834,6.9902
DE,50997,50.864,6.9512
DE,50999,50.8753,7.0202
DE,51061,50.994,7.003
DE,51063,50.9685,7.0054
DE,51065,50.9549,7.0121
DE,51067,50.9656,7.042
DE,51069,50.9925,7.0537
DE,51103,50.942,7.0166
DE,51105,50.9188,6.9972
DE,51107,50.9236,7.0905
DE,51109,50.9447,7.0699
DE,51143,50.8598,7.036
DE,51145,50.8824,7.0804
DE,51147,50.8686,7.1073
DE,51149,50.9055,7.0414
DE,51371,51.0645,6.9592
DE,51373,51.0307,6.9898
DE,51375,51.0331,7.052
DE,51377,51.0509,7.0633
DE,51379,51.0665,7.004
DE,51381,51.05,7.0167
DE,51399,51.0847,7.1139
DE,51427,50.952,7.1114
DE,51429,50.9655,7.1823
DE,51465,50.9891,7.129
DE,51467,51.0089,7.1052
DE,51469,50.9854,7.1141
DE,51491,50.9327,7.2839
DE,51503,50.8956,7.1818
DE,51515,51.05,7.2667
DE,51519,51.0333,7.1167
DE,51545,50.8758,7.6169
DE,51570,50.7909,7.5676
DE,51580,50.9284,7.6432
DE,51588,50.9043,7.5406
DE,51597,50.8666,7.7279
DE,51643,51.0143,7.5724
DE,51645,51.0006,7.5693
DE,51647,51.0333,7.55
DE,51674,50.9495,7.5506
DE,51688,51.1161,7.3986
DE,51702,51.025,7.656
DE,51709,51.0832,7.5309
DE,51766,50.9885,7.4139
DE,51789,51.0196,7.3776
DE,52062,50.776,6.0872
DE,52064,50.7683,6.076
DE,52066,50.7564,6.0914
DE,52068,50.7787,6.1085
DE,52070,50.7884,6.1044
DE,52072,50.8034,6.0627
DE,52074,50.7479,6.0485
DE,52076,50.7167,6.1481
DE,52078,50.7624,6.138
DE,52080,50.7793,6.1642
DE,52134,50.8687,6.0932
DE,52146,50.8181,6.1347
DE,52152,50.6,6.3
DE,52156,50.5546,6.24
DE,52159,50.65,6.2
DE,52222,50.7775,6.2209
DE,52223,50.7318,6.2104
DE,52224,50.74,6.2877
DE,52249,50.8185,6.2718
DE,52349,50.8009,6.4788
DE,52351,50.8086,6.4982
DE,52353,50.8294,6.462
DE,52355,50.7907,6.4659
DE,52372,50.747,6.4907
DE,52379,50.8167,6.35
DE,52382,50.8833,6.4667
DE,52385,50.6927,6.4844
DE,52388,50.806,6.6395
DE,52391,50.7333,6.6
DE,52393,50.7167,6.3667
DE,52396,50.6369,6.469
DE,52399,50.8268,6.5249
DE,52428,50.9215,6.3627
DE,52441,50.98,6.2705
DE,52445,51.0062,6.4248
DE,52457,50.9,6.2833
DE,52459,50.8431,6.36
DE,52477,50.8767,6.164
DE,52499,50.9096,6.1887
DE,52511,50.9675,6.1176
DE,52525,51.0661,5.9881
DE,52531,50.9177,6.1234
DE,52538,50.9925,5.998
DE,53111,50.7362,7.1002
DE,53113,50.7231,7.1068
DE,53115,50.7272,7.0851
DE,53117,50.761,7.063
DE,53119,50.7431,7.059
DE,53121,50.7317,7.0575
DE,53123,50.711,7.0489
DE,53125,50.7333,7.1
DE,53127,50.7112,7.0668
DE,53129,50.7207,7.107
DE,53173,50.6902,7.1666
DE,53175,50.6975,7.1417
DE,53177,50.6813,7.1546
DE,53179,50.6653,7.1822
DE,53225,50.7462,7.1294
DE,53227,50.7248,7.1555
DE,53229,50.7323,7.1847
DE,53332,50.7631,6.9909
DE,53340,50.6239,7.0294
DE,53343,50.6333,7.1
DE,53347,50.7333,7.0167
DE,53359,50.6256,6.9491
DE,53604,50.6434,7.2278
DE,53639,50.7026,7.2584
DE,53721,50.8002,7.2077
DE,53757,50.7754,7.197
DE,53773,50.7756,7.2831
DE,53783,50.7667,7.45
DE,53797,50.8387,7.214
DE,53804,50.8747,7.3537
DE,53809,50.8437,7.4841
DE,53819,50.8667,7.325
DE,53840,50.8152,7.172
DE,53842,50.8189,7.1189
DE,53844,50.8015,7.1271
DE,53859,50.815,7.0378
DE,53879,50.6606,6.7872
DE,53881,50.6272,6.8478
DE,53894,50.6399,6.7042
DE,53902,50.5567,6.7642
DE,53909,50.7,6.65
DE,53913,50.7,6.9167
DE,53919,50.7529,6.8458
DE,53925,50.5422,6.563
DE,53937,50.529,6.4769
DE,53940,50.4412,6.4361
DE,53945,50.4333,6.65
DE,53947,50.4937,6.629
DE,53949,50.3861,6.5477
DE,44575,51.55,7.3167
DE,44577,51.55,7.3167
DE,44579,51.55,7.3167
DE,44581,51.55,7.3167
DE,45657,51.6132,7.1956
DE,45659,51.6007,7.1927
DE,45661,51.6167,7.2
DE,45663,51.5794,7.2158
DE,45665,51.6017,7.2183
DE,45699,51.5964,7.1439
DE,45701,51.5996,7.0962
DE,45711,51.656,7.3453
DE,45721,51.7287,7.1666
DE,45731,51.6213,7.4024
DE,45739,51.642,7.2645
DE,45768,51.6484,7.0845
DE,45770,51.6566,7.1101
DE,45772,51.6744,7.1343
DE,45879,51.5087,7.0968
DE,45881,51.5213,7.0747
DE,45883,51.5221,7.0575
DE,45884,51.4866,7.0835
DE,45886,51.4967,7.1136
DE,45888,51.5185,7.1222
DE,45889,51.5305,7.1143
DE,45891,51.5592,7.0841
DE,45892,51.5748,7.1165
DE,45894,51.579,7.0579
DE,45896,51.6071,7.0488
DE,45897,51.5717,7.0471
DE,45899,51.533,7.0234
DE,45964,51.5713,6.9827
DE,45966,51.5842,6.9746
DE,45968,51.5566,7.0025
DE,46236,51.5232,6.9253
DE,46238,51.5303,6.9681
DE,46240,51.5167,6.9167
DE,46242,51.5214,6.9071
DE,46244,51.6061,6.9154
DE,46282,51.6566,6.9657
DE,46284,51.6812,6.963
DE,46286,51.7377,7.0067
DE,46325,51.8438,6.8577
DE,46342,51.8945,6.9881
DE,46348,51.7667,6.85
DE,46354,51.9333,6.8667
DE,46359,51.8333,6.9333
DE,46395,51.8208,6.6063
DE,46397,51.8413,6.6242
DE,46399,51.8453,6.6035
DE,46414,51.8354,6.696
DE,46419,51.8323,6.4643
DE,48079,51.96,7.631
DE,48143,51.9597,7.6314
DE,48145,51.9667,7.6333
DE,48147,51.9858,7.648
DE,48149,51.9716,7.6068
DE,48151,51.951,7.6181
DE,48153,51.9268,7.6313
DE,48155,51.9597,7.6349
DE,48157,52.0003,7.6893
DE,48159,51.9915,7.6124
DE,48161,51.9471,7.5446
DE,48163,51.9176,7.5725
DE,48165,51.903,7.6395
DE,48167,51.9162,7.7108
DE,48231,51.9511,7.9876
DE,48249,51.8315,7.2808
DE,48268,52.0936,7.594
DE,48282,52.1734,7.5278
DE,48291,51.98,7.7829
DE,48301,51.9333,7.35
DE,48308,51.8564,7.4833
DE,48317,51.7953,7.7382
DE,48324,51.8559,7.7884
DE,48329,51.9833,7.4167
DE,48336,51.9922,8.0407
DE,48341,52.05,7.4667
DE,48346,52.0402,7.8423
DE,48351,51.9259,7.8469
DE,48356,52.0833,7.4833
DE,48361,51.9291,8.1112
DE,48366,52.0556,7.3577
DE,48369,52.1737,7.634
DE,48429,52.2868,7.4437
DE,48431,52.2772,7.432
DE,48432,52.2672,7.4443
DE,48477,52.2976,7.5838
DE,48485,52.2447,7.3718
DE,48493,52.2094,7.319
DE,48496,52.3817,7.6016
DE,48565,52.1504,7.3366
DE,48599,52.2012,7.0409
DE,48607,52.208,7.1899
DE,48612,52.081,7.3054
DE,48619,52.1167,7.1
DE,48624,52.1,7.2333
DE,48629,52.1443,7.2127
DE,48653,51.9435,7.1681
DE,48683,52.092,6.9739
DE,48691,52.0379,6.828
DE,48703,51.994,6.9192
DE,48712,51.954,7.0048
DE,48720,52.0167,7.2167
DE,48727,51.9783,7.2926
DE,48734,51.8324,7.0347
DE,48739,52.0333,7.1
DE,49477,52.2601,7.7135
DE,49479,52.2667,7.7333
DE,49492,52.3167,7.8833
DE,49497,52.3167,7.7833
DE,49504,52.2833,7.9167
DE,49509,52.3689,7.7212
DE,49525,52.1866,7.8604
DE,49536,52.15,7.9833
DE,49545,52.2196,7.8136
DE,49549,52.1333,7.75
DE,59227,51.7602,7.8845
DE,59229,51.7502,7.8968
DE,59269,51.7557,8.0407
DE,59302,51.8289,8.1472
DE,59320,51.8384,8.0309
DE,59329,51.7333,8.25
DE,59348,51.7683,7.4438
DE,59387,51.7833,7.6167
DE,59394,51.7383,7.522
DE,59399,51.7079,7.3789
DE,32049,52.1337,8.6963
DE,32051,52.127,8.6427
DE,32052,52.1005,8.6723
DE,32105,52.0808,8.7505
DE,32107,52.0613,8.7341
DE,32108,52.0692,8.7598
DE,32120,52.1667,8.6167
DE,32130,52.1406,8.5577
DE,32139,52.1402,8.4847
DE,32257,52.1984,8.5864
DE,32278,52.2,8.6333
DE,32289,52.25,8.4833
DE,32312,52.307,8.6142
DE,32339,52.3825,8.6213
DE,32351,52.4167,8.45
DE,32361,52.3412,8.5253
DE,32369,52.4337,8.6126
DE,32423,52.2873,8.9243
DE,32425,52.2833,8.9167
DE,32427,52.2946,8.8976
DE,32429,52.2833,8.9167
DE,32457,52.2296,8.9161
DE,32469,52.3751,8.9654
DE,32479,52.3333,8.75
DE,32545,52.1917,8.8093
DE,32547,52.206,8.8107
DE,32549,52.2473,8.7858
DE,32584,52.1885,8.6922
DE,32602,52.1388,8.7806
DE,32609,52.2833,8.6667
DE,32657,52.0279,8.899
DE,32676,51.9583,9.2471
DE,32683,51.9904,9.1164
DE,32689,52.1222,8.96
DE,32694,52.0411,9.0028
DE,32699,52.067,9.1162
DE,32756,51.936,8.8783
DE,32758,51.9509,8.8658
DE,32760,51.8613,8.8645
DE,32791,51.9922,8.793
DE,32805,51.8855,8.9624
DE,32816,51.8771,9.1954
DE,32825,51.9678,9.0473
DE,32832,51.9094,8.7317
DE,32839,51.8707,9.0914
DE,33014,51.733,9.0197
DE,33034,51.7175,9.186
DE,33039,51.805,9.113
DE,33098,51.7136,8.7554
DE,33100,51.7273,8.7706
DE,33102,51.7171,8.7417
DE,33104,51.7571,8.73
DE,33106,51.7327,8.6885
DE,33129,51.7802,8.484
DE,33142,51.5511,8.5596
DE,33154,51.6717,8.6009
DE,33161,51.8167,8.65
DE,33165,51.6171,8.8967
DE,33175,51.7833,8.8168
DE,33178,51.6677,8.7228
DE,33181,51.521,8.6964
DE,33184,51.7645,8.942
DE,33189,51.8098,8.8461
DE,33311,51.9,8.384
DE,33330,51.9074,8.3767
DE,33332,51.9005,8.3837
DE,33334,51.9436,8.4283
DE,33335,51.9316,8.4599
DE,33378,51.8497,8.3002
DE,33397,51.8092,8.4284
DE,33415,51.8833,8.5167
DE,33428,51.9622,8.2277
DE,33442,51.9,8.2167
DE,33449,51.7721,8.3181
DE,33519,52.033,8.533
DE,33602,52.0245,8.5326
DE,33604,52.0106,8.5493
DE,33605,52.0008,8.574
DE,33607,52.0284,8.5759
DE,33609,52.0342,8.5553
DE,33611,52.0483,8.5492
DE,33613,52.044,8.5225
DE,33615,52.0307,8.5133
DE,33617,52.0119,8.5202
DE,33619,52.0333,8.5333
DE,33647,51.99,8.5114
DE,33649,51.9745,8.4686
DE,33659,51.9692,8.5522
DE,33689,51.9501,8.5793
DE,33699,52.0333,8.5333
DE,33719,52.0107,8.5926
DE,33729,52.0707,8.6002
DE,33739,52.0333,8.5333
DE,33758,51.9,8.6167
DE,33775,52.0401,8.1527
DE,33790,52.0601,8.3608
DE,33803,52,8.4
DE,33813,51.9545,8.6622
DE,33818,52.0125,8.6983
DE,33824,52.0777,8.4179
DE,33829,52.1034,8.3021
DE,34414,51.4901,9.1464
DE,34434,51.5692,9.2411
DE,34439,51.6256,9.0369
DE,37671,51.775,9.3816
DE,37688,51.668,9.3742
DE,37696,51.8333,9.2167
DE,34431,51.4617,8.8495
DE,44135,51.5125,7.477
DE,44137,51.5097,7.4601
DE,44139,51.4995,7.4717
DE,44141,51.5044,7.4998
DE,44143,51.5208,7.5184
DE,44145,51.529,7.4802
DE,44147,51.5198,7.4378
DE,44149,51.5005,7.4063
DE,44225,51.4759,7.4434
DE,44227,51.444,7.4546
DE,44229,51.4455,7.4642
DE,44263,51.4847,7.4996
DE,44265,51.461,7.4837
DE,44267,51.469,7.5154
DE,44269,51.4856,7.5366
DE,44287,51.4996,7.5495
DE,44289,51.5161,7.4683
DE,44309,51.5251,7.5475
DE,44319,51.5301,7.5972
DE,44328,51.553,7.5385
DE,44329,51.5161,7.4683
DE,44339,51.5607,7.4657
DE,44357,51.5161,7.4683
DE,44359,51.5724,7.3892
DE,44369,51.5287,7.4137
DE,44379,51.525,7.3676
DE,44388,51.501,7.3371
DE,44532,51.6067,7.5241
DE,44534,51.6189,7.5222
DE,44536,51.5993,7.4681
DE,44623,51.5426,7.219
DE,44625,51.5324,7.206
DE,44627,51.55,7.2167
DE,44628,51.55,7.2167
DE,44629,51.5493,7.2149
DE,44649,51.5329,7.1611
DE,44651,51.55,7.2167
DE,44652,51.5312,7.1704
DE,44653,51.5448,7.1691
DE,44787,51.4803,7.2183
DE,44789,51.4661,7.2491
DE,44791,51.49,7.2493
DE,44793,51.4822,7.1868
DE,44795,51.4501,7.1984
DE,44797,51.4285,7.2424
DE,44799,51.4509,7.2388
DE,44801,51.4833,7.2167
DE,44803,51.4637,7.2446
DE,44805,51.518,7.2722
DE,44807,51.5156,7.2118
DE,44809,51.4997,7.1944
DE,44866,51.4808,7.1486
DE,44867,51.4645,7.1418
DE,44869,51.4658,7.1572
DE,44879,51.4271,7.1543
DE,44892,51.4745,7.311
DE,44894,51.4925,7.3106
DE,45525,51.3954,7.1779
DE,45527,51.4,7.1667
DE,45529,51.4,7.1667
DE,45549,51.3467,7.2434
DE,57072,50.8734,8.0104
DE,57074,50.8625,8.0338
DE,57076,50.8994,8.031
DE,57078,50.9116,8.008
DE,57080,50.834,8.0219
DE,57223,50.9678,7.9885
DE,57234,50.8167,8.1
DE,57250,50.8998,8.1513
DE,57258,50.8974,7.8741
DE,57271,50.9969,8.1106
DE,57290,50.8,8
DE,57299,50.7511,8.0794
DE,57319,51.0385,8.355
DE,57334,50.9409,8.3302
DE,57339,50.9893,8.2529
DE,57368,51.1172,8.0671
DE,57392,51.1547,8.285
DE,57399,51.0856,8.0889
DE,57413,51.168,7.973
DE,57439,51.1264,7.9033
DE,57462,51.029,7.8514
DE,57482,50.9667,7.8667
DE,57489,51.0236,7.7736
DE,58089,51.3801,7.4394
DE,58091,51.3201,7.508
DE,58093,51.3657,7.5207
DE,58095,51.3606,7.4785
DE,58097,51.3668,7.4776
DE,58099,51.3987,7.4901
DE,58119,51.3529,7.563
DE,58135,51.3474,7.4274
DE,58239,51.4439,7.5675
DE,58256,51.2985,7.3629
DE,58285,51.3197,7.3392
DE,58300,51.3875,7.3928
DE,58313,51.4,7.4358
DE,58332,51.2863,7.2939
DE,58339,51.2593,7.4681
DE,58452,51.4315,7.334
DE,58453,51.4434,7.3633
DE,58454,51.4644,7.3739
DE,58455,51.4452,7.3303
DE,58456,51.4046,7.2583
DE,58507,51.2258,7.6342
DE,58509,51.2269,7.613
DE,58511,51.2169,7.6457
DE,58513,51.2462,7.6201
DE,58515,51.2012,7.6258
DE,58540,51.1074,7.6484
DE,58553,51.1861,7.4982
DE,58566,51.134,7.5908
DE,58579,51.2412,7.5279
DE,58636,51.38,7.7032
DE,58638,51.3743,7.6961
DE,58640,51.3667,7.7
DE,58642,51.3708,7.6109
DE,58644,51.3246,7.6968
DE,58675,51.3871,7.7702
DE,58706,51.4408,7.7887
DE,58708,51.4553,7.7764
DE,58710,51.4187,7.8259
DE,58730,51.4756,7.7695
DE,58739,51.4964,7.8659
DE,58762,51.2947,7.6734
DE,58769,51.3167,7.6167
DE,58791,51.2601,7.7661
DE,58802,51.3315,7.8642
DE,58809,51.2828,7.7825
DE,58840,51.2095,7.8726
DE,58849,51.1923,7.8063
DE,59063,51.6747,7.8407
DE,59065,51.6802,7.8134
DE,59067,51.6742,7.7799
DE,59069,51.645,7.8608
DE,59071,51.691,7.8704
DE,59073,51.6833,7.8
DE,59075,51.6866,7.7359
DE,59077,51.6425,7.7343
DE,59174,51.5923,7.6638
DE,59192,51.6163,7.6445
DE,59199,51.6,7.7667
DE,59368,51.6645,7.6342
DE,59379,51.6969,7.4681
DE,59423,51.5302,7.676
DE,59425,51.5485,7.6849
DE,59427,51.5393,7.7283
DE,59439,51.5,7.6333
DE,59457,51.5549,7.914
DE,59469,51.5133,7.9494
DE,59494,51.5756,8.1062
DE,59505,51.5833,8.1667
DE,59510,51.6766,8.1224
DE,59514,51.6167,7.9667
DE,59519,51.5,8.1333
DE,59555,51.6767,8.3411
DE,59556,51.6667,8.35
DE,59557,51.6574,8.3435
DE,59558,51.6667,8.35
DE,59581,51.4662,8.3108
DE,59590,51.6409,8.5109
DE,59597,51.6034,8.2908
DE,59602,51.4909,8.436
DE,59609,51.5667,8.3333
DE,59755,51.3833,8.0833
DE,59757,51.3833,8.0833
DE,59759,51.4263,7.9913
DE,59821,51.3997,8.0627
DE,59823,51.3833,8.0833
DE,59846,51.3281,8.0037
DE,59872,51.3502,8.2833
DE,59889,51.2673,8.2351
DE,59909,51.3608,8.4008
DE,59929,51.3946,8.5715
DE,59939,51.3561,8.489
DE,59955,51.1925,8.5347
DE,59964,51.1971,8.7063
DE,51598,50.9038,7.8096
DE,53424,50.5788,7.227
DE,53426,50.4979,7.1771
DE,53474,50.5432,7.1113
DE,53489,50.5438,7.2464
DE,53498,50.4833,7.2333
DE,53501,50.5833,7.0667
DE,53505,50.5169,6.9921
DE,53506,50.4667,7.05
DE,53507,50.5333,7.05
DE,53508,50.5208,7.0169
DE,53518,50.3824,6.9329
DE,53520,50.3333,6.8167
DE,53533,50.3833,6.8
DE,53534,50.3333,6.8833
DE,53539,50.3,6.8333
DE,53545,50.5688,7.2844
DE,53547,50.5536,7.2939
DE,53557,50.5169,7.312
DE,53560,50.6167,7.35
DE,53562,50.5833,7.3833
DE,53567,50.6667,7.4167
DE,53572,50.5965,7.2189
DE,53577,50.6209,7.4325
DE,53578,50.6412,7.3535
DE,53579,50.5833,7.2333
DE,53619,50.6167,7.2333
DE,54290,49.7537,6.6393
DE,54292,49.7728,6.6645
DE,54293,49.75,6.6333
DE,54294,49.744,6.6188
DE,54295,49.75,6.6333
DE,54296,49.75,6.6333
DE,54298,49.8667,6.5167
DE,54306,49.8333,6.6333
DE,54308,49.7244,6.4991
DE,54309,49.8124,6.583
DE,54310,49.8333,6.4833
DE,54311,49.7623,6.5599
DE,54313,49.9,6.7
DE,54314,49.6167,6.7
DE,54316,49.65,6.7
DE,54317,49.7167,6.7333
DE,54318,49.7721,6.7329
DE,54320,49.7462,6.7454
DE,54329,49.7005,6.5765
DE,54331,49.6755,6.6708
DE,54332,49.7074,6.5394
DE,54338,49.8,6.7833
DE,54340,49.8084,6.7683
DE,54341,49.7667,6.7833
DE,54343,49.8593,6.7648
DE,54344,49.8,6.7167
DE,54346,49.8,6.8333
DE,54347,49.8555,6.8978
DE,54349,49.8247,6.8993
DE,54411,49.6553,6.9441
DE,54413,49.6167,6.8833
DE,54421,49.6833,6.8833
DE,54422,49.6833,7.0833
DE,54424,49.7788,7.0212
DE,54426,49.7833,6.9
DE,54427,49.6331,6.8222
DE,54429,49.6333,6.7833
DE,54439,49.5667,6.3667
DE,54441,49.5667,6.5667
DE,54450,49.5435,6.5329
DE,54451,49.6049,6.5955
DE,54453,49.65,6.45
DE,54455,49.5752,6.5745
DE,54456,49.6667,6.5167
DE,54457,49.609,6.426
DE,54459,49.6592,6.5926
DE,54470,49.916,7.0766
DE,54472,49.8904,7.1176
DE,54483,49.9,7.1833
DE,54484,49.9333,7
DE,54486,49.9125,7.0195
DE,54487,49.8833,6.95
DE,54492,49.95,7.0167
DE,54497,49.8109,6.9859
DE,54498,49.8864,6.9165
DE,54516,50.0167,6.9333
DE,54518,49.9333,6.7667
DE,54523,49.9,6.75
DE,54524,49.9,6.8833
DE,54526,49.9833,6.7667
DE,54528,49.9333,6.85
DE,54529,49.9833,6.6833
DE,54531,50.0833,6.8333
DE,54533,50.0333,6.9
DE,54534,50.0167,6.8
DE,54536,49.9833,7.0833
DE,54538,49.9667,7.05
DE,54539,49.9794,7.0061
DE,54550,50.1972,6.8294
DE,54552,50.1833,6.9167
DE,54558,50.0833,6.9167
DE,54568,50.2222,6.6598
DE,54570,50.1221,6.6007
DE,54574,50.1833,6.6333
DE,54576,50.2918,6.6696
DE,54578,50.3406,6.6733
DE,54579,50.35,6.75
DE,54584,50.3333,6.6
DE,54585,50.3667,6.6167
DE,54586,50.3333,6.5833
DE,54587,50.3167,6.6
DE,54589,50.35,6.5
DE,54595,50.2078,6.4202
DE,54597,50.1167,6.5667
DE,54608,50.25,6.2667
DE,54610,50.2167,6.55
DE,54611,50.3544,6.4382
DE,54612,50.1167,6.4833
DE,54614,50.1833,6.45
DE,54616,50.2167,6.2167
DE,54617,50.15,6.1833
DE,54619,50.1167,6.2167
DE,54634,49.95,6.4833
DE,54636,50.0167,6.4
DE,54646,49.9333,6.3667
DE,54647,49.9749,6.6372
DE,54649,50.1167,6.3833
DE,54655,50.0333,6.5667
DE,54657,50.1,6.55
DE,54662,49.95,6.6333
DE,54664,49.9,6.6167
DE,54666,49.8454,6.457
DE,54668,49.8935,6.4128
DE,54669,49.8527,6.3579
DE,54673,50.0167,6.3
DE,54675,49.9,6.2333
DE,54687,50.0896,6.2707
DE,54689,50.0667,6.15
DE,55116,50.001,8.2688
DE,55118,50,8.2711
DE,55120,50.0196,8.2321
DE,55122,49.995,8.237
DE,55124,50.0025,8.2148
DE,55126,49.9836,8.1767
DE,55127,50,8.2711
DE,55128,49.9808,8.2422
DE,55129,49.9661,8.2663
DE,55130,49.9873,8.2965
DE,55131,49.9823,8.2609
DE,55218,49.9708,8.0588
DE,55232,49.7466,8.1151
DE,55234,49.7178,8.1061
DE,55237,49.785,8.04
DE,55239,49.7847,8.1942
DE,55257,50.0167,8.1667
DE,55262,50,8.1261
DE,55263,49.9744,8.1167
DE,55268,49.9117,8.2053
DE,55270,49.9372,8.1889
DE,55271,49.9122,8.1253
DE,55276,49.8372,8.3497
DE,55278,49.8267,8.2953
DE,55283,49.87,8.3365
DE,55286,49.8431,8.0917
DE,55288,49.8103,8.1275
DE,55291,49.8774,8.1363
DE,55294,49.9353,8.32
DE,55296,49.8983,8.2947
DE,55299,49.9153,8.3389
DE,55411,49.9667,7.8992
DE,55413,50.0333,7.7833
DE,55422,50.0572,7.7695
DE,55424,49.9434,7.8943
DE,55425,49.95,7.8333
DE,55430,50.1078,7.7252
DE,55432,50.1167,7.7
DE,55435,49.9567,8.0157
DE,55437,49.9,8.0289
DE,55442,49.9333,7.8
DE,55444,49.9667,7.7167
DE,55450,49.9,7.9
DE,55452,49.9,7.8167
DE,55457,49.9,7.9667
DE,55459,49.9,7.9833
DE,55469,49.95,7.4833
DE,55471,49.9833,7.45
DE,55481,49.95,7.3667
DE,55483,49.8667,7.4333
DE,55487,49.9167,7.35
DE,55490,49.8667,7.4167
DE,55491,49.9,7.25
DE,55494,50.0333,7.6833
DE,55496,49.9667,7.6
DE,55497,49.9833,7.6167
DE,55499,49.959,7.5567
DE,55543,49.8368,7.8647
DE,55545,49.8484,7.8378
DE,55546,49.7774,7.8926
DE,55559,49.878,7.8965
DE,55566,49.7667,7.5667
DE,55568,49.7767,7.6889
DE,55569,49.8333,7.5667
DE,55571,49.7648,7.7061
DE,55576,49.8333,7.95
DE,55578,49.8356,8.0514
DE,55583,49.8116,7.8452
DE,55585,49.7833,7.8333
DE,55590,49.7072,7.6677
DE,55592,49.7167,7.65
DE,55593,49.85,7.8167
DE,55595,49.8773,7.76
DE,55596,49.8167,7.7167
DE,55597,49.8167,7.9667
DE,55599,49.7667,7.9667
DE,55606,49.8,7.5
DE,55608,49.8667,7.3667
DE,55618,49.8098,7.5228
DE,55619,49.8167,7.4333
DE,55621,49.7167,7.55
DE,55624,49.8833,7.3333
DE,55626,49.8428,7.3783
DE,55627,49.8,7.5667
DE,55629,49.8454,7.5467
DE,55743,49.75,7.3333
DE,55756,49.7833,7.3333
DE,55758,49.7167,7.25
DE,55765,49.65,7.2167
DE,55767,49.7167,7.2
DE,55768,49.6167,7.2
DE,55774,49.6489,7.3975
DE,55776,49.5833,7.2667
DE,55777,49.5667,7.2833
DE,55779,49.6167,7.25
DE,56068,50.3567,7.5932
DE,56070,50.3849,7.5741
DE,56072,50.3578,7.5251
DE,56073,50.3586,7.5812
DE,56075,50.3201,7.5682
DE,56076,50.35,7.6
DE,56077,50.35,7.6
DE,56112,50.3,7.6167
DE,56130,50.3354,7.7137
DE,56132,50.2928,7.718
DE,56133,50.3333,7.6833
DE,56154,50.2308,7.5899
DE,56170,50.4229,7.5792
DE,56179,50.3959,7.6243
DE,56182,50.3833,7.6333
DE,56191,50.4167,7.6
DE,56203,50.4347,7.669
DE,56204,50.4064,7.6986
DE,56206,50.4563,7.6873
DE,56218,50.3851,7.4989
DE,56220,50.3582,7.4596
DE,56235,50.465,7.7283
DE,56237,50.4667,7.6667
DE,56242,50.55,7.7167
DE,56244,50.5833,7.7167
DE,56249,50.5833,7.7333
DE,56253,50.1717,7.3022
DE,56254,50.185,7.3395
DE,56269,50.5639,7.6928
DE,56271,50.4833,7.6
DE,56276,50.5,7.6333
DE,56281,50.15,7.5833
DE,56283,50.1833,7.5333
DE,56288,50.0167,7.45
DE,56290,50.1833,7.4
DE,56291,50.05,7.6167
DE,56294,50.2464,7.3621
DE,56295,50.31,7.4051
DE,56299,50.35,7.3833
DE,56305,50.6044,7.574
DE,56307,50.5833,7.6
DE,56316,50.5667,7.6
DE,56317,50.5833,7.55
DE,56321,50.2813,7.6175
DE,56322,50.2588,7.6484
DE,56323,50.2833,7.55
DE,56329,50.1488,7.7072
DE,56330,50.3023,7.4561
DE,56332,50.2519,7.4416
DE,56333,50.3167,7.5167
DE,56335,50.3836,7.7096
DE,56337,50.3891,7.674
DE,56338,50.2736,7.6451
DE,56340,50.2434,7.6809
DE,56341,50.2228,7.6236
DE,56346,50.2,7.6667
DE,56348,50.15,7.7333
DE,56349,50.0883,7.7607
DE,56355,50.2364,7.739
DE,56357,50.1333,7.8833
DE,56368,50.2669,7.8963
DE,56370,50.292,7.8756
DE,56377,50.3069,7.7694
DE,56379,50.3333,7.95
DE,56410,50.4359,7.8232
DE,56412,50.4333,7.9167
DE,56414,50.5,7.8667
DE,56422,50.4719,7.7984
DE,56424,50.4718,7.8366
DE,56427,50.4864,7.7797
DE,56428,50.4667,7.7833
DE,56457,50.5908,7.9647
DE,56459,50.5608,7.9203
DE,56462,50.6167,7.9833
DE,56470,50.6495,7.9496
DE,56472,50.6328,7.9411
DE,56477,50.6082,8.067
DE,56479,50.5772,8.0497
DE,56564,50.4326,7.463
DE,56566,50.4369,7.5452
DE,56567,50.4565,7.4693
DE,56575,50.4172,7.4507
DE,56579,50.5167,7.5167
DE,56581,50.4833,7.4833
DE,56584,50.5333,7.5667
DE,56587,50.55,7.5333
DE,56588,50.55,7.4167
DE,56589,50.5305,7.421
DE,56593,50.5833,7.4833
DE,56594,50.5691,7.5275
DE,56598,50.5,7.3333
DE,56599,50.45,7.3833
DE,56626,50.4311,7.4042
DE,56630,50.3957,7.3625
DE,56637,50.3926,7.3925
DE,56642,50.3833,7.3333
DE,56645,50.4142,7.3273
DE,56648,50.3833,7.4167
DE,56651,50.4588,7.2181
DE,56653,50.4333,7.2833
DE,56656,50.483,7.3291
DE,56659,50.4546,7.2772
DE,56727,50.3167,7.15
DE,56729,50.3833,7.0333
DE,56736,50.35,7.25
DE,56743,50.3667,7.2833
DE,56745,50.4081,7.1467
DE,56746,50.4398,7.1104
DE,56751,50.2833,7.2833
DE,56753,50.2695,7.3081
DE,56754,50.2191,7.2795
DE,56759,50.2328,7.0733
DE,56761,50.2248,7.1823
DE,56766,50.25,6.95
DE,56767,50.2551,6.9784
DE,56769,50.2833,6.9833
DE,56812,50.1293,7.1215
DE,56814,50.1939,7.1537
DE,56818,50.1667,7.2
DE,56820,50.1,7.2
DE,56821,50.1,7.2333
DE,56823,50.1729,7.0832
DE,56825,50.1552,7.0186
DE,56826,50.1269,7.0074
DE,56828,50.1768,7.0395
DE,56829,50.1667,7.2833
DE,56841,49.9508,7.1156
DE,56843,49.9667,7.1333
DE,56850,49.9667,7.2667
DE,56856,50.0292,7.1823
DE,56858,50.1,7.3
DE,56859,50.0545,7.1234
DE,56861,50.0167,7.1167
DE,56862,50.04,7.128
DE,56864,50.0667,7.0333
DE,56865,50.05,7.2667
DE,56867,50.0167,7.15
DE,56869,50.0667,7.35
DE,57518,50.7774,7.8856
DE,57520,50.7124,7.8511
DE,57537,50.8,7.6833
DE,57539,50.7783,7.688
DE,57548,50.8085,7.8863
DE,57555,50.8167,7.9333
DE,57562,50.777,7.9537
DE,57567,50.7333,7.9667
DE,57572,50.85,7.8667
DE,57577,50.7543,7.6863
DE,57578,50.7333,7.8833
DE,57580,50.7333,7.7667
DE,57581,50.8147,7.8224
DE,57583,50.6981,7.8844
DE,57584,50.8,7.8333
DE,57586,50.7254,7.9281
DE,57587,50.8167,7.7333
DE,57589,50.75,7.6
DE,57610,50.6833,7.6664
DE,57612,50.7167,7.7167
DE,57614,50.65,7.7167
DE,57627,50.6417,7.8294
DE,57629,50.7,7.8
DE,57632,50.6667,7.5333
DE,57635,50.7092,7.4597
DE,57636,50.7,7.6667
DE,57638,50.6685,7.5851
DE,57639,50.6257,7.6659
DE,57641,50.623,7.5169
DE,57642,50.6333,7.8667
DE,57644,50.6333,7.7264
DE,57645,50.6758,7.8383
DE,57647,50.6167,7.8833
DE,57648,50.6488,7.9083
DE,65558,50.35,7.9667
DE,65582,50.4,7.9833
DE,65623,50.3,8.0667
DE,65624,50.3667,7.9833
DE,65626,50.3581,8.0027
DE,65629,50.3333,8.05
DE,66482,49.2469,7.3698
DE,66484,49.2167,7.4833
DE,66497,49.25,7.4333
DE,66500,49.1833,7.4
DE,66501,49.3167,7.4333
DE,66503,49.234,7.474
DE,66504,49.1833,7.5
DE,66506,49.2667,7.5333
DE,66507,49.2828,7.5096
DE,66509,49.2333,7.5
DE,66849,49.4131,7.5702
DE,66851,49.3833,7.5833
DE,66862,49.4167,7.6167
DE,66869,49.5667,7.4
DE,66871,49.5167,7.3667
DE,66877,49.4445,7.5553
DE,66879,49.5,7.55
DE,66882,49.4167,7.4833
DE,66885,49.5685,7.4579
DE,66887,49.6,7.4667
DE,66892,49.3833,7.4333
DE,66894,49.35,7.4
DE,66901,49.4074,7.3723
DE,66903,49.4303,7.3356
DE,66904,49.4317,7.36
DE,66907,49.4722,7.442
DE,66909,49.4833,7.35
DE,66914,49.3833,7.3333
DE,66916,49.4333,7.2667
DE,66917,49.3333,7.5
DE,66919,49.305,7.5482
DE,66953,49.2149,7.629
DE,66954,49.2071,7.5911
DE,66955,49.1839,7.6134
DE,66957,49.1333,7.5167
DE,66969,49.1731,7.6511
DE,66976,49.2394,7.6396
DE,66978,49.2607,7.6773
DE,66981,49.2167,7.7
DE,66987,49.2667,7.5833
DE,66989,49.2333,7.5667
DE,66994,49.151,7.7784
DE,66996,49.0865,7.7207
DE,66999,49.2,7.75
DE,67059,49.4828,8.4376
DE,67061,49.4705,8.4454
DE,67063,49.499,8.4109
DE,67065,49.4603,8.4162
DE,67067,49.4811,8.4353
DE,67069,49.5235,8.4022
DE,67071,49.489,8.3791
DE,67098,49.4563,8.0814
DE,67105,49.3842,8.3775
DE,67112,49.4414,8.3561
DE,67117,49.4244,8.3919
DE,67122,49.4356,8.4947
DE,67125,49.4403,8.3086
DE,67126,49.4194,8.2817
DE,67127,49.43,8.2614
DE,67133,49.4881,8.2917
DE,67134,49.4814,8.2619
DE,67136,49.4611,8.2922
DE,67141,49.4278,8.4247
DE,67146,49.4078,8.1844
DE,67147,49.4258,8.1911
DE,67149,49.4044,8.2392
DE,67150,49.415,8.21
DE,67152,49.4003,8.1961
DE,67157,49.448,8.1712
DE,67158,49.4617,8.2594
DE,67159,49.4469,8.2231
DE,67161,49.4481,8.2386
DE,67165,49.3953,8.4403
DE,67166,49.3722,8.4478
DE,67167,49.4892,8.2247
DE,67169,49.4908,8.1761
DE,67227,49.5386,8.354
DE,67229,49.5383,8.2247
DE,67240,49.5875,8.3578
DE,67245,49.5136,8.2878
DE,67246,49.5633,8.2447
DE,67251,49.5065,8.2119
DE,67256,49.5181,8.2478
DE,67258,49.5458,8.3078
DE,67259,49.5606,8.3194
DE,67269,49.563,8.1628
DE,67271,49.5717,8.1356
DE,67273,49.5092,8.1792
DE,67278,49.6067,8.1849
DE,67280,49.5844,8.1264
DE,67281,49.5358,8.2042
DE,67283,49.5442,8.2044
DE,67292,49.6625,8.0151
DE,67294,49.6967,8.0261
DE,67295,49.6392,8.0119
DE,67297,49.6328,8.04
DE,67304,49.5764,8.0597
DE,67305,49.5369,8.0133
DE,67307,49.595,8.0508
DE,67308,49.6428,8.1339
DE,67310,49.5356,8.0736
DE,67311,49.5386,8.1039
DE,67316,49.5039,8.0417
DE,67317,49.5075,8.0733
DE,67319,49.5217,8.0617
DE,67346,49.3208,8.4311
DE,67354,49.2954,8.407
DE,67360,49.2539,8.3386
DE,67361,49.2717,8.2719
DE,67363,49.2448,8.2741
DE,67365,49.27,8.3286
DE,67366,49.2595,8.2862
DE,67368,49.2464,8.3236
DE,67373,49.3186,8.3886
DE,67374,49.3167,8.3408
DE,67376,49.2942,8.345
DE,67377,49.2911,8.2658
DE,67378,49.2328,8.2472
DE,67433,49.3465,8.1491
DE,67434,49.3505,8.1363
DE,67435,49.3567,8.1378
DE,67454,49.3628,8.2581
DE,67459,49.3806,8.3039
DE,67466,49.3705,8.0726
DE,67468,49.4401,7.9774
DE,67471,49.3667,7.9333
DE,67472,49.3833,7.9833
DE,67473,49.3803,8.0986
DE,67475,49.4167,8
DE,67480,49.2839,8.1271
DE,67482,49.27,8.2236
DE,67483,49.2633,8.135
DE,67487,49.3003,8.1053
DE,67489,49.3019,8.1656
DE,67547,49.6326,8.3619
DE,67549,49.6356,8.3338
DE,67550,49.6356,8.3597
DE,67551,49.6163,8.2753
DE,67574,49.7038,8.3242
DE,67575,49.75,8.3989
DE,67577,49.7681,8.3403
DE,67578,49.7778,8.375
DE,67580,49.7323,8.4327
DE,67582,49.74,8.3258
DE,67583,49.7975,8.3456
DE,67585,49.7686,8.2697
DE,67586,49.7764,8.2561
DE,67587,49.7786,8.2803
DE,67590,49.6372,8.2119
DE,67591,49.6061,8.2381
DE,67592,49.6755,8.2089
DE,67593,49.6819,8.2236
DE,67595,49.7278,8.2922
DE,67596,49.7597,8.2447
DE,67598,49.6961,8.2025
DE,67599,49.6758,8.2378
DE,67655,49.4425,7.7659
DE,67657,49.4495,7.7948
DE,67659,49.4467,7.7609
DE,67661,49.4126,7.7107
DE,67663,49.436,7.7503
DE,67677,49.4833,7.9
DE,67678,49.4914,7.8547
DE,67680,49.5167,7.9167
DE,67681,49.5118,7.8666
DE,67685,49.4956,7.5937
DE,67686,49.4667,7.5833
DE,67688,49.4728,7.6579
DE,67691,49.4421,7.895
DE,67693,49.4,7.8833
DE,67697,49.503,7.7699
DE,67699,49.55,7.7667
DE,67700,49.5833,7.7
DE,67701,49.55,7.7167
DE,67705,49.3593,7.7748
DE,67706,49.3667,7.6667
DE,67707,49.35,7.6833
DE,67714,49.2833,7.6667
DE,67715,49.3261,7.6971
DE,67716,49.3167,7.7167
DE,67718,49.3333,7.7333
DE,67722,49.5397,7.8217
DE,67724,49.6,7.7833
DE,67725,49.5667,7.9667
DE,67727,49.55,7.85
DE,67728,49.55,7.8833
DE,67729,49.55,7.9333
DE,67731,49.4855,7.7345
DE,67732,49.5197,7.6788
DE,67734,49.5,7.7
DE,67735,49.5167,7.7167
DE,67737,49.5388,7.6586
DE,67742,49.65,7.5667
DE,67744,49.6833,7.5833
DE,67745,49.65,7.5667
DE,67746,49.6667,7.4833
DE,67748,49.6833,7.65
DE,67749,49.6173,7.5512
DE,67752,49.5841,7.605
DE,67753,49.6167,7.6333
DE,67754,49.5582,7.5642
DE,67756,49.6,7.6667
DE,67757,49.55,7.6333
DE,67759,49.6,7.7333
DE,67806,49.6146,7.7922
DE,67808,49.6167,8
DE,67811,49.6667,7.8167
DE,67813,49.6833,7.8667
DE,67814,49.6167,7.95
DE,67816,49.6033,8.0106
DE,67817,49.5833,7.8833
DE,67819,49.7099,7.9169
DE,67821,49.7167,7.8167
DE,67822,49.7333,7.8833
DE,67823,49.7333,7.7333
DE,67824,49.7667,7.8
DE,67826,49.7593,7.7888
DE,67827,49.65,7.6833
DE,67829,49.6833,7.6833
DE,76726,49.2231,8.3639
DE,76744,49.065,8.0772
DE,76751,49.0929,8.2747
DE,76756,49.1983,8.2794
DE,76761,49.1531,8.2929
DE,76764,49.1181,8.2781
DE,76767,49.0173,8.2502
DE,76768,48.9833,8.2
DE,76770,49.1111,8.2453
DE,76771,49.1658,8.3264
DE,76773,49.1458,8.3144
DE,76774,49.1242,8.3453
DE,76776,48.9833,8.25
DE,76777,49.1178,8.3194
DE,76779,48.9812,8.1399
DE,76829,49.1958,8.0286
DE,76831,49.2033,8.0383
DE,76833,49.2369,8.0933
DE,76835,49.2478,8.0783
DE,76846,49.1921,7.8549
DE,76848,49.2089,7.8735
DE,76855,49.2061,7.9753
DE,76857,49.2603,8.0083
DE,76863,49.1525,8.255
DE,76865,49.1581,8.1472
DE,76870,49.0828,8.1972
DE,76872,49.0978,8.1169
DE,76877,49.1955,8.1978
DE,76879,49.1913,8.2318
DE,76887,49.1035,7.9608
DE,76889,49.1461,7.8719
DE,76891,49.0667,7.8
DE,21465,53.517,10.2488
DE,21481,53.386,10.5655
DE,21483,53.4,10.5333
DE,21493,53.5456,10.5352
DE,21502,53.4358,10.3779
DE,21509,53.5441,10.2005
DE,21514,53.53,10.6264
DE,21516,53.4732,10.561
DE,21521,53.4953,10.3599
DE,21524,53.4933,10.4252
DE,21526,53.4765,10.3646
DE,21527,53.4667,10.4667
DE,21529,53.4898,10.317
DE,22113,53.5432,10.1694
DE,22844,53.7246,10.0124
DE,22846,53.7099,9.9946
DE,22848,53.6736,9.9833
DE,22850,53.6855,9.9976
DE,22851,53.6874,10.0366
DE,22869,53.6,9.85
DE,22880,53.5837,9.6984
DE,22885,53.5667,10.1667
DE,22889,53.7333,10.0833
DE,22926,53.6752,10.2259
DE,22927,53.6667,10.2833
DE,22929,53.6037,10.4513
DE,22941,53.7333,10.2167
DE,22946,53.6126,10.3396
DE,22949,53.7,10.2
DE,22952,53.65,10.3667
DE,22955,53.65,10.3167
DE,22956,53.6416,10.4078
DE,22958,53.5833,10.4
DE,22959,53.6445,10.4685
DE,22962,53.6333,10.3
DE,22964,53.7167,10.4
DE,22965,53.6946,10.3478
DE,22967,53.7438,10.3102
DE,22969,53.5667,10.3333
DE,23539,53.8696,10.6871
DE,23552,53.8685,10.6854
DE,23554,53.876,10.6748
DE,23556,53.8672,10.6478
DE,23558,53.8606,10.6611
DE,23560,53.8471,10.6845
DE,23562,53.8511,10.7028
DE,23564,53.8705,10.6986
DE,23566,53.8658,10.7316
DE,23568,53.8922,10.7583
DE,23569,53.9167,10.8073
DE,23570,53.8667,10.7
DE,23611,53.9189,10.6969
DE,23617,53.8922,10.6471
DE,23619,53.9,10.55
DE,23623,54.0086,10.5743
DE,23626,53.95,10.7333
DE,23627,53.7667,10.7333
DE,23628,53.7833,10.65
DE,23629,54.0028,10.7101
DE,23669,53.9953,10.7768
DE,23683,54.0345,10.7322
DE,23684,54.0333,10.75
DE,23689,53.9861,10.708
DE,23701,54.1215,10.6468
DE,23714,54.1723,10.5597
DE,23715,54.0979,10.4357
DE,23717,54.1667,10.7167
DE,23719,54.05,10.5167
DE,23730,54.0667,10.7667
DE,23738,54.1833,10.8667
DE,23743,54.15,10.9667
DE,23744,54.1833,10.75
DE,23746,54.1934,11.0616
DE,23747,54.2167,11.0833
DE,23749,54.2333,11.0333
DE,23758,54.3333,10.9333
DE,23769,54.4378,11.1935
DE,23774,54.3696,10.9802
DE,23775,54.3833,11.0833
DE,23777,54.301,11.0066
DE,23779,54.3238,11.0144
DE,23795,53.9431,10.3022
DE,23812,53.9516,10.2063
DE,23813,54.0094,10.3138
DE,23815,53.9167,10.4833
DE,23816,53.8667,10.2833
DE,23818,53.9,10.3833
DE,23820,53.95,10.4667
DE,23821,53.9667,10.3889
DE,23823,54.05,10.4167
DE,23824,54.0667,10.3167
DE,23826,53.9115,10.1795
DE,23827,54.0167,10.45
DE,23829,53.9,10.2333
DE,23843,53.7833,10.35
DE,23845,53.8333,10.15
DE,23847,53.7667,10.6
DE,23858,53.8,10.5
DE,23860,53.8167,10.55
DE,23863,53.7678,10.1875
DE,23866,53.8,10.1333
DE,23867,53.8,10.2333
DE,23869,53.7667,10.2667
DE,23879,53.617,10.6874
DE,23881,53.5855,10.6089
DE,23883,53.6197,10.866
DE,23896,53.6333,10.5833
DE,23898,53.7,10.5667
DE,23899,53.5556,10.7702
DE,23909,53.6833,10.7
DE,23911,53.7333,10.75
DE,23919,53.7167,10.6333
DE,24103,54.3205,10.1327
DE,24105,54.3347,10.1348
DE,24106,54.3506,10.1205
DE,24107,54.3333,10.1333
DE,24109,54.3167,10.0333
DE,24111,54.3333,10.1333
DE,24113,54.2667,10.0667
DE,24114,54.3157,10.1302
DE,24116,54.3253,10.1212
DE,24118,54.3334,10.1176
DE,24119,54.3333,10.0833
DE,24143,54.3061,10.1448
DE,24145,54.3333,10.1333
DE,24146,54.3333,10.1333
DE,24147,54.3333,10.1333
DE,24148,54.3187,10.1703
DE,24149,54.3333,10.1333
DE,24159,54.3973,10.1505
DE,24161,54.4,10.1333
DE,24211,54.2104,10.2128
DE,24214,54.3667,9.95
DE,24217,54.4108,10.3428
DE,24220,54.25,10.0667
DE,24222,54.2944,10.2167
DE,24223,54.2813,10.2491
DE,24226,54.3667,10.2
DE,24229,54.4667,10.0833
DE,24232,54.3333,10.2333
DE,24235,54.4,10.2833
DE,24238,54.2833,10.4
DE,24239,54.3132,9.9661
DE,24241,54.25,9.9833
DE,24242,54.3,9.9333
DE,24244,54.4167,10.05
DE,24245,54.2,10.1833
DE,24247,54.2833,10.0167
DE,24248,54.35,10.1833
DE,24250,54.1833,10.1667
DE,24251,54.4333,10.0167
DE,24253,54.3667,10.3167
DE,24254,54.2556,10.0245
DE,24256,54.3333,10.4167
DE,24257,54.35,10.45
DE,24259,54.2745,9.8958
DE,24306,54.15,10.4833
DE,24321,54.3504,10.6049
DE,24326,54.1167,10.2833
DE,24327,54.2821,10.6582
DE,24329,54.2407,10.5423
DE,24340,54.5,9.8
DE,24351,54.5833,9.9167
DE,24354,54.5058,9.7565
DE,24357,54.4667,9.7167
DE,24358,54.4333,9.7167
DE,24360,54.5,9.8333
DE,24361,54.3833,9.7333
DE,24363,54.4,9.85
DE,24364,54.55,9.8833
DE,24366,54.5167,9.8833
DE,24367,54.45,9.75
DE,24369,54.5333,9.9833
DE,24376,54.6612,9.9313
DE,24392,54.6667,9.8167
DE,24395,54.75,9.9
DE,24398,54.6167,9.9167
DE,24399,54.6304,9.9316
DE,24401,54.65,9.7167
DE,24402,54.7167,9.7833
DE,24404,54.6833,9.9833
DE,24405,54.6833,9.7667
DE,24407,54.6333,9.85
DE,24409,54.7,9.8833
DE,24534,54.0725,9.9828
DE,24536,54.1077,9.9946
DE,24537,54.0893,9.9779
DE,24539,54.0614,9.9982
DE,24558,53.805,9.9745
DE,24568,53.8333,10.0167
DE,24576,53.9465,9.8266
DE,24582,54.1758,10.0691
DE,24589,54.1667,9.8833
DE,24594,54.0833,9.6
DE,24598,53.9667,10.0833
DE,24601,54.098,10.2585
DE,24610,54.0399,10.215
DE,24613,54.0833,9.7833
DE,24616,53.9713,9.8471
DE,24619,54.0833,10.1833
DE,24620,54.0833,10.0667
DE,24622,54.1333,9.8167
DE,24623,53.9833,9.9667
DE,24625,54.1167,10.05
DE,24626,54.05,10.0833
DE,24628,53.8986,10.0595
DE,24629,53.8167,10.0167
DE,24631,54.2103,9.9276
DE,24632,53.8667,9.8833
DE,24634,54.05,9.9167
DE,24635,54.0167,10.1667
DE,24637,54.1167,10.1333
DE,24638,54.083,10.2705
DE,24640,53.8833,9.9667
DE,24641,53.8333,10.0667
DE,24643,53.8667,10.05
DE,24644,54.1397,9.8943
DE,24646,54.2167,9.8833
DE,24647,54.0743,9.8974
DE,24649,53.9437,9.8868
DE,24768,54.3066,9.6631
DE,24782,54.3184,9.6729
DE,24783,54.2901,9.699
DE,24784,54.2833,9.65
DE,24787,54.3,9.6
DE,24790,54.3128,9.7159
DE,24791,54.3667,9.65
DE,24793,54.15,9.7333
DE,24794,54.3327,9.7095
DE,24796,54.3333,9.8333
DE,24797,54.2333,9.5833
DE,24799,54.3167,9.4167
DE,24800,54.2667,9.5167
DE,24802,54.2333,9.8667
DE,24803,54.3,9.3167
DE,24805,54.2252,9.5187
DE,24806,54.2667,9.4667
DE,24808,54.2333,9.6667
DE,24809,54.2667,9.6167
DE,24811,54.3934,9.5924
DE,24813,54.2667,9.6333
DE,24814,54.3667,9.8167
DE,24816,54.1667,9.6667
DE,24817,54.35,9.5
DE,24819,54.1333,9.6167
DE,24837,54.5216,9.5586
DE,24848,54.3833,9.4333
DE,24850,54.5,9.4833
DE,24852,54.6,9.2833
DE,24855,54.5923,9.4174
DE,24857,54.5,9.6
DE,24860,54.6167,9.55
DE,24861,54.3833,9.3167
DE,24863,54.4,9.3833
DE,24864,54.55,9.7167
DE,24866,54.4911,9.55
DE,24867,54.4833,9.5
DE,24869,54.4333,9.3667
DE,24870,54.4749,9.4114
DE,24872,54.4415,9.4351
DE,24873,54.65,9.5167
DE,24875,54.6616,9.5592
DE,24876,54.4593,9.337
DE,24878,54.4565,9.5376
DE,24879,54.55,9.5333
DE,24881,54.5667,9.5833
DE,24882,54.55,9.6333
DE,24884,54.4667,9.6167
DE,24885,54.6415,9.4695
DE,24887,54.5167,9.3833
DE,24888,54.6,9.75
DE,24890,54.5833,9.5833
DE,24891,54.65,9.65
DE,24893,54.5667,9.6833
DE,24894,54.5799,9.6384
DE,24896,54.5,9.3167
DE,24897,54.5667,9.75
DE,24899,54.4061,9.2989
DE,24937,54.7862,9.4306
DE,24939,54.7983,9.4206
DE,24941,54.7652,9.4109
DE,24943,54.7667,9.4833
DE,24944,54.8092,9.4698
DE,24955,54.8,9.3833
DE,24960,54.8352,9.5485
DE,24963,54.6667,9.4
DE,24966,54.7167,9.6667
DE,24969,54.7,9.2
DE,24972,54.7667,9.7833
DE,24975,54.7333,9.5667
DE,24976,54.7645,9.3153
DE,24977,54.8069,9.5981
DE,24980,54.7427,9.1024
DE,24983,54.7645,9.3153
DE,24986,54.8244,9.572
DE,24988,54.7,9.4333
DE,24989,54.778,9.6798
DE,24991,54.7,9.5167
DE,24992,54.6,9.3
DE,24994,54.8333,9.2
DE,24996,54.7265,9.7357
DE,24997,54.6833,9.3333
DE,24999,54.8062,9.517
DE,25335,53.7881,9.7359
DE,25336,53.7491,9.6592
DE,25337,53.7413,9.73
DE,25348,53.8,9.4167
DE,25355,53.8167,9.7333
DE,25358,53.8432,9.6226
DE,25361,53.8426,9.5335
DE,25364,53.8667,9.7
DE,25365,53.7975,9.6865
DE,25368,53.7833,9.6167
DE,25370,53.7178,9.598
DE,25371,53.7,9.5667
DE,25373,53.726,9.7693
DE,25376,53.8333,9.4667
DE,25377,53.7294,9.4788
DE,25379,53.7833,9.4833
DE,25404,53.659,9.801
DE,25421,53.6591,9.8009
DE,25429,53.6934,9.6542
DE,25436,53.6667,9.6667
DE,25437,53.7039,9.731
DE,25451,53.7283,9.9093
DE,25462,53.6413,9.8647
DE,25469,53.6333,9.85
DE,25474,53.6947,9.9168
DE,25479,53.75,9.9167
DE,25482,53.6581,9.7458
DE,25485,53.7929,9.8626
DE,25486,53.7833,9.9167
DE,25488,53.6167,9.6667
DE,25489,53.6378,9.5915
DE,25491,53.6071,9.6372
DE,25492,53.65,9.65
DE,25494,53.6833,9.8167
DE,25495,53.6926,9.791
DE,25497,53.6833,9.75
DE,25499,53.6771,9.8488
DE,25524,53.9326,9.4746
DE,25541,53.895,9.1048
DE,25548,53.978,9.7274
DE,25551,54.0261,9.6083
DE,25554,53.9667,9.4
DE,25557,54.1333,9.35
DE,25560,54.0341,9.4558
DE,25563,53.9,9.75
DE,25566,53.867,9.5857
DE,25569,53.9006,9.4299
DE,25572,53.9201,9.2529
DE,25573,53.8794,9.4131
DE,25575,54.1167,9.5333
DE,25576,53.8638,9.3231
DE,25578,53.8833,9.5333
DE,25579,54.0009,9.7416
DE,25581,54.0333,9.7167
DE,25582,54.004,9.5193
DE,25584,54.0416,9.3481
DE,25585,54.1333,9.4833
DE,25587,53.9023,9.5412
DE,25588,53.9772,9.4344
DE,25590,54.1082,9.5744
DE,25591,53.9711,9.5042
DE,25593,54.05,9.5333
DE,25594,53.9851,9.3391
DE,25596,54.0208,9.376
DE,25597,53.9135,9.6239
DE,25599,53.85,9.4
DE,25693,54,9.0333
DE,25704,54.1167,9.0167
DE,25709,53.95,8.9833
DE,25712,53.9883,9.2236
DE,25715,53.95,9.15
DE,25718,54.0167,8.9167
DE,25719,54.0167,9.05
DE,25721,54.05,9.2667
DE,25724,53.9,9.0167
DE,25725,54.1,9.3333
DE,25727,54.0667,9.1833
DE,25729,54.05,9.1167
DE,25746,54.2099,9.0764
DE,25761,54.134,8.8576
DE,25764,54.2167,8.8833
DE,25767,54.1333,9.3333
DE,25770,54.156,9.0608
DE,25774,54.3,8.9833
DE,25776,54.2833,9.0167
DE,25779,54.3167,9.2167
DE,25782,54.25,9.3
DE,25785,54.1167,9.1833
DE,25786,54.2333,9.3667
DE,25788,54.2833,9.2667
DE,25791,54.25,9.1833
DE,25792,54.2667,8.9667
DE,25794,54.2667,9.3667
DE,25795,54.2343,9.091
DE,25797,54.1667,9
DE,25799,54.2131,9.3821
DE,25813,54.4858,9.0524
DE,25821,54.6,8.9833
DE,25826,54.3036,8.6414
DE,25832,54.3333,8.9045
DE,25836,54.3306,8.7806
DE,25840,54.3833,9.0667
DE,25842,54.7,8.95
DE,25845,54.4968,8.8869
DE,25849,54.5161,8.6451
DE,25850,54.5667,9.2667
DE,25852,54.6333,8.9333
DE,25853,54.55,9.0667
DE,25855,54.6,9.1833
DE,25856,54.55,9
DE,25858,54.65,9.0667
DE,25859,54.57,8.5481
DE,25860,54.5333,9.1167
DE,25862,54.65,9.1333
DE,25863,54.6333,8.6333
DE,25864,54.6216,9.1726
DE,25866,54.4667,9.1
DE,25868,54.36,9.2408
DE,25869,54.6333,8.7167
DE,25870,54.3724,8.94
DE,25872,54.464,9.2343
DE,25873,54.4406,9.1287
DE,25875,54.5092,9.0062
DE,25876,54.3833,9.2333
DE,25878,54.3556,9.1578
DE,25879,54.35,9.2167
DE,25881,54.35,8.6833
DE,25882,54.3521,8.8279
DE,25884,54.5833,9.1333
DE,25885,54.5313,9.2068
DE,25887,54.4333,9.2
DE,25889,54.4,8.9833
DE,25899,54.8167,8.8667
DE,25917,54.7833,9.0833
DE,25920,54.7386,8.9275
DE,25923,54.8333,8.9333
DE,25924,54.8637,8.6771
DE,25926,54.8408,9.0214
DE,25927,54.8761,8.7691
DE,25938,54.6999,8.5486
DE,25946,54.6797,8.333
DE,25980,54.8457,8.2933
DE,25992,55.0192,8.4313
DE,25996,54.9358,8.33
DE,25997,54.7573,8.2883
DE,25999,54.9541,8.3417
DE,27498,54.1814,7.8863
DE,66111,49.2461,7.0022
DE,66113,49.2431,6.9757
DE,66115,49.2399,6.9696
DE,66117,49.2146,6.9682
DE,66119,49.2087,7.0202
DE,66121,49.229,7.0124
DE,66123,49.2333,7
DE,66125,49.2718,7.0325
DE,66126,49.2333,7
DE,66127,49.2333,7
DE,66128,49.2333,7
DE,66129,49.2333,7
DE,66130,49.247,6.9105
DE,66131,49.2333,7
DE,66132,49.2333,7
DE,66133,49.2333,7
DE,66265,49.3363,6.9304
DE,66271,49.1578,7.0373
DE,66280,49.3,7.0667
DE,66287,49.3167,7.05
DE,66292,49.3,6.9333
DE,66299,49.3279,7.0962
DE,66333,49.2516,6.8587
DE,66346,49.2855,6.8872
DE,66352,49.203,6.8415
DE,66359,49.2773,6.8013
DE,66386,49.277,7.1167
DE,66399,49.1833,7.1667
DE,66424,49.3264,7.3387
DE,66440,49.2372,7.2562
DE,66450,49.3462,7.2553
DE,66453,49.15,7.2
DE,66459,49.2833,7.2333
DE,66538,49.3448,7.1799
DE,66539,49.3366,7.2191
DE,66540,49.367,7.1841
DE,66557,49.3736,7.0476
DE,66564,49.4013,7.1642
DE,66571,49.4,6.9667
DE,66578,49.3667,7.1333
DE,66583,49.3167,7.1333
DE,66589,49.35,7.05
DE,66606,49.4663,7.1681
DE,66620,49.6076,6.9699
DE,66625,49.5759,7.0808
DE,66629,49.55,7.25
DE,66636,49.4837,7.0369
DE,66640,49.5217,7.1407
DE,66646,49.4523,7.0582
DE,66649,49.5126,7.0838
DE,66663,49.4433,6.6387
DE,66679,49.5181,6.735
DE,66687,49.5412,6.8877
DE,66693,49.4936,6.5969
DE,66701,49.4,6.7
DE,66706,49.4717,6.3813
DE,66709,49.55,6.8167
DE,66740,49.3137,6.7515
DE,66763,49.3556,6.7278
DE,66773,49.3,6.8167
DE,66780,49.3756,6.6844
DE,66787,49.2667,6.7833
DE,66793,49.3543,6.8049
DE,66798,49.3275,6.711
DE,66802,49.2419,6.6984
DE,66806,49.3,6.7833
DE,66809,49.3833,6.7833
DE,66822,49.4112,6.9099
DE,66839,49.4333,6.85
DE,01067,51.0547,13.7269
DE,01069,51.043,13.7373
DE,01097,51.0714,13.7399
DE,01099,51.0783,13.8051
DE,01108,51.1481,13.7983
DE,01109,51.1167,13.75
DE,01127,51.079,13.7208
DE,01129,51.0967,13.736
DE,01139,51.0836,13.6981
DE,01156,51.0471,13.6039
DE,01157,51.0707,13.6729
DE,01159,51.0452,13.6996
DE,01169,51.0443,13.6738
DE,01187,51.0281,13.6943
DE,01189,51.05,13.75
DE,01217,51.05,13.75
DE,01219,51.021,13.7679
DE,01237,51.013,13.7988
DE,01239,51.0066,13.8089
DE,01257,51.0114,13.8054
DE,01259,51.05,13.75
DE,01277,51.05,13.75
DE,01279,51.035,13.8102
DE,01307,51.05,13.75
DE,01309,51.05,13.75
DE,01324,51.05,13.75
DE,01326,51.0538,13.8155
DE,01328,51.05,13.75
DE,01445,51.1065,13.6605
DE,01454,51.1111,13.912
DE,01458,51.1833,13.8333
DE,01465,51.05,13.75
DE,01468,51.1592,13.6802
DE,01471,51.2152,13.7281
DE,01477,51.0942,13.9918
DE,01558,51.2895,13.5335
DE,01561,51.3111,13.6769
DE,01587,51.2991,13.2848
DE,01589,51.3026,13.3097
DE,01591,51.3,13.3
DE,01594,51.2435,13.2144
DE,01609,51.4184,13.4097
DE,01612,51.2733,13.4167
DE,01616,51.3525,13.2266
DE,01619,51.3875,13.4583
DE,01623,51.1524,13.3333
DE,01640,51.132,13.5831
DE,01662,51.1649,13.4859
DE,01665,51.1484,13.3901
DE,01683,51.0926,13.3833
DE,01689,51.144,13.5707
DE,01705,51.0017,13.6488
DE,01723,51.052,13.5366
DE,01728,50.9929,13.7171
DE,01731,50.9453,13.7551
DE,01734,50.9648,13.6431
DE,01737,50.9791,13.5236
DE,01738,50.9333,13.5667
DE,01744,50.8962,13.6691
DE,01762,50.8167,13.575
DE,01768,50.8927,13.7553
DE,01773,50.7656,13.7533
DE,01774,50.8739,13.525
DE,01776,50.75,13.6333
DE,01778,50.7574,13.7928
DE,01796,50.9333,14.0167
DE,01809,50.9562,13.8584
DE,01814,50.895,14.2
DE,01816,50.8583,13.95
DE,01819,50.8875,13.9
DE,01824,50.9585,14.0876
DE,01825,50.8642,13.8569
DE,01829,50.9582,14.0309
DE,01833,51.049,14.0794
DE,01844,51.0444,14.225
DE,01847,50.9883,14.0027
DE,01848,50.9799,14.1141
DE,01855,50.9754,14.2758
DE,01877,51.1304,14.222
DE,01896,51.1833,13.9667
DE,01900,51.1453,14.0192
DE,01904,51.0631,14.3454
DE,01906,51.1758,14.1733
DE,01909,51.1069,14.0991
DE,01917,51.268,14.0937
DE,01920,51.2,14.05
DE,01936,51.2357,14.0258
DE,02625,51.1825,14.4292
DE,02627,51.1964,14.6587
DE,02633,51.1417,14.3573
DE,02681,51.0932,14.4284
DE,02689,51.0471,14.4298
DE,02692,51.1329,14.4049
DE,02694,51.2376,14.5216
DE,02699,51.2706,14.329
DE,02708,51.1314,14.6756
DE,02727,50.9773,14.6088
DE,02730,51.0167,14.5833
DE,02733,51.1,14.5167
DE,02736,51.074,14.5383
DE,02739,50.9827,14.6621
DE,02742,51.0395,14.5356
DE,02747,51.029,14.7239
DE,02748,51.05,14.85
DE,02763,50.9167,14.7667
DE,02779,50.9101,14.7039
DE,02782,50.9349,14.6019
DE,02785,50.873,14.7704
DE,02788,50.95,14.8833
DE,02791,50.9583,14.7083
DE,02794,50.95,14.65
DE,02796,50.85,14.7
DE,02797,50.85,14.75
DE,02799,50.8703,14.6503
DE,02826,51.1503,14.9829
DE,02827,51.149,14.9534
DE,02828,51.1687,14.9693
DE,02829,51.1833,14.8933
DE,02894,51.1164,14.7837
DE,02899,51.0667,14.9
DE,02906,51.3167,14.7
DE,02923,51.25,14.8528
DE,02929,51.3635,14.9461
DE,02943,51.4,14.5667
DE,02953,51.5333,14.6667
DE,02956,51.4,14.7833
DE,02957,51.5215,14.7121
DE,02959,51.5333,14.5333
DE,02977,51.4379,14.2355
DE,02979,51.5167,14.3667
DE,02991,51.5,14.1667
DE,02994,51.3861,14.0268
DE,02997,51.385,14.244
DE,02999,51.3667,14.3222
DE,04103,51.3405,12.3827
DE,04105,51.3489,12.3688
DE,04107,51.3667,12.3833
DE,04109,51.342,12.375
DE,04129,51.3674,12.3909
DE,04155,51.3667,12.3833
DE,04157,51.3775,12.3599
DE,04158,51.4035,12.3418
DE,04159,51.3717,12.3321
DE,04177,51.3425,12.323
DE,04178,51.3566,12.2643
DE,04179,51.329,12.3115
DE,04205,51.3209,12.2793
DE,04207,51.312,12.3077
DE,04209,51.3148,12.2912
DE,04229,51.3254,12.3341
DE,04249,51.3667,12.3833
DE,04275,51.3667,12.3833
DE,04277,51.3667,12.3833
DE,04279,51.3667,12.3833
DE,04288,51.3667,12.3833
DE,04289,51.3667,12.3833
DE,04299,51.3667,12.3833
DE,04315,51.3667,12.3833
DE,04316,51.3667,12.3833
DE,04317,51.3329,12.4047
DE,04318,51.3332,12.4195
DE,04319,51.3667,12.3833
DE,04328,51.348,12.4313
DE,04329,51.3667,12.3833
DE,04347,51.3637,12.4312
DE,04349,51.3667,12.3833
DE,04356,51.3667,12.3833
DE,04357,51.3667,12.3833
DE,04416,51.2755,12.3691
DE,04420,51.3069,12.1719
DE,04425,51.3833,12.4833
DE,04435,51.3968,12.2214
DE,04442,51.2187,12.3301
DE,04451,51.35,12.5333
DE,04460,51.2217,12.2235
DE,04463,51.2667,12.5
DE,04509,51.4621,12.4536
DE,04519,51.4333,12.3833
DE,04523,51.15,12.2333
DE,04539,51.1554,12.2828
DE,04552,51.1242,12.4964
DE,04564,51.2006,12.3862
DE,04565,51.0888,12.4384
DE,04567,51.1644,12.5526
DE,04571,51.1978,12.4145
DE,04574,51.1181,12.3907
DE,04575,51.1499,12.4109
DE,04579,51.1893,12.4789
DE,04643,51.0553,12.6967
DE,04651,51.1,12.6333
DE,04654,51.0572,12.5575
DE,04655,51.0188,12.6042
DE,04657,51.0167,12.7167
DE,04668,51.2337,12.7196
DE,04680,51.1282,12.803
DE,04683,51.2333,12.55
DE,04685,51.2709,12.7891
DE,04687,51.2833,12.75
DE,04688,51.2616,12.8913
DE,04703,51.1994,12.9562
DE,04720,51.099,13.1135
DE,04736,51.0728,13.02
DE,04741,51.0659,13.1831
DE,04746,51.0986,12.9739
DE,04749,51.2,13.1667
DE,04758,51.3833,13.1333
DE,04769,51.2222,13.0167
DE,04774,51.3649,12.9988
DE,04779,51.2833,12.95
DE,04808,51.4333,12.6833
DE,04821,51.336,12.6102
DE,04824,51.3231,12.5622
DE,04827,51.3667,12.6333
DE,04828,51.3607,12.7138
DE,04838,51.4987,12.7479
DE,04849,51.6171,12.682
DE,04860,51.51,13.0133
DE,04862,51.5,12.8
DE,04874,51.4826,13.1238
DE,04880,51.6102,12.9283
DE,04886,51.5667,13.0667
DE,04889,51.4572,12.9302
DE,07919,50.5392,11.9283
DE,07952,50.5817,11.9973
DE,07985,50.5917,12.0917
DE,08056,50.7114,12.4928
DE,08058,50.7439,12.4781
DE,08060,50.7188,12.4601
DE,08062,50.6915,12.4734
DE,08064,50.6752,12.4709
DE,08066,50.7319,12.5251
DE,08107,50.6333,12.4667
DE,08112,50.675,12.5148
DE,08115,50.6925,12.4259
DE,08118,50.6605,12.6731
DE,08132,50.7749,12.5059
DE,08134,50.6778,12.5892
DE,08141,50.6978,12.5555
DE,08144,50.6333,12.4667
DE,08147,50.5667,12.5083
DE,08209,50.4924,12.4171
DE,08223,50.4499,12.3619
DE,08228,50.5308,12.4133
DE,08233,50.5425,12.3034
DE,08236,50.4837,12.3888
DE,08237,50.5389,12.4778
DE,08239,50.471,12.2745
DE,08248,50.3667,12.4667
DE,08258,50.3114,12.3295
DE,08261,50.3833,12.3167
DE,08262,50.4333,12.4667
DE,08265,50.3167,12.3667
DE,08267,50.351,12.4224
DE,08269,50.435,12.415
DE,08280,50.5903,12.7066
DE,08289,50.5947,12.6414
DE,08294,50.6218,12.7315
DE,08297,50.6303,12.81
DE,08301,50.5981,12.6588
DE,08304,50.5046,12.5216
DE,08309,50.4943,12.5998
DE,08312,50.5667,12.7333
DE,08315,50.5762,12.7675
DE,08318,50.5439,12.5711
DE,08321,50.5667,12.65
DE,08324,50.5421,12.6864
DE,08325,50.5167,12.6
DE,08326,50.4992,12.6512
DE,08328,50.5333,12.5333
DE,08340,50.5653,12.7905
DE,08344,50.5802,12.8069
DE,08349,50.4325,12.7114
DE,08352,50.5114,12.8189
DE,08355,50.4803,12.7934
DE,08359,50.4667,12.7667
DE,08371,50.8199,12.5449
DE,08373,50.85,12.5667
DE,08393,50.8469,12.4647
DE,08396,50.8765,12.5992
DE,08412,50.7231,12.3566
DE,08427,50.7,12.35
DE,08428,50.7558,12.3267
DE,08432,50.7142,12.3999
DE,08439,50.7625,12.3714
DE,08451,50.809,12.3461
DE,08459,50.8,12.3667
DE,08468,50.6228,12.3034
DE,08485,50.5694,12.3641
DE,08491,50.5833,12.25
DE,08496,50.6601,12.3562
DE,08499,50.6186,12.2654
DE,08523,50.4942,12.1353
DE,08525,50.5106,12.13
DE,08527,50.4935,12.1272
DE,08529,50.4921,12.1775
DE,08538,50.4697,11.9594
DE,08539,50.5453,12.037
DE,08541,50.5,12.2167
DE,08543,50.55,12.1833
DE,08547,50.5,12.1333
DE,08548,50.543,12.0793
DE,08606,50.397,12.1
DE,08626,50.3201,12.2599
DE,08645,50.2819,12.2343
DE,08648,50.2167,12.3167
DE,09028,50.8333,12.9167
DE,09030,50.8333,12.9167
DE,09111,50.8351,12.9222
DE,09112,50.827,12.9043
DE,09113,50.8507,12.8951
DE,09114,50.8574,12.8977
DE,09116,50.8213,12.884
DE,09117,50.8179,12.8379
DE,09119,50.8203,12.9056
DE,09120,50.8056,12.9067
DE,09122,50.7945,12.8875
DE,09123,50.7659,12.946
DE,09125,50.7963,12.9199
DE,09126,50.8197,12.9403
DE,09127,50.8284,12.9586
DE,09128,50.8333,12.9167
DE,09130,50.8376,12.9345
DE,09131,50.8333,12.9167
DE,09212,50.8588,12.7616
DE,09217,50.9133,12.806
DE,09221,50.7835,12.87
DE,09224,50.794,12.786
DE,09227,50.7705,12.9745
DE,09228,50.8832,12.8703
DE,09232,50.9,12.8
DE,09235,50.7333,12.9167
DE,09236,50.9333,12.8833
DE,09241,50.9,12.7667
DE,09243,50.9,12.7167
DE,09244,50.9083,12.9917
DE,09247,50.8621,12.8339
DE,09249,50.9167,12.85
DE,09306,51.0667,12.8333
DE,09322,50.9334,12.7042
DE,09326,51.0768,12.9072
DE,09328,50.9627,12.7559
DE,09337,50.8006,12.7129
DE,09350,50.7438,12.6453
DE,09353,50.7823,12.7079
DE,09355,50.75,12.7167
DE,09356,50.7862,12.624
DE,09366,50.7262,12.7859
DE,09376,50.717,12.7217
DE,09380,50.7,12.85
DE,09385,50.7333,12.75
DE,09387,50.75,12.85
DE,09390,50.7,12.8833
DE,09392,50.6833,12.9167
DE,09394,50.7404,12.6806
DE,09395,50.6741,12.8819
DE,09399,50.725,12.75
DE,09405,50.7667,13.0167
DE,09419,50.6708,12.9509
DE,09423,50.7055,12.9694
DE,09427,50.6493,12.9701
DE,09429,50.6555,13.0713
DE,09430,50.6758,13.0162
DE,09432,50.7,13.0833
DE,09435,50.7041,13.0565
DE,09437,50.7667,13.1167
DE,09439,50.75,13.0056
DE,09456,50.5795,13.0063
DE,09465,50.5167,12.9833
DE,09468,50.6074,12.938
DE,09471,50.5,13.0333
DE,09474,50.5167,12.95
DE,09477,50.5123,13.0946
DE,09481,50.5402,12.9122
DE,09484,50.4167,12.9833
DE,09487,50.5588,12.9527
DE,09488,50.6111,13.0138
DE,09496,50.6408,13.2178
DE,09509,50.7241,13.2798
DE,09514,50.7191,13.1929
DE,09517,50.6591,13.2298
DE,09518,50.6333,13.1167
DE,09526,50.6587,13.3425
DE,09544,50.675,13.4667
DE,09548,50.65,13.45
DE,09557,50.8561,13.0741
DE,09569,50.8257,13.2112
DE,09573,50.8119,13.102
DE,09575,50.8,13.2333
DE,09577,50.8667,13.0167
DE,09579,50.7672,13.1537
DE,09599,50.9109,13.3388
DE,09600,50.9667,13.4191
DE,09603,50.966,13.2859
DE,09618,50.8,13.3333
DE,09619,50.7112,13.4217
DE,09623,50.7378,13.535
DE,09627,50.9,13.4444
DE,09629,51.0082,13.3654
DE,09633,50.95,13.35
DE,09634,51.0311,13.3081
DE,09638,50.8333,13.4167
DE,09648,51.05,13.0167
DE,09661,50.9917,13.1861
DE,09669,50.9259,13.0596
DE,06108,51.483,11.972
DE,06110,51.4701,11.9675
DE,06112,51.4753,11.9973
DE,06114,51.5034,11.9622
DE,06116,51.4862,12.0283
DE,06118,51.5175,11.971
DE,06120,51.5124,11.9055
DE,06122,51.4804,11.9215
DE,06124,51.4796,11.937
DE,06126,51.5,12
DE,06128,51.4507,11.9493
DE,06130,51.441,11.9856
DE,06132,51.4348,11.9815
DE,06179,51.45,11.8
DE,06184,51.467,12.0573
DE,06188,51.5275,12.1014
DE,06193,51.6378,11.9493
DE,06198,51.5664,11.8682
DE,06217,51.3167,11.95
DE,06231,51.328,12.0434
DE,06237,51.3178,12.0159
DE,06242,51.2972,11.8441
DE,06246,51.3865,11.8696
DE,06249,51.3,11.8
DE,06254,51.358,12.1165
DE,06255,51.3813,11.773
DE,06258,51.4,11.9667
DE,06259,51.3114,11.9293
DE,06268,51.3449,11.5439
DE,06279,51.4333,11.5667
DE,06295,51.4833,11.4833
DE,06308,51.5833,11.5
DE,06311,51.55,11.5
DE,06313,51.5454,11.4666
DE,06317,51.4646,11.7271
DE,06318,51.4667,11.75
DE,06333,51.6785,11.4259
DE,06343,51.5994,11.4322
DE,06347,51.6204,11.6712
DE,06348,51.6153,11.4898
DE,06366,51.7519,11.9709
DE,06369,51.7192,11.8939
DE,06385,51.8527,12.0446
DE,06386,51.7277,12.1126
DE,06388,51.6726,11.9306
DE,06406,51.7946,11.7401
DE,06408,51.7647,11.6973
DE,06420,51.6667,11.8167
DE,06425,51.7127,11.6973
DE,06429,51.842,11.8256
DE,06449,51.8333,11.45
DE,06456,51.7019,11.5465
DE,06458,51.8594,11.25
DE,06463,51.7591,11.3531
DE,06464,51.7958,11.3791
DE,06466,51.8221,11.2866
DE,06467,51.7829,11.3124
DE,06469,51.8008,11.3349
DE,06484,51.7884,11.1501
DE,06493,51.6563,11.1621
DE,06502,51.7486,11.041
DE,06507,51.6903,11.0374
DE,06526,51.4722,11.2953
DE,06528,51.4167,11.2833
DE,06536,51.4556,11.0071
DE,06537,51.4202,11.1407
DE,06542,51.4044,11.4636
DE,06543,51.5898,11.2418
DE,06547,51.62,10.9462
DE,06618,51.1499,11.8098
DE,06628,51.0804,11.719
DE,06632,51.2361,11.8285
DE,06636,51.2472,11.6417
DE,06638,51.2713,11.6577
DE,06642,51.2476,11.4615
DE,06647,51.2219,11.4104
DE,06648,51.1163,11.4821
DE,06667,51.2277,11.9242
DE,06679,51.1843,12.0515
DE,06682,51.1007,12.0015
DE,06686,51.2408,12.1154
DE,06688,51.2811,12.0423
DE,06712,51.019,12.2274
DE,06721,51.0622,11.8967
DE,06722,51.0352,11.9314
DE,06724,50.9636,12.2129
DE,06725,51.1107,12.1948
DE,06727,51.0902,12.0817
DE,06729,51.0882,12.261
DE,06731,51.6229,12.2677
DE,06749,51.6481,12.3655
DE,06766,51.6875,12.2725
DE,06773,51.7505,12.4148
DE,06774,51.6583,12.4474
DE,06779,51.6944,12.1788
DE,06780,51.6539,12.1466
DE,06785,51.8196,12.429
DE,06786,51.8417,12.4212
DE,06791,51.7313,12.3528
DE,06792,51.62,12.24
DE,06794,51.6167,12.2333
DE,06796,51.5579,12.2128
DE,06800,51.6831,12.2999
DE,06803,51.6468,12.3007
DE,06804,51.6838,12.4009
DE,06808,51.5982,12.3084
DE,06809,51.5753,12.2633
DE,06842,51.8231,12.2598
DE,06844,51.8441,12.2475
DE,06846,51.8333,12.25
DE,06847,51.8221,12.1917
DE,06849,51.8083,12.241
DE,06861,51.8333,12.25
DE,06862,51.9499,12.305
DE,06868,51.9646,12.3764
DE,06869,51.8862,12.4501
DE,06886,51.8744,12.606
DE,06888,51.8593,12.7753
DE,06889,51.8744,12.606
DE,06895,51.9141,12.7856
DE,06896,51.9258,12.6308
DE,06901,51.8037,12.6862
DE,06905,51.6722,12.75
DE,06909,51.7019,12.8245
DE,06917,51.8352,12.9425
DE,06918,51.8204,12.8531
DE,06922,51.6723,12.9669
DE,06925,51.7654,13.077
DE,06926,51.7787,13.1276
DE,06928,51.85,13.1167
DE,29410,52.85,11.2333
DE,29413,52.8,11.0167
DE,29416,52.784,11.4296
DE,38486,52.6272,11.1642
DE,38489,52.7083,11.1461
DE,38820,51.8956,11.0562
DE,38822,51.9141,10.9444
DE,38828,51.8838,11.1735
DE,38829,51.8667,11.1
DE,38835,52.0349,10.7451
DE,38836,52.0193,10.8319
DE,38838,52.0123,11.031
DE,38855,51.8365,10.7822
DE,38871,51.9287,10.6255
DE,38875,51.6926,10.6979
DE,38877,51.6682,10.7172
DE,38879,51.7639,10.6621
DE,38889,51.7688,10.9038
DE,38895,51.8555,10.9882
DE,38899,51.6871,10.7856
DE,39014,52.082,11.586
DE,39104,52.1243,11.6322
DE,39106,52.1469,11.6498
DE,39108,52.1333,11.6167
DE,39110,52.1263,11.6011
DE,39112,52.1104,11.6011
DE,39114,52.1333,11.6167
DE,39116,52.0819,11.5861
DE,39118,52.1333,11.6167
DE,39120,52.0816,11.6212
DE,39122,52.0891,11.6586
DE,39124,52.1638,11.6333
DE,39126,52.1805,11.6504
DE,39128,52.1624,11.6165
DE,39130,52.1561,11.5789
DE,39164,52.07,11.3659
DE,39167,52.1452,11.4411
DE,39171,52.0167,11.55
DE,39175,52.1111,11.7381
DE,39179,52.1833,11.5667
DE,39217,52.0183,11.724
DE,39218,52.0183,11.724
DE,39221,51.95,11.7
DE,39240,51.91,11.6747
DE,39245,52.0521,11.802
DE,39249,51.9942,11.836
DE,39261,51.9662,12.0852
DE,39264,51.9956,11.9208
DE,39279,52.0582,11.952
DE,39288,52.2667,11.8631
DE,39291,52.2186,12.1206
DE,39307,52.2753,12.2364
DE,39317,52.3833,12.0167
DE,39319,52.5,12.1333
DE,39326,52.2983,11.7
DE,39340,52.3006,11.4303
DE,39343,52.2111,11.1703
DE,39345,52.3757,11.4707
DE,39356,52.3032,11.1036
DE,39359,52.398,11.1346
DE,39365,52.1888,11.0462
DE,39387,52.0304,11.229
DE,39393,52.0917,10.9875
DE,39397,51.9374,11.216
DE,39398,52.025,11.3218
DE,39418,51.8519,11.5851
DE,39434,51.85,11.5333
DE,39435,51.9324,11.4731
DE,39439,51.7964,11.6125
DE,39443,51.8519,11.6547
DE,39444,51.847,11.5342
DE,39446,51.8761,11.5397
DE,39448,51.9791,11.4127
DE,39517,52.5097,11.9263
DE,39524,52.5833,12.0333
DE,39539,52.8309,12.0755
DE,39576,52.6069,11.8587
DE,39579,52.5089,11.8086
DE,39590,52.6167,12
DE,39596,52.6554,11.8958
DE,39599,52.5619,11.7536
DE,39606,52.8124,11.6932
DE,39615,52.9843,11.6774
DE,39619,52.8465,11.4824
DE,39624,52.7206,11.5568
DE,39629,52.6277,11.5463
DE,39638,52.4344,11.4062
DE,39646,52.4342,10.9879
DE,39649,52.5254,11.1288
DE,04600,50.9876,12.4368
DE,04603,50.9667,12.3667
DE,04610,51.0532,12.3545
DE,04613,51.0973,12.3334
DE,04617,51,12.3833
DE,04618,50.9599,12.5886
DE,04626,50.8333,12.3
DE,04639,50.889,12.4329
DE,06556,51.3643,11.2917
DE,06567,51.3561,11.0998
DE,06571,51.2989,11.4344
DE,06577,51.3021,11.2182
DE,06578,51.2833,11.0667
DE,07318,50.6516,11.3764
DE,07330,50.5333,11.3833
DE,07333,50.65,11.4333
DE,07334,50.6354,11.4774
DE,07336,50.6498,11.4881
DE,07338,50.6,11.4833
DE,07343,50.4636,11.5378
DE,07349,50.4743,11.4522
DE,07356,50.4923,11.5933
DE,07366,50.4333,11.75
DE,07368,50.5333,11.65
DE,07381,50.7,11.6833
DE,07387,50.6774,11.5385
DE,07389,50.6448,11.5865
DE,07407,50.7204,11.3405
DE,07422,50.6878,11.1667
DE,07426,50.6298,11.073
DE,07427,50.643,11.1919
DE,07429,50.6167,11.2333
DE,07545,50.8782,12.0824
DE,07546,50.8901,12.1019
DE,07548,50.8667,12.0833
DE,07549,50.8408,12.0756
DE,07551,50.8412,12.1072
DE,07552,50.8667,12.0833
DE,07554,50.7167,12.0833
DE,07557,50.8167,12.0333
DE,07570,50.75,12.05
DE,07580,50.8,12.2167
DE,07586,50.9303,12.01
DE,07589,50.8211,11.9323
DE,07607,50.9611,11.838
DE,07613,50.95,12
DE,07616,50.95,11.7333
DE,07619,51.0417,11.8214
DE,07629,50.8552,11.8945
DE,07639,50.9239,11.8795
DE,07646,50.8333,11.8667
DE,07743,50.9326,11.5868
DE,07745,50.8933,11.5847
DE,07747,50.8899,11.6086
DE,07749,50.943,11.6034
DE,07751,50.9667,11.6667
DE,07768,50.8039,11.5471
DE,07774,51.0333,11.7667
DE,07778,51,11.7167
DE,07806,50.7,11.7167
DE,07819,50.7357,11.8702
DE,07907,50.6,11.8167
DE,07922,50.4946,11.8572
DE,07924,50.5833,11.6833
DE,07926,50.4405,11.8593
DE,07927,50.4054,11.8183
DE,07929,50.4917,11.7
DE,07937,50.6528,11.9838
DE,07950,50.69,11.9723
DE,07955,50.7357,11.9136
DE,07957,50.6788,12.0941
DE,07958,50.7113,12.0543
DE,07973,50.6578,12.1992
DE,07980,50.75,12.1667
DE,07987,50.6697,12.2652
DE,07989,50.7209,12.2469
DE,36404,50.8,10.0667
DE,36414,50.8167,9.9833
DE,36419,50.7,9.9667
DE,36433,50.85,10.2833
DE,36448,50.8157,10.3512
DE,36452,50.6617,10.1247
DE,36456,50.8,10.3
DE,36457,50.7667,10.15
DE,36460,50.8779,10.1418
DE,36466,50.7138,10.1184
DE,36469,50.8395,10.166
DE,37308,51.35,10.2
DE,37318,51.3,9.9833
DE,37327,51.388,10.3262
DE,37339,51.4454,10.4454
DE,37345,51.4672,10.4673
DE,37351,51.3153,10.3174
DE,37355,51.35,10.5
DE,37359,51.2597,10.3064
DE,96515,50.3592,11.1746
DE,96523,50.4313,11.1591
DE,96524,50.3417,11.2318
DE,96528,50.3875,11.0625
DE,98527,50.608,10.6957
DE,98528,50.6,10.7
DE,98529,50.6,10.7
DE,98530,50.5833,10.5333
DE,98544,50.6564,10.6605
DE,98547,50.6667,10.4833
DE,98553,50.5275,10.763
DE,98554,50.65,10.6
DE,98559,50.6781,10.7909
DE,98574,50.7214,10.4439
DE,98587,50.6872,10.5282
DE,98590,50.6926,10.3571
DE,98593,50.7833,10.45
DE,98596,50.7833,10.4167
DE,98597,50.7636,10.3272
DE,98599,50.8241,10.4445
DE,98617,50.5679,10.4152
DE,98630,50.3822,10.4727
DE,98631,50.4572,10.5424
DE,98634,50.6099,10.1169
DE,98639,50.6167,10.3833
DE,98646,50.4677,10.6624
DE,98660,50.5333,10.65
DE,98663,50.2586,10.8115
DE,98666,50.5198,10.9709
DE,98667,50.5233,10.8667
DE,98669,50.3285,10.6225
DE,98673,50.4485,10.8563
DE,98678,50.4472,10.9495
DE,98693,50.6832,10.9186
DE,98701,50.5667,10.9667
DE,98704,50.6725,10.971
DE,98708,50.6485,11.0047
DE,98711,50.6086,10.8128
DE,98714,50.6333,10.8667
DE,98716,50.7318,10.8254
DE,98724,50.5101,11.1379
DE,98739,50.5167,11.2167
DE,98743,50.5246,11.3068
DE,98744,50.5667,11.1333
DE,98746,50.5167,11
DE,98749,50.4878,11.0621
DE,99084,50.9746,11.0297
DE,99085,50.9945,11.0528
DE,99086,50.994,11.0276
DE,99087,51.021,11.0353
DE,99089,50.9968,11.0079
DE,99091,51.0143,10.9929
DE,99092,50.973,10.9787
DE,99094,50.9833,11.0333
DE,99096,50.9643,11.041
DE,99097,50.9833,11.0333
DE,99098,50.9833,11.0333
DE,99099,50.9751,11.0637
DE,99100,51.0777,10.8548
DE,99102,50.9015,11.0408
DE,99130,50.8222,11.0172
DE,99189,51.0361,10.8903
DE,99192,50.9217,10.9365
DE,99195,51.105,11.1451
DE,99198,51.0333,11.1167
DE,99310,50.85,11.0833
DE,99326,50.7333,11.0833
DE,99330,50.7833,10.7833
DE,99334,50.8833,11.0167
DE,99338,50.75,10.8667
DE,99423,50.9804,11.3263
DE,99425,50.9833,11.3167
DE,99427,50.9867,11.3156
DE,99428,51.0048,11.1903
DE,99438,50.9225,11.3581
DE,99439,51.05,11.2167
DE,99441,50.9147,11.3716
DE,99444,50.8599,11.3439
DE,99448,50.8945,11.1811
DE,99510,51.05,11.5167
DE,99518,51.0697,11.5845
DE,99610,51.1591,11.1152
DE,99625,51.1875,11.2449
DE,99628,51.1536,11.4241
DE,99631,51.2167,11
DE,99634,51.1667,10.9833
DE,99636,51.2,11.3333
DE,99638,51.2296,11.1293
DE,99706,51.3697,10.8701
DE,99707,51.4069,10.9743
DE,99713,51.2667,10.8
DE,99718,51.2484,10.8346
DE,99734,51.5018,10.7957
DE,99735,51.4219,10.7381
DE,99752,51.4667,10.5333
DE,99755,51.4889,10.5796
DE,99759,51.4228,10.6001
DE,99762,51.5506,10.7659
DE,99765,51.4801,10.9012
DE,99768,51.5757,10.7847
DE,99817,50.9807,10.3152
DE,99819,50.9167,10.2
DE,99820,51.0217,10.5101
DE,99826,51.0667,10.35
DE,99830,51.1369,10.2336
DE,99831,51.0529,10.2475
DE,99834,50.9486,10.1853
DE,99837,50.9196,10.0424
DE,99842,50.893,10.3657
DE,99846,50.9167,10.4167
DE,99848,50.9533,10.3917
DE,99867,50.9482,10.7019
DE,99869,51,10.7833
DE,99880,50.9452,10.5622
DE,99885,50.7833,10.7333
DE,99887,50.8321,10.6627
DE,99891,50.8791,10.4597
DE,99894,50.8648,10.6206
DE,99897,50.7925,10.6157
DE,99947,51.1667,10.7167
DE,99955,51.2,10.75
DE,99958,51.1167,10.7833
DE,99974,51.209,10.4528
DE,99976,51.3222,10.4444
DE,99986,51.1216,10.4233
DE,99988,51.1814,10.2608
DE,99991,51.1333,10.5167
DE,99994,51.2464,10.6584
DE,99996,51.27,10.5975
DE,99998,51.2333,10.6
DE,87491,47.5741,10.4472
AT,7000,47.8457,16.5233
AT,7071,47.8012,16.6716
AT,2443,47.9335,16.4791
AT,2485,47.9167,16.4333
AT,2491,47.8656,16.3786
AT,7011,47.781,16.5423
AT,7012,47.7647,16.5138
AT,7013,47.7728,16.5281
AT,7033,47.7997,16.3994
AT,7034,47.7997,16.3994
AT,7035,47.7997,16.3994
AT,7041,47.7975,16.5045
AT,7051,47.8359,16.4804
AT,7052,47.8394,16.4626
AT,7053,47.8805,16.4445
AT,7061,47.8219,16.6317
AT,7062,47.8034,16.6088
AT,7063,47.8333,16.6667
AT,7064,47.8291,16.6196
AT,7072,47.75,16.6667
AT,7081,47.8523,16.6233
AT,7082,47.8942,16.6463
AT,7083,47.9129,16.6956
AT,7091,47.9445,16.7315
AT,7521,47.1284,16.4679
AT,7522,47.0139,16.4794
AT,7533,47.1833,16.1667
AT,7534,47.1333,16.2333
AT,7535,47.1078,16.2591
AT,7536,47.1667,16.3
AT,7537,47.1591,16.2209
AT,7540,47.0677,16.2921
AT,7542,47.0748,16.2696
AT,7543,47.0754,16.2103
AT,7544,47.1,16.2833
AT,7551,47.1667,16.1667
AT,7552,47.2,16.1167
AT,8291,47.1477,16.1235
AT,8292,47.1717,16.1195
AT,8293,47.2167,16.1
AT,7561,46.9969,16.225
AT,7562,47,16.2
AT,7563,47,16.1667
AT,7564,47.0167,16.1333
AT,7571,47.05,16.1167
AT,7572,47.0879,16.1079
AT,8282,46.982,16.1459
AT,8350,46.9292,16.0825
AT,8380,46.9525,16.12
AT,8382,46.9715,16.1921
AT,8383,46.9292,16.0825
AT,8384,46.8908,16.0954
AT,8385,46.8444,16.0497
AT,7020,47.6966,16.4792
AT,7021,47.7465,16.4868
AT,7022,47.7097,16.5098
AT,7023,47.7628,16.4511
AT,7024,47.7865,16.4546
AT,7031,47.7855,16.4149
AT,7032,47.7753,16.395
AT,7042,47.7738,16.4798
AT,7201,47.7966,16.2977
AT,7202,47.7378,16.338
AT,7203,47.7378,16.338
AT,7210,47.7333,16.4
AT,7212,47.7116,16.3453
AT,7221,47.7167,16.4167
AT,7222,47.7052,16.4301
AT,7223,47.6513,16.3799
AT,2413,48.1,16.9833
AT,2421,48.0925,17.0639
AT,2422,48.05,17.0333
AT,2423,48.0167,17.1
AT,2424,47.9831,17.0031
AT,2425,47.9406,17.0694
AT,2460,48.0167,16.7833
AT,2462,47.9881,16.7029
AT,2471,47.9996,16.8605
AT,2473,48.045,16.9477
AT,2474,48.0167,16.9833
AT,2475,48.0167,16.9333
AT,7092,47.95,16.75
AT,7093,47.9617,16.796
AT,7100,47.9253,16.869
AT,7111,47.9996,16.8605
AT,7121,47.9253,16.869
AT,7122,47.8969,16.9111
AT,7123,47.8802,16.9413
AT,7131,47.8702,16.9754
AT,7132,47.7439,16.8302
AT,7141,47.8541,16.8371
AT,7142,47.7615,16.8002
AT,7143,47.7439,16.8302
AT,7151,47.7285,16.9371
AT,7152,47.7285,16.9371
AT,7161,47.7841,16.9419
AT,7162,47.7667,16.9833
AT,7163,47.7744,17.0329
AT,2812,47.5583,16.3314
AT,7301,47.6,16.6333
AT,7302,47.5362,16.6602
AT,7304,47.5036,16.5436
AT,7311,47.5996,16.5467
AT,7312,47.5905,16.582
AT,7321,47.5658,16.5306
AT,7322,47.5904,16.4653
AT,7323,47.6132,16.4955
AT,7331,47.5795,16.4268
AT,7332,47.6155,16.3765
AT,7341,47.5748,16.3989
AT,7342,47.5374,16.392
AT,7343,47.5455,16.4462
AT,7344,47.5284,16.4776
AT,7350,47.5284,16.4776
AT,7361,47.4637,16.6366
AT,7371,47.4929,16.3544
AT,7372,47.5089,16.3464
AT,7373,47.4483,16.4152
AT,7374,47.5139,16.3637
AT,7441,47.4453,16.2987
AT,7442,47.4,16.3667
AT,7443,47.4078,16.498
AT,7444,47.4281,16.5268
AT,7451,47.4474,16.5076
AT,7452,47.4667,16.5833
AT,7453,47.4833,16.4833
AT,2852,47.4207,16.2199
AT,7400,47.3167,16.25
AT,7410,47.3167,16.0667
AT,7411,47.2833,16.0833
AT,7412,47.25,16.1
AT,7422,47.35,16.1333
AT,7423,47.3667,16.0667
AT,7431,47.3333,16.2333
AT,7432,47.4167,16.1833
AT,7433,47.35,16.25
AT,7434,47.3833,16.3
AT,7435,47.35,16.3333
AT,7461,47.3213,16.3086
AT,7463,47.3126,16.3281
AT,7464,47.2956,16.3956
AT,7471,47.3047,16.441
AT,7472,47.2418,16.4227
AT,7473,47.2,16.3833
AT,7474,47.1803,16.426
AT,7501,47.2485,16.2906
AT,7503,47.2389,16.3178
AT,7511,47.2,16.2833
AT,7512,47.1609,16.3485
AT,7531,47.2333,16.15
AT,7532,47.2,16.15
AT,8240,47.3667,16.1167
AT,9020,46.6506,14.3539
AT,9061,46.6566,14.345
AT,9063,46.6566,14.345
AT,9065,46.6566,14.345
AT,9073,46.5662,14.1898
AT,9201,46.6372,14.1992
AT,9500,46.6286,13.91
AT,9504,46.5996,13.8439
AT,9523,46.6442,13.8922
AT,9524,46.6513,13.8788
AT,9580,46.6,13.9
AT,9585,46.6072,13.7969
AT,9586,46.5697,13.7581
AT,9587,46.5697,13.7581
AT,9614,46.5969,13.5233
AT,9615,46.5974,13.5657
AT,9620,46.65,13.3167
AT,9622,46.6833,13.2667
AT,9623,46.6167,13.5167
AT,9624,46.6144,13.4086
AT,9631,46.6,13.2833
AT,9632,46.6427,13.1595
AT,9633,46.6493,13.1535
AT,9634,46.6427,13.1595
AT,9635,46.65,13.0667
AT,9640,46.672,12.999
AT,9651,46.6769,12.9206
AT,9652,46.6962,12.8153
AT,9653,46.6928,12.8186
AT,9654,46.7236,12.7683
AT,9655,46.7,12.7333
AT,9062,46.6566,14.345
AT,9064,46.65,14.4167
AT,9071,46.5667,14.2
AT,9072,46.55,14.1
AT,9074,46.5833,14.1333
AT,9081,46.6118,14.1724
AT,9082,46.6118,14.1724
AT,9130,46.5782,14.5256
AT,9131,46.5833,14.4833
AT,9161,46.55,14.25
AT,9162,46.5167,14.2167
AT,9163,46.5408,14.2827
AT,9170,46.4667,14.3333
AT,9173,46.5375,14.4361
AT,9181,46.4667,14.15
AT,9210,46.6364,14.1464
AT,9212,46.6333,14.1167
AT,9220,46.6132,14.0285
AT,9535,46.5833,14.0667
AT,9560,46.7413,14.0634
AT,8820,46.9708,14.5286
AT,8822,46.9869,14.5472
AT,8850,47.0489,14.1575
AT,9102,46.6827,14.6124
AT,9300,46.778,14.3445
AT,9311,46.8372,14.3031
AT,9312,46.8029,14.3996
AT,9313,46.7922,14.4105
AT,9314,46.8029,14.3996
AT,9321,46.8386,14.4864
AT,9322,46.8556,14.4596
AT,9330,46.8833,14.4167
AT,9334,46.8862,14.4843
AT,9335,46.9167,14.55
AT,9341,46.8773,14.2191
AT,9342,46.8333,14.25
AT,9343,46.8886,14.2133
AT,9344,46.8608,14.1853
AT,9345,46.8773,14.2191
AT,9346,46.9167,14.1
AT,9360,46.9722,14.3178
AT,9361,47,14.2667
AT,9362,46.9722,14.3178
AT,9363,46.95,14.2
AT,9371,46.7414,14.5339
AT,9372,46.7667,14.5667
AT,9373,46.8167,14.5333
AT,9374,46.8524,14.574
AT,9375,46.8362,14.5504
AT,9376,46.9667,14.5833
AT,9555,46.7318,14.1825
AT,9556,46.75,14.3
AT,9571,46.8263,14.0383
AT,9572,46.8667,14.0167
AT,9545,46.7601,13.7976
AT,9546,46.8167,13.7667
AT,9701,46.756,13.6103
AT,9702,46.756,13.6103
AT,9751,46.7759,13.3243
AT,9753,46.7897,13.3453
AT,9754,46.7656,13.2717
AT,9761,46.7239,13.155
AT,9762,46.7166,13.3165
AT,9771,46.7549,13.1554
AT,9772,46.7503,13.1013
AT,9773,46.7511,13.0344
AT,9781,46.7702,12.9371
AT,9800,46.8,13.5
AT,9805,46.7961,13.4974
AT,9811,46.8167,13.4667
AT,9812,46.866,13.3462
AT,9813,46.8364,13.3728
AT,9814,46.8333,13.35
AT,9815,46.866,13.3462
AT,9816,46.8747,13.2339
AT,9821,46.9475,13.1872
AT,9822,46.9833,13.1833
AT,9831,46.9015,13.0252
AT,9832,46.9,13.0667
AT,9833,46.8833,12.9
AT,9841,46.8833,12.8667
AT,9842,46.9443,12.891
AT,9843,46.9919,12.8708
AT,9844,46.9443,12.891
AT,9851,46.8333,13.5
AT,9852,46.9026,13.5034
AT,9853,46.9167,13.5333
AT,9854,46.9026,13.5034
AT,9861,46.95,13.6
AT,9862,46.976,13.6111
AT,9863,46.9936,13.6267
AT,9871,46.8154,13.5747
AT,9872,46.8267,13.5475
AT,9873,46.8154,13.5747
AT,9182,46.5333,14.1
AT,9183,46.536,14.0819
AT,9184,46.55,14.0333
AT,9231,46.65,14.0167
AT,9232,46.6071,14.0068
AT,9241,46.6,13.95
AT,9520,46.6649,13.9212
AT,9521,46.6513,13.8788
AT,9530,46.6244,13.6469
AT,9531,46.6319,13.6358
AT,9536,46.5667,14.0667
AT,9541,46.7,13.8167
AT,9542,46.7208,13.8042
AT,9543,46.7377,13.8208
AT,9544,46.7656,13.7572
AT,9551,46.7318,14.1825
AT,9581,46.5492,13.9878
AT,9582,46.5645,13.8748
AT,9583,46.5681,13.9097
AT,9584,46.5645,13.8748
AT,9601,46.55,13.744
AT,9602,46.5333,13.65
AT,9611,46.5974,13.5657
AT,9612,46.6167,13.5833
AT,9613,46.5775,13.6067
AT,9710,46.6567,13.6778
AT,9711,46.6681,13.575
AT,9712,46.7292,13.6544
AT,9713,46.7104,13.6183
AT,9714,46.7333,13.5667
AT,9721,46.6669,13.7413
AT,9722,46.6567,13.78
AT,9100,46.65,14.6833
AT,9103,46.7167,14.6833
AT,9111,46.7002,14.7274
AT,9112,46.6833,14.75
AT,9113,46.7002,14.7274
AT,9121,46.6333,14.55
AT,9122,46.5833,14.5333
AT,9123,46.6171,14.5953
AT,9125,46.6171,14.5953
AT,9132,46.5782,14.5256
AT,9133,46.5553,14.6369
AT,9135,46.5782,14.5256
AT,9141,46.6,14.6167
AT,9142,46.5716,14.7087
AT,9143,46.54,14.75
AT,9150,46.6113,14.8262
AT,9155,46.6333,14.8833
AT,9400,46.85,14.8167
AT,9411,46.8333,14.8167
AT,9412,46.861,14.821
AT,9413,46.85,14.8667
AT,9421,46.7416,14.901
AT,9422,46.7333,14.8833
AT,9423,46.7167,14.9167
AT,9431,46.8167,14.7333
AT,9433,46.788,14.8301
AT,9441,46.9167,14.9333
AT,9451,46.9667,14.95
AT,9461,46.9167,14.8
AT,9462,46.9484,14.7868
AT,9463,47,14.75
AT,9470,46.7,14.8
AT,9472,46.6667,14.9667
AT,9473,46.6333,14.9833
AT,9552,46.7052,14.0451
AT,9554,46.75,14.15
AT,9562,46.7345,14.0495
AT,9563,46.8158,13.9358
AT,9564,46.7972,13.8639
AT,9565,46.8861,13.8964
AT,9570,46.6631,13.9797
AT,3500,48.4092,15.6141
AT,3506,48.3789,15.6907
AT,3541,48.4311,15.587
AT,3100,48.1833,15.6
AT,3104,48.2,15.6333
AT,3105,48.2415,15.668
AT,3107,48.2,15.6333
AT,3140,48.2333,15.7
AT,3151,48.1424,15.6193
AT,3385,48.1667,15.5667
AT,3263,47.9954,14.8739
AT,3340,47.9833,14.7
AT,2700,47.8,16.25
AT,2751,47.8,16.25
AT,2752,47.8,16.25
AT,3300,48.1085,14.8439
AT,3304,48.1167,14.9333
AT,3311,48.1229,14.8721
AT,3312,48.1167,14.8
AT,3313,48.15,14.7
AT,3314,48.1333,14.6333
AT,3321,48.15,14.8333
AT,3322,48.1507,14.8926
AT,3323,48.1553,14.8976
AT,3324,48.0818,14.9315
AT,3325,48.0833,15
AT,3331,48.0167,14.7
AT,3332,47.945,14.717
AT,3333,47.985,14.7479
AT,3341,47.9167,14.9
AT,3342,47.8667,14.8
AT,3343,47.7667,14.7667
AT,3344,47.8735,14.849
AT,3350,48.1,14.5667
AT,3351,48.0585,14.6054
AT,3352,48.0585,14.6054
AT,3353,48.0333,14.65
AT,3354,48.0667,14.6667
AT,3355,47.977,14.6313
AT,3361,48.0167,14.7
AT,3362,48.0964,14.8006
AT,3363,48.0765,14.8187
AT,3364,48.05,14.85
AT,3365,48.0432,14.794
AT,3372,48.0833,15
AT,4300,48.1333,14.5167
AT,4303,48.2,14.5667
AT,4431,48.1012,14.494
AT,4432,48.1333,14.5167
AT,4441,47.9942,14.5178
AT,4442,48,14.5333
AT,4443,47.9942,14.5178
AT,4482,48.2118,14.5029
AT,2440,48,16.5167
AT,2441,47.9833,16.4667
AT,2442,47.95,16.4167
AT,2444,47.9667,16.5167
AT,2452,48,16.5167
AT,2483,47.95,16.4
AT,2486,47.9,16.35
AT,2500,48.0054,16.2326
AT,2504,47.9846,16.2174
AT,2511,48.0174,16.2635
AT,2512,47.9853,16.2919
AT,2514,48.0258,16.3051
AT,2521,47.9935,16.3427
AT,2522,47.9757,16.3219
AT,2523,47.95,16.3
AT,2524,47.95,16.2833
AT,2525,47.9345,16.2538
AT,2532,48.0299,16.1173
AT,2533,48.0877,16.0169
AT,2534,48.0305,16.0736
AT,2540,47.9628,16.1937
AT,2542,47.951,16.2271
AT,2544,47.951,16.2271
AT,2551,47.931,16.1791
AT,2552,47.931,16.1791
AT,2560,47.8869,16.0967
AT,2563,47.9582,16.0948
AT,2564,47.9821,16.0394
AT,2565,47.9659,16.0772
AT,2571,48.0155,15.9966
AT,2572,48.0625,15.9273
AT,2602,47.9345,16.2538
AT,3033,48.0877,16.0169
AT,3053,48.0877,16.0169
AT,1300,48.15,16.5167
AT,2320,48.12,16.3932
AT,2322,48.12,16.3932
AT,2325,48.12,16.3932
AT,2326,48.12,16.3932
AT,2333,48.118,16.3479
AT,2401,48.1086,16.8053
AT,2402,48.1167,16.7167
AT,2403,48.1,16.8
AT,2404,48.1167,16.85
AT,2405,48.1175,16.9358
AT,2410,48.1463,16.945
AT,2412,48.1333,17
AT,2431,48.0938,16.6066
AT,2432,48.0667,16.5833
AT,2433,48.0333,16.6
AT,2434,48.0326,16.5933
AT,2435,48.0167,16.5833
AT,2451,47.923,16.5579
AT,2453,47.9833,16.65
AT,2454,48.0167,16.6333
AT,2463,48.05,16.6333
AT,2464,48.0667,16.7
AT,2465,48.0667,16.7833
AT,2472,48.0667,16.95
AT,2181,48.6,16.8167
AT,2182,48.5833,16.8167
AT,2183,48.5978,16.7563
AT,2184,48.5978,16.7563
AT,2185,48.6,16.7208
AT,2214,48.3667,16.6333
AT,2215,48.3941,16.6582
AT,2221,48.4147,16.6319
AT,2222,48.45,16.5833
AT,2223,48.4617,16.6272
AT,2224,48.5,16.65
AT,2225,48.55,16.7833
AT,2230,48.3392,16.7202
AT,2231,48.3167,16.6667
AT,2232,48.2833,16.5333
AT,2241,48.3548,16.6912
AT,2242,48.3868,16.7389
AT,2243,48.4,16.7
AT,2244,48.4639,16.7365
AT,2245,48.4669,16.7806
AT,2251,48.4333,16.7833
AT,2252,48.4,16.8
AT,2253,48.3444,16.7665
AT,2261,48.3778,16.8281
AT,2262,48.4167,16.8333
AT,2263,48.4731,16.8506
AT,2264,48.4981,16.8723
AT,2265,48.539,16.9026
AT,2272,48.5667,16.85
AT,2273,48.6042,16.9047
AT,2281,48.2466,16.5653
AT,2282,48.2667,16.6333
AT,2283,48.2667,16.7
AT,2284,48.25,16.7333
AT,2285,48.2226,16.6886
AT,2286,48.1927,16.7874
AT,2291,48.2656,16.805
AT,2292,48.15,16.8833
AT,2293,48.2789,16.9093
AT,2294,48.1929,16.9571
AT,2295,48.3411,16.8367
AT,2301,48.2028,16.5508
AT,2304,48.1452,16.7009
AT,2305,48.1645,16.7818
AT,3834,48.8167,15.15
AT,3860,48.8667,15.1167
AT,3861,48.9083,15.1488
AT,3862,48.9,15.1
AT,3863,48.9667,15.1333
AT,3871,48.8167,15
AT,3872,48.8333,15.0833
AT,3873,48.85,15
AT,3874,48.9833,15
AT,3922,48.65,14.95
AT,3923,48.646,14.9975
AT,3932,48.7167,15.1
AT,3942,48.7333,15.1167
AT,3943,48.7833,15.05
AT,3944,48.7667,15.1167
AT,3945,48.7731,15.0769
AT,3950,48.7833,15
AT,3961,48.7333,15
AT,3962,48.7333,14.8333
AT,3970,48.6833,14.9667
AT,3971,48.6667,14.8333
AT,3972,48.6167,14.85
AT,3973,48.5833,14.75
AT,2013,48.5167,16.15
AT,2014,48.5333,16.05
AT,2020,48.6,16.05
AT,2022,48.6394,16.1247
AT,2023,48.6333,16.2
AT,2024,48.6738,16.1813
AT,2031,48.5667,16.1833
AT,2032,48.5833,16.2333
AT,2033,48.6167,16.2333
AT,2041,48.6,16.15
AT,2042,48.65,16.05
AT,2051,48.7,15.9167
AT,2052,48.7,16.0333
AT,2053,48.7,16.0333
AT,2054,48.706,16.0036
AT,2061,48.7,16.1167
AT,2062,48.7125,16.1861
AT,2070,48.7333,15.95
AT,2073,48.7381,15.8749
AT,2074,48.7667,16
AT,2081,48.7667,15.9
AT,2082,48.85,15.85
AT,2083,48.8167,15.8167
AT,2092,48.85,15.7667
AT,3472,48.5,15.8167
AT,3473,48.5167,15.7833
AT,3701,48.5167,16.0167
AT,3704,48.5,15.9333
AT,3710,48.5333,15.9833
AT,3711,48.5306,15.8794
AT,3712,48.5667,15.8167
AT,3713,48.5666,15.8767
AT,3714,48.6458,15.9306
AT,3720,48.5667,15.85
AT,3721,48.5778,15.8742
AT,3741,48.7048,15.8603
AT,3742,48.7333,15.8167
AT,2084,48.7833,15.7667
AT,2091,48.8218,15.7408
AT,2093,48.7753,15.6768
AT,2094,48.8333,15.6
AT,2095,48.8667,15.6333
AT,3571,48.5937,15.616
AT,3573,48.6167,15.6167
AT,3580,48.6597,15.6447
AT,3591,48.65,15.6167
AT,3592,48.6477,15.484
AT,3593,48.6667,15.45
AT,3595,48.6942,15.5201
AT,3722,48.6102,15.8646
AT,3730,48.5833,15.8167
AT,3743,48.6985,15.8036
AT,3744,48.6423,15.7008
AT,3751,48.6872,15.7213
AT,3752,48.7167,15.7167
AT,3753,48.7354,15.657
AT,3754,48.75,15.5667
AT,3761,48.7167,15.5167
AT,3763,48.7818,15.5566
AT,1210,48.3,16.35
AT,2000,48.3667,16.1667
AT,2002,48.5333,16.2
AT,2003,48.4333,16.2833
AT,2004,48.45,16.3
AT,2011,48.45,16.1667
AT,2100,48.3667,16.3833
AT,2102,48.3,16.35
AT,2103,48.3,16.35
AT,2104,48.3833,16.25
AT,2105,48.3833,16.3667
AT,2111,48.3833,16.3667
AT,2112,48.4167,16.4167
AT,2113,48.4833,16.3333
AT,2114,48.5,16.4
AT,2115,48.5333,16.3
AT,2116,48.5667,16.3667
AT,2201,48.3567,16.436
AT,2202,48.3333,16.4
AT,3430,48.4,16.05
AT,3463,48.4,16.0167
AT,3464,48.3833,16.1
AT,3702,48.4667,16.05
AT,3122,48.3333,15.4833
AT,3485,48.4333,15.75
AT,3491,48.5167,15.75
AT,3492,48.4333,15.7333
AT,3493,48.4667,15.7167
AT,3494,48.4289,15.6986
AT,3495,48.4542,15.7202
AT,3508,48.3357,15.6238
AT,3511,48.3676,15.572
AT,3512,48.3667,15.5667
AT,3521,48.4836,15.342
AT,3522,48.5167,15.3667
AT,3524,48.4836,15.342
AT,3532,48.558,15.3289
AT,3542,48.5167,15.5333
AT,3543,48.5191,15.4828
AT,3544,48.5833,15.4833
AT,3550,48.5,15.6
AT,3552,48.4833,15.5333
AT,3553,48.4875,15.6093
AT,3561,48.4833,15.6833
AT,3562,48.55,15.6667
AT,3564,48.55,15.6833
AT,3572,48.5667,15.5667
AT,3601,48.3979,15.4693
AT,3602,48.3964,15.5045
AT,3610,48.3979,15.4693
AT,3611,48.4,15.3833
AT,3613,48.4333,15.3667
AT,3620,48.3667,15.3667
AT,3621,48.3992,15.3281
AT,3622,48.3833,15.35
AT,3641,48.3225,15.4049
AT,3642,48.3252,15.4518
AT,3643,48.2877,15.359
AT,2663,47.8362,15.7291
AT,3150,48.0664,15.6332
AT,3153,48.0483,15.5669
AT,3160,48.0503,15.6258
AT,3161,48.0664,15.6332
AT,3162,48.0474,15.7108
AT,3163,48.0228,15.7228
AT,3170,48,15.7833
AT,3171,48.0108,15.7924
AT,3172,48.01,15.8038
AT,3180,47.9813,15.5676
AT,3183,47.9734,15.5709
AT,3184,47.931,15.493
AT,3192,47.9068,15.62
AT,3193,47.8691,15.5655
AT,3195,47.8157,15.5451
AT,3222,47.8323,15.4209
AT,3223,47.8671,15.3396
AT,3224,47.8295,15.3084
AT,8630,47.8323,15.4209
AT,8694,47.7727,15.5058
AT,3203,48.0981,15.509
AT,3204,48.0981,15.509
AT,3232,48.1165,15.4418
AT,3233,48.1167,15.4
AT,3240,48.0902,15.3012
AT,3241,48.0839,15.3232
AT,3242,48.0902,15.3012
AT,3243,48.15,15.2833
AT,3244,48.0902,15.3012
AT,3252,48.1333,15.15
AT,3253,48.1084,15.1404
AT,3254,48.1084,15.1404
AT,3370,48.1438,15.0606
AT,3371,48.1333,15.05
AT,3373,48.15,15.0833
AT,3374,48.1438,15.0606
AT,3375,48.2,15.15
AT,3376,48.15,15.05
AT,3380,48.2,15.2
AT,3381,48.1919,15.4348
AT,3382,48.2099,15.4178
AT,3383,48.1919,15.4348
AT,3390,48.215,15.3099
AT,3392,48.25,15.4167
AT,3393,48.1667,15.2333
AT,3644,48.25,15.3333
AT,3650,48.3003,15.236
AT,3652,48.2424,15.2545
AT,3653,48.3003,15.236
AT,3654,48.3333,15.2667
AT,3660,48.2167,15.2167
AT,3661,48.2667,15.2
AT,3662,48.25,15.15
AT,3663,48.3167,15.0833
AT,3671,48.2269,15.1566
AT,3672,48.2333,15.1833
AT,3680,48.2273,15.0666
AT,3681,48.1992,15.0301
AT,3683,48.2273,15.0666
AT,3684,48.2273,15.0666
AT,3691,48.2251,14.9932
AT,4392,48.2707,14.9452
AT,2034,48.6639,16.2456
AT,2063,48.7,16.2333
AT,2064,48.7167,16.3
AT,2120,48.3667,16.5167
AT,2122,48.4,16.4833
AT,2123,48.4333,16.4833
AT,2124,48.4667,16.4667
AT,2125,48.4667,16.5167
AT,2126,48.5333,16.45
AT,2130,48.5833,16.65
AT,2132,48.6333,16.5167
AT,2133,48.6333,16.45
AT,2134,48.6667,16.4833
AT,2135,48.7333,16.5167
AT,2136,48.7451,16.4423
AT,2141,48.6833,16.5667
AT,2143,48.6264,16.7228
AT,2144,48.6333,16.8
AT,2145,48.6167,16.8167
AT,2151,48.5833,16.4667
AT,2152,48.6257,16.371
AT,2153,48.6481,16.3339
AT,2154,48.6667,16.3833
AT,2161,48.7167,16.6167
AT,2162,48.7167,16.5833
AT,2163,48.75,16.5833
AT,2164,48.7831,16.4667
AT,2165,48.75,16.6667
AT,2170,48.6667,16.5833
AT,2171,48.6833,16.6833
AT,2172,48.7167,16.7167
AT,2191,48.5,16.5667
AT,2192,48.55,16.65
AT,2193,48.6167,16.6333
AT,2203,48.364,16.4708
AT,2211,48.35,16.5333
AT,2212,48.3677,16.6072
AT,2213,48.36,16.6039
AT,2274,48.65,16.9
AT,2275,48.6916,16.8695
AT,2276,48.7,16.7667
AT,2331,48.1211,16.3404
AT,2332,48.1117,16.3631
AT,2334,48.1211,16.3404
AT,2340,48.1,16.2833
AT,2344,48.1,16.2833
AT,2345,48.107,16.2847
AT,2351,48.0683,16.3561
AT,2352,48.0454,16.2771
AT,2353,48.0469,16.3138
AT,2361,48.0683,16.3561
AT,2362,48.0839,16.3454
AT,2371,48.0901,16.2116
AT,2372,48.0978,16.2348
AT,2380,48.1194,16.2661
AT,2381,48.1549,16.1736
AT,2384,48.1333,16.15
AT,2391,48.1165,16.1996
AT,2392,48.0792,16.1117
AT,2393,48.0744,16.188
AT,2481,48.0803,16.3861
AT,2482,48.0333,16.3833
AT,2531,48.0536,16.2
AT,2620,47.6797,16.0632
AT,2624,47.7318,16.1709
AT,2625,47.7318,16.1709
AT,2630,47.7077,15.9413
AT,2631,47.7553,15.9822
AT,2632,47.692,15.9966
AT,2640,47.6606,15.9408
AT,2641,47.6568,15.8725
AT,2642,47.6383,15.8813
AT,2650,47.6952,15.8773
AT,2651,47.6864,15.82
AT,2654,47.6738,15.7645
AT,2661,47.8362,15.7291
AT,2662,47.8362,15.7291
AT,2671,47.6808,15.8804
AT,2673,47.6721,15.8311
AT,2680,47.6151,15.7755
AT,2724,47.8004,16.0294
AT,2731,47.7776,16.1084
AT,2732,47.7667,16.05
AT,2733,47.8004,16.0294
AT,2734,47.7858,16.033
AT,2761,47.7871,15.9135
AT,2813,47.6212,16.1464
AT,2822,47.7318,16.1709
AT,2823,47.7192,16.2197
AT,2824,47.7,16.1667
AT,2831,47.6591,16.1415
AT,2832,47.65,16.1833
AT,2833,47.65,16.1833
AT,2840,47.598,16.1405
AT,2842,47.5808,16.1324
AT,2851,47.5333,16.15
AT,2870,47.5333,15.9833
AT,2871,47.4833,16.15
AT,2872,47.5333,16.05
AT,2873,47.5374,16.0885
AT,2880,47.6167,16.0333
AT,2881,47.6096,15.9596
AT,7421,47.3836,16.111
AT,8244,47.4395,16.0484
AT,1140,48.2077,16.1754
AT,3001,48.2654,16.0852
AT,3002,48.2654,16.0852
AT,3003,48.2654,16.0852
AT,3004,48.2654,16.0852
AT,3011,48.1822,15.8775
AT,3012,48.1822,15.8775
AT,3013,48.1822,15.8775
AT,3021,48.1822,15.8775
AT,3031,48.173,15.9527
AT,3032,48.173,15.9527
AT,3034,48.173,15.9527
AT,3040,48.1903,15.9014
AT,3041,48.2316,15.9038
AT,3051,48.1679,15.8726
AT,3052,48.1351,15.8871
AT,3061,48.1739,15.8494
AT,3062,48.1753,15.8286
AT,3071,48.1573,15.7717
AT,3072,48.15,15.7833
AT,3073,48.1573,15.7717
AT,3074,48.1148,15.7547
AT,3110,48.2333,15.5667
AT,3121,48.2889,15.5607
AT,3123,48.2879,15.6337
AT,3124,48.3,15.5667
AT,3125,48.2967,15.6471
AT,3130,48.2667,15.7167
AT,3131,48.3167,15.6667
AT,3133,48.3361,15.8055
AT,3134,48.3399,15.677
AT,3141,48.2391,15.7968
AT,3142,48.2046,15.7416
AT,3143,48.1714,15.6838
AT,3144,48.1244,15.6964
AT,3200,48.0981,15.509
AT,3202,48.0761,15.5304
AT,3205,48.0981,15.509
AT,3211,47.9958,15.4016
AT,3212,47.9333,15.3833
AT,3213,47.9765,15.2964
AT,3214,47.9598,15.3257
AT,3231,48.1165,15.4418
AT,3384,48.1919,15.4348
AT,3386,48.1919,15.4348
AT,3400,48.3528,15.9306
AT,3443,48.2065,15.9851
AT,3451,48.252,15.9418
AT,3454,48.3007,15.7616
AT,3221,47.8868,15.2911
AT,3250,48.1084,15.1404
AT,3251,48.0524,15.1045
AT,3261,48.1092,15.029
AT,3262,48.0517,14.9785
AT,3264,47.9723,14.9739
AT,3270,48.0086,15.1594
AT,3281,48.0639,15.2243
AT,3282,48.047,15.2144
AT,3283,47.9543,15.1601
AT,3291,47.9456,15.1271
AT,3292,47.929,15.0882
AT,3293,47.8612,15.03
AT,3294,47.8453,15.1301
AT,3295,47.8696,15.151
AT,3345,47.7333,14.8833
AT,8924,47.6476,14.8128
AT,3042,48.2316,15.9038
AT,3413,48.3,16.2167
AT,3420,48.3303,16.1979
AT,3421,48.3303,16.1979
AT,3422,48.3382,16.2314
AT,3423,48.3285,16.1757
AT,3424,48.3285,16.1757
AT,3425,48.3303,16.1979
AT,3426,48.3233,16.143
AT,3433,48.302,16.1449
AT,3434,48.2785,16.1018
AT,3435,48.3389,15.9329
AT,3441,48.2851,16.0493
AT,3442,48.326,16.0048
AT,3452,48.2859,15.883
AT,3462,48.3912,16.0324
AT,3465,48.4333,15.9333
AT,3470,48.4667,15.9
AT,3471,48.4833,15.8833
AT,3474,48.3833,15.9
AT,3481,48.4333,15.85
AT,3482,48.4833,15.8167
AT,3483,48.4333,15.7833
AT,3484,48.4,15.8
AT,3762,48.7647,15.5137
AT,3812,48.7667,15.4333
AT,3813,48.7907,15.4343
AT,3814,48.7907,15.4343
AT,3820,48.8333,15.4833
AT,3822,48.8833,15.35
AT,3823,48.9119,15.4647
AT,3824,48.8782,15.4606
AT,3830,48.8333,15.2167
AT,3841,48.7833,15.2833
AT,3842,48.8693,15.3037
AT,3843,48.9151,15.3219
AT,3844,48.9333,15.3833
AT,3851,48.9167,15.2667
AT,3852,48.9,15.1833
AT,3900,48.7667,15.25
AT,3902,48.7833,15.1667
AT,2490,47.8878,16.3422
AT,2492,47.8581,16.3218
AT,2493,47.8333,16.2833
AT,2601,47.8844,16.2718
AT,2603,47.8816,16.2421
AT,2604,47.8581,16.3218
AT,2721,47.8238,16.1593
AT,2722,47.815,16.1041
AT,2723,47.8305,16.0701
AT,2753,47.8747,16.0771
AT,2754,47.8507,16.0197
AT,2755,47.8785,16.0246
AT,2763,47.8795,15.965
AT,2770,47.8842,15.868
AT,2801,47.75,16.2833
AT,2802,47.65,16.283
AT,2803,47.6416,16.3416
AT,2811,47.6167,16.2833
AT,2821,47.7167,16.25
AT,2853,47.4727,16.191
AT,2860,47.5,16.2833
AT,3525,48.4667,15.2333
AT,3531,48.55,15.25
AT,3533,48.5667,15.2333
AT,3594,48.6,15.4
AT,3623,48.4333,15.3
AT,3631,48.4361,15.1278
AT,3632,48.4667,15.1
AT,3633,48.4833,15.0667
AT,3664,48.3833,15.1667
AT,3665,48.3833,15.1333
AT,3800,48.7667,15.35
AT,3804,48.7,15.3
AT,3811,48.75,15.4
AT,3903,48.7167,15.2167
AT,3910,48.5713,15.1613
AT,3911,48.5,15.0333
AT,3912,48.5,15.1333
AT,3913,48.5167,15.2167
AT,3914,48.5599,15.1406
AT,3920,48.5667,15.05
AT,3921,48.6,14.8833
AT,3924,48.5712,14.9508
AT,3925,48.4667,14.9167
AT,3931,48.6207,15.078
AT,4372,48.344,14.9053
AT,4020,48.3064,14.2861
AT,4030,48.3064,14.2861
AT,4040,48.3064,14.2861
AT,4400,48.0427,14.4213
AT,4407,48.0427,14.4213
AT,4451,48.0427,14.4213
AT,4600,48.1833,13.9833
AT,4623,48.1388,13.9566
AT,4931,48.1697,13.3531
AT,4932,48.1697,13.3531
AT,4933,48.1697,13.3531
AT,4943,48.2237,13.2993
AT,4950,48.2515,13.2341
AT,4951,48.2336,13.211
AT,4952,48.2351,13.178
AT,4961,48.2695,13.1465
AT,4962,48.2695,13.1465
AT,4963,48.2725,13.1015
AT,5120,48.0872,12.8396
AT,5121,48.0368,12.8525
AT,5122,48.0872,12.8396
AT,5131,48.0522,12.9117
AT,5132,48.1428,12.9462
AT,5133,48.1428,12.9462
AT,5134,48.1636,12.9771
AT,5141,48.1102,13.0161
AT,5142,48.0791,12.9905
AT,5143,48.1102,13.0161
AT,5144,48.1315,12.9944
AT,5145,48.1102,13.0161
AT,5163,48,13.1167
AT,5166,47.9663,13.0733
AT,5211,48.0022,13.2757
AT,5212,48.0135,13.2604
AT,5221,48,13.1833
AT,5222,48.0362,13.1598
AT,5223,48.0575,13.1352
AT,5224,48.0362,13.1598
AT,5225,48.0483,13.1481
AT,5230,48.1073,13.1508
AT,5231,48.0975,13.1857
AT,5232,48.05,13.1167
AT,5233,48.1153,13.0424
AT,5241,48.1295,13.2351
AT,5242,48.121,13.2833
AT,5251,48.1648,13.2715
AT,5252,48.1857,13.3044
AT,5261,48.1617,13.1334
AT,5270,48.1917,13.1334
AT,5271,48.198,13.1813
AT,5272,48.1824,13.2167
AT,5273,48.198,13.1813
AT,5274,48.2206,13.0944
AT,5280,48.2411,13.0367
AT,5282,48.2452,13.0279
AT,4070,48.2969,14.0506
AT,4072,48.265,14.0645
AT,4074,48.2969,14.0506
AT,4075,48.2639,13.995
AT,4076,48.2969,14.0506
AT,4081,48.38,14.0098
AT,4082,48.3646,14.0204
AT,4083,48.4241,13.8708
AT,4612,48.2192,14.0562
AT,4730,48.3596,13.898
AT,4731,48.3187,13.8812
AT,4732,48.277,13.8837
AT,4192,48.5167,14.3859
AT,4193,48.527,14.3871
AT,4210,48.3858,14.4826
AT,4211,48.4139,14.445
AT,4212,48.449,14.4628
AT,4224,48.2979,14.462
AT,4230,48.3522,14.5698
AT,4232,48.3833,14.5333
AT,4240,48.5049,14.4266
AT,4242,48.5167,14.3859
AT,4251,48.5729,14.6139
AT,4252,48.5396,14.724
AT,4261,48.5441,14.4869
AT,4262,48.614,14.5402
AT,4263,48.577,14.6021
AT,4264,48.5429,14.5078
AT,4271,48.5097,14.5996
AT,4272,48.4601,14.7097
AT,4273,48.4041,14.7843
AT,4274,48.4601,14.7097
AT,4280,48.3833,14.8333
AT,4281,48.3602,14.7272
AT,4282,48.35,14.7333
AT,4283,48.3602,14.7272
AT,4284,48.329,14.5707
AT,4291,48.4826,14.5128
AT,4292,48.4233,14.5305
AT,4293,48.4416,14.5981
AT,4294,48.475,14.6758
AT,4311,48.273,14.5363
AT,4644,47.8969,13.9505
AT,4645,47.8549,13.9557
AT,4653,48.0042,13.9738
AT,4655,48.0489,13.9247
AT,4656,47.9694,13.9099
AT,4661,48.0127,13.842
AT,4662,47.9819,13.8217
AT,4663,47.9819,13.8217
AT,4664,47.9819,13.8217
AT,4694,48.0446,13.7748
AT,4801,47.8446,13.7894
AT,4802,47.893,13.7458
AT,4810,47.9351,13.8457
AT,4812,47.916,13.7813
AT,4813,47.8949,13.7593
AT,4814,47.8807,13.7299
AT,4816,47.9506,13.8539
AT,4817,47.916,13.7813
AT,4820,47.7333,13.65
AT,4821,47.6956,13.6195
AT,4822,47.6639,13.6029
AT,4823,47.5907,13.6534
AT,4824,47.5842,13.5345
AT,4825,47.5842,13.5345
AT,4830,47.5536,13.6491
AT,4831,47.55,13.6833
AT,4845,48.0321,13.6385
AT,5351,47.7179,13.5691
AT,5360,47.7336,13.518
AT,4084,48.402,13.9106
AT,4085,48.402,13.9106
AT,4611,48.2192,14.0562
AT,4625,48.1388,13.9566
AT,4631,48.2132,13.9497
AT,4632,48.1883,13.8967
AT,4633,48.1883,13.8967
AT,4672,48.16,13.7845
AT,4673,48.1446,13.7032
AT,4674,48.1449,13.7507
AT,4675,48.1781,13.6679
AT,4676,48.1449,13.7507
AT,4680,48.189,13.6554
AT,4681,48.1827,13.652
AT,4682,48.1507,13.6603
AT,4692,48.0446,13.7748
AT,4701,48.246,13.9062
AT,4702,48.23,13.9192
AT,4707,48.2267,13.9049
AT,4710,48.2607,13.8061
AT,4712,48.2439,13.7954
AT,4713,48.2099,13.8098
AT,4714,48.2439,13.7954
AT,4715,48.2323,13.7356
AT,4716,48.2439,13.7954
AT,4720,48.2999,13.7021
AT,4722,48.373,13.7414
AT,4723,48.3833,13.7333
AT,4724,48.373,13.7414
AT,4733,48.348,13.8202
AT,4741,48.2325,13.6173
AT,4742,48.2354,13.6058
AT,4762,48.3699,13.6595
AT,4902,48.1164,13.6263
AT,4421,47.9923,14.289
AT,4532,48.0529,14.1292
AT,4540,48.0529,14.1292
AT,4542,47.9782,14.1183
AT,4550,48.0529,14.1292
AT,4551,48.0446,14.0827
AT,4552,47.999,14.1032
AT,4553,47.964,14.0812
AT,4554,47.999,14.1032
AT,4560,47.9056,14.1223
AT,4562,47.8926,14.0304
AT,4563,47.8936,14.1334
AT,4564,47.8314,14.1572
AT,4565,47.9333,14.05
AT,4571,47.7833,14.1667
AT,4572,47.7833,14.1667
AT,4573,47.7379,14.217
AT,4574,47.7134,14.2271
AT,4575,47.7351,14.2733
AT,4580,47.7149,14.3447
AT,4581,47.7149,14.3447
AT,4582,47.7034,14.2989
AT,4591,47.8667,14.2667
AT,4592,47.9333,14.2333
AT,4593,47.9612,14.2299
AT,4594,47.9471,14.2683
AT,4596,47.9333,14.2667
AT,4621,48.0529,14.1292
AT,4643,47.9552,14.0462
AT,4050,48.2309,14.2678
AT,4052,48.1957,14.2414
AT,4053,48.2003,14.2625
AT,4055,48.1957,14.2414
AT,4060,48.2753,14.2608
AT,4061,48.2572,14.191
AT,4062,48.2569,14.0997
AT,4063,48.2572,14.191
AT,4064,48.2226,14.1333
AT,4073,48.2911,14.1764
AT,4470,48.2317,14.4464
AT,4481,48.1704,14.4406
AT,4483,48.1433,14.4064
AT,4484,48.1635,14.4674
AT,4490,48.2071,14.4209
AT,4491,48.1809,14.3667
AT,4492,48.1431,14.3778
AT,4501,48.1387,14.2276
AT,4502,48.1436,14.2877
AT,4511,48.1585,14.1912
AT,4521,48.0623,14.3066
AT,4531,48.088,14.2068
AT,4533,48.1003,14.2415
AT,4616,48.2192,14.0562
AT,4622,48.1388,13.9566
AT,4222,48.2584,14.462
AT,4223,48.2979,14.462
AT,4225,48.2746,14.413
AT,4310,48.273,14.5363
AT,4312,48.273,14.5363
AT,4320,48.25,14.6833
AT,4322,48.2675,14.672
AT,4323,48.2545,14.7143
AT,4324,48.2675,14.672
AT,4331,48.2255,14.6084
AT,4332,48.2157,14.6264
AT,4341,48.2239,14.7224
AT,4342,48.209,14.7191
AT,4343,48.1801,14.6808
AT,4351,48.2206,14.7893
AT,4352,48.2282,14.7933
AT,4360,48.2809,14.826
AT,4362,48.2815,14.8146
AT,4363,48.3519,14.8628
AT,4364,48.3,14.7667
AT,4371,48.344,14.9053
AT,4381,48.2328,14.9191
AT,4382,48.2377,14.9564
AT,4391,48.2707,14.9452
AT,4743,48.2325,13.6173
AT,4751,48.2831,13.5935
AT,4752,48.2831,13.5935
AT,4753,48.2833,13.5667
AT,4754,48.2657,13.5264
AT,4772,48.3177,13.513
AT,4906,48.1664,13.5747
AT,4910,48.1907,13.4866
AT,4911,48.2427,13.5093
AT,4912,48.1907,13.4866
AT,4920,48.1456,13.4631
AT,4921,48.1555,13.4802
AT,4922,48.2046,13.5873
AT,4923,48.1555,13.4802
AT,4924,48.1195,13.443
AT,4925,48.1555,13.4802
AT,4926,48.1772,13.5855
AT,4941,48.1984,13.4443
AT,4942,48.2271,13.3843
AT,4970,48.2246,13.436
AT,4971,48.2952,13.4387
AT,4972,48.2762,13.4609
AT,4973,48.2786,13.4068
AT,4974,48.3165,13.4336
AT,4980,48.3141,13.3627
AT,4981,48.3366,13.3953
AT,4982,48.3141,13.3627
AT,4983,48.2964,13.3504
AT,4984,48.3141,13.3627
AT,4113,48.4014,14.0773
AT,4114,48.4176,14.0058
AT,4115,48.4014,14.0773
AT,4116,48.4713,14.0409
AT,4120,48.5007,13.9802
AT,4121,48.5048,13.9949
AT,4122,48.5007,13.9802
AT,4131,48.4469,13.8852
AT,4132,48.4826,13.8867
AT,4133,48.45,13.8667
AT,4134,48.4826,13.8867
AT,4141,48.53,13.8083
AT,4142,48.5227,13.793
AT,4143,48.5044,13.7608
AT,4144,48.5633,13.8205
AT,4150,48.5438,13.9939
AT,4151,48.5952,13.9364
AT,4152,48.5536,13.9212
AT,4153,48.5821,13.9042
AT,4154,48.5734,13.8335
AT,4155,48.634,13.8354
AT,4160,48.6614,13.9488
AT,4161,48.7069,13.948
AT,4162,48.6833,13.8167
AT,4163,48.6729,13.9082
AT,4164,48.7019,13.8154
AT,4170,48.6008,14.0574
AT,4171,48.537,14.0493
AT,4172,48.5043,14.1203
AT,4173,48.4756,14.1706
AT,4174,48.4523,14.127
AT,4175,48.499,14.1021
AT,4182,48.4931,14.1917
AT,4183,48.5167,14.1833
AT,4184,48.5027,14.1971
AT,4090,48.5294,13.6096
AT,4091,48.5167,13.6333
AT,4092,48.5323,13.5879
AT,4721,48.3232,13.6879
AT,4725,48.373,13.7414
AT,4755,48.3167,13.5667
AT,4760,48.3699,13.6595
AT,4761,48.3908,13.6221
AT,4770,48.3427,13.5535
AT,4771,48.3799,13.532
AT,4773,48.3799,13.532
AT,4774,48.3605,13.427
AT,4775,48.3799,13.532
AT,4776,48.407,13.5642
AT,4777,48.3799,13.532
AT,4780,48.4568,13.4306
AT,4782,48.507,13.4839
AT,4783,48.5001,13.4807
AT,4784,48.5133,13.49
AT,4785,48.5459,13.5342
AT,4786,48.507,13.4839
AT,4791,48.45,13.5093
AT,4792,48.4652,13.614
AT,4793,48.4998,13.6527
AT,4794,48.4579,13.6828
AT,4975,48.4118,13.4304
AT,3334,47.9,14.6833
AT,3335,47.8167,14.6333
AT,4452,47.9333,14.35
AT,4453,47.9333,14.35
AT,4460,47.95,14.45
AT,4461,47.95,14.45
AT,4462,47.8833,14.4667
AT,4463,47.95,14.45
AT,4464,47.8167,14.6333
AT,4493,48.1809,14.3667
AT,4522,48.0434,14.3093
AT,4523,48.0333,14.35
AT,4541,47.9923,14.1936
AT,4595,47.9471,14.2683
AT,8934,47.8167,14.6333
AT,4048,48.3358,14.2347
AT,4100,48.3392,14.1855
AT,4101,48.3822,14.0894
AT,4102,48.3266,14.1011
AT,4111,48.3283,14.1276
AT,4112,48.391,14.154
AT,4180,48.5027,14.1971
AT,4181,48.45,14.2333
AT,4190,48.4953,14.2814
AT,4191,48.5355,14.3062
AT,4201,48.3598,14.2145
AT,4202,48.429,14.3077
AT,4203,48.3733,14.3017
AT,4204,48.4833,14.3333
AT,4209,48.3387,14.3651
AT,4221,48.2979,14.462
AT,4690,48.0667,13.7667
AT,4691,48.0446,13.7748
AT,4693,48.0141,13.7953
AT,4800,48.0167,13.75
AT,4840,48.0167,13.65
AT,4841,48.0321,13.6385
AT,4842,48.0667,13.5833
AT,4843,48.0321,13.6385
AT,4844,47.987,13.6582
AT,4846,48.0321,13.6385
AT,4849,48.0333,13.5667
AT,4850,47.9402,13.5741
AT,4851,47.9875,13.5803
AT,4852,47.9402,13.5741
AT,4853,47.8309,13.5461
AT,4854,47.9402,13.5741
AT,4860,47.9866,13.6146
AT,4861,47.9333,13.6
AT,4863,47.9625,13.5708
AT,4864,47.9127,13.5602
AT,4865,47.85,13.5167
AT,4866,47.9127,13.5602
AT,4870,48.0025,13.4838
AT,4871,48.0497,13.4929
AT,4872,48.0333,13.5333
AT,4873,48.0497,13.4929
AT,4880,47.936,13.4831
AT,4881,47.9152,13.467
AT,4882,47.8667,13.4333
AT,4890,47.9725,13.3729
AT,4891,48.003,13.3337
AT,4892,47.9725,13.3729
AT,4893,47.9333,13.35
AT,4894,47.9725,13.3729
AT,4901,48.1,13.6167
AT,4903,48.0885,13.6668
AT,4904,48.1164,13.6263
AT,5202,47.9382,13.2039
AT,5204,47.9382,13.2039
AT,5310,47.8667,13.3167
AT,5311,47.85,13.3524
AT,4613,48.2192,14.0562
AT,4614,48.1833,14.1167
AT,4615,48.2432,14.0958
AT,4624,48.1388,13.9566
AT,4641,47.9878,14.0137
AT,4642,48.0667,14.05
AT,4650,48.1167,13.9
AT,4651,48.0489,13.9247
AT,4652,48.0982,13.9567
AT,4654,48.0398,13.8824
AT,4671,48.1449,13.7507
AT,5020,47.7994,13.044
AT,5023,47.7994,13.044
AT,5026,47.7994,13.044
AT,5061,47.7994,13.044
AT,5071,47.7994,13.044
AT,5081,47.7994,13.044
AT,5082,47.7994,13.044
AT,5083,47.7485,13.0273
AT,5323,47.717,13.1515
AT,5400,47.6908,13.0946
AT,5411,47.7,13.1
AT,5412,47.7218,13.114
AT,5421,47.6833,13.1333
AT,5422,47.6902,13.1523
AT,5423,47.6902,13.1523
AT,5424,47.6902,13.1523
AT,5425,47.7167,13.1833
AT,5431,47.6233,13.1404
AT,5440,47.6,13.1667
AT,5441,47.588,13.3273
AT,5442,47.5833,13.45
AT,5523,47.4739,13.371
AT,5524,47.4739,13.371
AT,5084,47.7167,12.9167
AT,5101,47.8534,13.0143
AT,5102,47.9011,13.0339
AT,5110,47.95,12.9333
AT,5111,47.9834,12.9179
AT,5112,47.9667,12.95
AT,5113,47.9922,12.8951
AT,5114,47.96,12.9711
AT,5151,47.9275,12.9808
AT,5152,47.9928,13.0089
AT,5161,47.8667,13.0667
AT,5162,47.9553,13.0172
AT,5164,47.9667,13.0833
AT,5165,47.9663,13.0733
AT,5201,47.8667,13.1
AT,5203,47.95,13.2
AT,5205,47.95,13.15
AT,5300,47.8442,13.0697
AT,5301,47.8557,13.1614
AT,5302,47.8667,13.1667
AT,5303,47.8333,13.2833
AT,5321,47.7803,13.2036
AT,5322,47.8193,13.2149
AT,5324,47.7667,13.2167
AT,5325,47.8333,13.1833
AT,5330,47.8,13.3
AT,5340,47.7833,13.35
AT,5342,47.7556,13.3833
AT,5350,47.7167,13.4833
AT,5450,47.4667,13.1833
AT,5451,47.4833,13.1667
AT,5452,47.45,13.25
AT,5453,47.45,13.2667
AT,5500,47.4,13.2167
AT,5505,47.3667,13.1333
AT,5511,47.4,13.3167
AT,5521,47.4,13.3167
AT,5522,47.465,13.3776
AT,5531,47.4,13.4
AT,5532,47.4333,13.5167
AT,5541,47.3833,13.4167
AT,5542,47.3667,13.4
AT,5550,47.4,13.4333
AT,5552,47.3667,13.5333
AT,5561,47.3,13.5
AT,5562,47.2496,13.5577
AT,5600,47.3667,13.2667
AT,5602,47.3466,13.2545
AT,5603,47.2772,13.3195
AT,5611,47.2833,13.2167
AT,5612,47.15,13.3
AT,5620,47.3205,13.1517
AT,5621,47.3333,13.15
AT,5622,47.3333,13.0833
AT,5630,47.2131,13.1051
AT,5632,47.2417,13.1022
AT,5640,47.1155,13.1347
AT,5645,47.1155,13.1347
AT,5651,47.3048,13.0849
AT,8974,47.4064,13.6897
AT,5563,47.1833,13.6
AT,5570,47.1109,13.6953
AT,5571,47.1667,13.75
AT,5572,47.15,13.7833
AT,5573,47.1513,13.7416
AT,5574,47.1833,13.75
AT,5575,47.1513,13.7416
AT,5580,47.155,13.9524
AT,5581,47.0833,13.6833
AT,5582,47.1,13.6
AT,5583,47.1161,13.7062
AT,5584,47.1161,13.7062
AT,5585,47.1127,13.7426
AT,5591,47.0739,13.8786
AT,5592,47.0691,13.8206
AT,5090,47.5847,12.6933
AT,5091,47.5888,12.7126
AT,5092,47.55,12.6833
AT,5093,47.5888,12.7126
AT,5652,47.3667,13
AT,5660,47.2833,12.9667
AT,5661,47.2466,12.9573
AT,5662,47.2833,12.9
AT,5671,47.2833,12.85
AT,5672,47.2845,12.8259
AT,5700,47.3256,12.7944
AT,5710,47.2724,12.7598
AT,5721,47.2833,12.7167
AT,5722,47.284,12.6045
AT,5723,47.2667,12.5667
AT,5724,47.2833,12.55
AT,5730,47.2667,12.4833
AT,5731,47.3,12.4167
AT,5732,47.2833,12.3667
AT,5733,47.25,12.3167
AT,5741,47.2333,12.2667
AT,5742,47.2421,12.2169
AT,5743,47.2368,12.1268
AT,5751,47.3833,12.8
AT,5752,47.3667,12.7333
AT,5753,47.3914,12.6364
AT,5754,47.3768,12.5958
AT,5760,47.4473,12.8155
AT,5761,47.4,12.9
AT,5771,47.445,12.7835
AT,8010,47.0833,15.5417
AT,8020,47.0232,15.5337
AT,8036,47.0232,15.5337
AT,8041,47.1352,15.4601
AT,8042,47.1352,15.4601
AT,8043,47.1352,15.4601
AT,8044,47.1352,15.4601
AT,8045,47.1352,15.4601
AT,8046,47.1352,15.4601
AT,8047,47.1352,15.4601
AT,8051,47.031,15.3727
AT,8052,47.031,15.3727
AT,8053,47.031,15.3727
AT,8054,47.031,15.3727
AT,8055,47.031,15.3727
AT,8073,46.9888,15.4758
AT,8074,46.9888,15.4758
AT,8143,46.9,15.3667
AT,8443,46.7655,15.4029
AT,8444,46.7655,15.4029
AT,8455,46.7127,15.4115
AT,8502,46.8783,15.398
AT,8503,46.9,15.3667
AT,8504,46.8586,15.4097
AT,8510,46.8833,15.25
AT,8511,46.9058,15.2542
AT,8521,46.8431,15.3828
AT,8522,46.8217,15.3044
AT,8523,46.8167,15.25
AT,8524,46.8217,15.3044
AT,8530,46.8,15.2667
AT,8541,46.7527,15.2651
AT,8542,46.75,15.2333
AT,8543,46.7527,15.2651
AT,8544,46.7333,15.2667
AT,8551,46.7167,15.2333
AT,8552,46.7167,15.2333
AT,8553,46.7157,15.2468
AT,8554,46.7157,15.2468
AT,8562,46.9511,15.2869
AT,8563,46.9974,15.2375
AT,8061,47.1513,15.5333
AT,8062,47.1667,15.5667
AT,8063,47.1513,15.5333
AT,8071,47,15.5167
AT,8072,46.9667,15.5333
AT,8075,47.0431,15.5153
AT,8076,46.9888,15.4758
AT,8077,46.9833,15.4833
AT,8081,46.9335,15.646
AT,8082,46.9335,15.646
AT,8101,47.1667,15.3833
AT,8102,47.2,15.4167
AT,8103,47.15,15.3
AT,8111,47.1167,15.3167
AT,8112,47.1196,15.2869
AT,8113,47.1167,15.2667
AT,8114,47.1833,15.3333
AT,8120,47.2,15.35
AT,8121,47.1833,15.3333
AT,8122,47.219,15.2745
AT,8124,47.2253,15.2361
AT,8130,47.2975,15.3229
AT,8131,47.2975,15.3229
AT,8141,46.946,15.3974
AT,8142,46.9333,15.45
AT,8144,46.9742,15.3375
AT,8151,47.0764,15.3605
AT,8152,47.0167,15.2667
AT,8153,47.0603,15.2441
AT,8160,47.2395,15.5649
AT,8163,47.2667,15.4167
AT,8181,47.1667,15.5667
AT,8200,47.1167,15.6167
AT,8301,47.0568,15.5769
AT,8302,47.0833,15.6167
AT,8322,47.0158,15.6839
AT,8323,47.0158,15.6839
AT,8324,47.0096,15.7423
AT,8401,46.9667,15.45
AT,8402,46.9242,15.4908
AT,8410,46.9333,15.5167
AT,8411,46.8833,15.4167
AT,8501,46.9742,15.3375
AT,8561,47.0167,15.2667
AT,8403,46.85,15.55
AT,8412,46.877,15.5351
AT,8413,46.85,15.6
AT,8421,46.8008,15.6481
AT,8422,46.8,15.6333
AT,8423,46.8008,15.6481
AT,8424,46.7772,15.5842
AT,8430,46.7855,15.54
AT,8431,46.7855,15.54
AT,8435,46.75,15.6
AT,8441,46.7833,15.4
AT,8442,46.7655,15.4029
AT,8451,46.7833,15.5
AT,8452,46.7167,15.4167
AT,8453,46.7,15.35
AT,8454,46.6869,15.332
AT,8461,46.7333,15.55
AT,8462,46.6966,15.5259
AT,8463,46.6167,15.4667
AT,8471,46.7056,15.6372
AT,8472,46.7272,15.6244
AT,8481,46.7468,15.8639
AT,8505,46.8211,15.4519
AT,8700,47.4,15.1
AT,8712,47.4167,15.1167
AT,8713,47.35,14.9667
AT,8714,47.3,14.9333
AT,8770,47.3819,14.9049
AT,8772,47.3667,15
AT,8773,47.4,14.95
AT,8774,47.4,14.7833
AT,8775,47.3819,14.9049
AT,8781,47.4167,14.65
AT,8790,47.5333,14.8833
AT,8792,47.4,15.0667
AT,8793,47.4333,14.9394
AT,8794,47.4667,15
AT,8795,47.5333,14.75
AT,8782,47.4932,14.4432
AT,8783,47.4932,14.4432
AT,8784,47.4833,14.4667
AT,8786,47.5167,14.3333
AT,8900,47.5333,14.3167
AT,8903,47.5333,14.2667
AT,8904,47.5833,14.3333
AT,8911,47.5833,14.5167
AT,8912,47.5779,14.4564
AT,8913,47.5754,14.4608
AT,8920,47.6476,14.8128
AT,8921,47.6569,14.7345
AT,8922,47.6476,14.8128
AT,8923,47.6476,14.8128
AT,8931,47.65,14.7667
AT,8932,47.694,14.6551
AT,8933,47.6667,14.6
AT,8940,47.5667,14.2167
AT,8942,47.55,14.15
AT,8943,47.5167,14.1333
AT,8950,47.5403,14.1182
AT,8951,47.5314,14.0678
AT,8952,47.4889,14.0846
AT,8953,47.4614,14.1297
AT,8954,47.4889,14.0846
AT,8960,47.4622,14.0047
AT,8961,47.4215,13.8692
AT,8962,47.4108,13.8933
AT,8965,47.4215,13.8692
AT,8966,47.4167,13.8333
AT,8967,47.4167,13.7167
AT,8970,47.3921,13.65
AT,8971,47.4064,13.6897
AT,8972,47.4215,13.6554
AT,8973,47.4064,13.6897
AT,8982,47.5527,13.9592
AT,8983,47.55,13.95
AT,8984,47.5527,13.9592
AT,8990,47.6,13.8167
AT,8992,47.6384,13.7628
AT,8993,47.6153,13.7898
AT,8811,47.1581,14.4031
AT,8812,47.0833,14.3
AT,8813,47.0667,14.3
AT,8831,47.1829,14.2758
AT,8832,47.2,14.2333
AT,8833,47.1308,14.3086
AT,8841,47.1308,14.3086
AT,8842,47.1469,14.2783
AT,8843,47.1694,14.1995
AT,8844,47.1833,14.1
AT,8852,47.1253,14.1155
AT,8853,47.1253,14.1155
AT,8854,47.1833,13.9833
AT,8861,47.0969,14.0947
AT,8862,47.0833,13.9333
AT,8863,47.0667,13.9167
AT,8864,46.9608,13.8878
AT,9323,46.9883,14.3917
AT,8564,46.9833,15.2333
AT,8565,47.0167,15.25
AT,8570,47.05,15.2
AT,8572,47.0792,15.1225
AT,8573,47.1,15.1333
AT,8580,47.05,15.0667
AT,8582,47.0333,15.15
AT,8583,46.9792,14.9842
AT,8584,47.0211,14.9557
AT,8591,47.05,15.0667
AT,8592,47.0778,15.0472
AT,8593,47.15,15.05
AT,8162,47.2167,15.4833
AT,8171,47.3271,15.5675
AT,8172,47.3123,15.5752
AT,8182,47.2243,15.7516
AT,8183,47.2333,15.7333
AT,8184,47.2636,15.7465
AT,8190,47.3833,15.7333
AT,8191,47.396,15.7226
AT,8192,47.3833,15.7333
AT,8211,47.1641,15.7738
AT,8212,47.1667,15.85
AT,8222,47.2167,15.75
AT,8223,47.2636,15.7465
AT,8261,47.1167,15.85
AT,8262,47.1272,15.874
AT,8265,47.1272,15.874
AT,8311,47.043,15.8623
AT,8312,47.0333,15.85
AT,8321,47.0833,15.7667
AT,8616,47.4,15.6
AT,8654,47.4167,15.6
AT,8671,47.4833,15.6833
AT,8672,47.4856,15.7208
AT,8673,47.4167,15.6
AT,8674,47.5055,15.7383
AT,8715,47.3137,14.9716
AT,8720,47.2167,14.85
AT,8723,47.25,14.85
AT,8724,47.1933,14.7775
AT,8731,47.2767,14.6117
AT,8732,47.2771,14.7113
AT,8733,47.2707,14.784
AT,8734,47.1833,14.8
AT,8740,47.1354,14.7125
AT,8741,47.1453,14.7421
AT,8742,47.0667,14.6833
AT,8750,47.2,14.6333
AT,8753,47.1833,14.6833
AT,8754,47.2167,14.5667
AT,8755,47.1906,14.6168
AT,8756,47.2167,14.4667
AT,8761,47.2167,14.55
AT,8762,47.2425,14.5164
AT,8763,47.3333,14.4167
AT,8764,47.3061,14.3756
AT,8765,47.2478,14.5331
AT,8785,47.4333,14.4833
AT,8800,47.2,14.4333
AT,8132,47.3833,15.3667
AT,8600,47.4415,15.2819
AT,8605,47.4518,15.2706
AT,8611,47.45,15.1
AT,8612,47.5333,15.0667
AT,8614,47.3833,15.45
AT,8621,47.5167,15.2167
AT,8622,47.5431,15.2725
AT,8623,47.5667,15.2667
AT,8624,47.55,15.2833
AT,8625,47.5431,15.2725
AT,8632,47.7536,15.3244
AT,8634,47.7536,15.3244
AT,8635,47.7536,15.3244
AT,8636,47.6167,15.2667
AT,8641,47.4566,15.3484
AT,8642,47.4711,15.3581
AT,8643,47.4711,15.3581
AT,8644,47.4711,15.3581
AT,8650,47.4569,15.5403
AT,8652,47.5,15.45
AT,8653,47.4667,15.4833
AT,8661,47.5272,15.4809
AT,8662,47.5333,15.5167
AT,8663,47.5781,15.4945
AT,8664,47.5609,15.5674
AT,8665,47.5609,15.5674
AT,8670,47.5833,15.5667
AT,8680,47.6,15.6833
AT,8682,47.5964,15.703
AT,8684,47.6135,15.751
AT,8685,47.6167,15.8
AT,8691,47.6667,15.6167
AT,8692,47.6729,15.5729
AT,8693,47.6729,15.5729
AT,8221,47.1833,15.8667
AT,8224,47.2167,15.9
AT,8225,47.2186,15.8435
AT,8230,47.3,15.9667
AT,8232,47.3072,15.9826
AT,8233,47.3667,16.0167
AT,8234,47.3072,15.9826
AT,8241,47.4167,16.0167
AT,8242,47.4395,16.0484
AT,8243,47.4167,16.0833
AT,8250,47.4452,15.8037
AT,8251,47.4452,15.8037
AT,8252,47.4452,15.8037
AT,8253,47.4452,15.8037
AT,8254,47.4333,15.8
AT,8255,47.4452,15.8037
AT,8263,47.0667,15.9833
AT,8264,47.108,15.8807
AT,8271,47.2081,15.9916
AT,8272,47.2,15.95
AT,8273,47.2081,15.9916
AT,8274,47.2142,15.9911
AT,8280,47.0775,16.0698
AT,8283,47.0775,16.0698
AT,8294,47.25,16.05
AT,8295,47.3,16.0167
AT,8362,47.0159,16.0168
AT,8083,46.8833,15.7
AT,8091,46.8333,15.7167
AT,8092,46.8,15.7
AT,8093,46.8058,15.7111
AT,8313,47.0333,15.9333
AT,8330,46.9667,15.8167
AT,8332,46.995,15.8748
AT,8333,47.0333,15.8833
AT,8334,46.995,15.8748
AT,8341,46.8795,15.8358
AT,8342,46.9167,15.8333
AT,8343,46.8795,15.8358
AT,8344,46.8795,15.8358
AT,8345,46.8,15.8667
AT,8352,46.9769,16.0639
AT,8353,46.8667,15.9833
AT,8354,46.8167,15.9667
AT,8355,46.7667,15.95
AT,8361,46.9894,16.0503
AT,8473,46.7,15.7167
AT,8480,46.7081,15.7747
AT,8483,46.7468,15.8639
AT,8484,46.7,15.95
AT,8490,46.741,15.9613
AT,8492,46.7569,15.9211
AT,8493,46.741,15.9613
AT,6020,47.2333,11.4
AT,6080,47.2333,11.4
AT,6182,47.276,10.9832
AT,6183,47.2135,11.0231
AT,6414,47.3,10.9833
AT,6416,47.3,10.9333
AT,6421,47.2833,11.05
AT,6422,47.276,10.9832
AT,6423,47.2833,10.95
AT,6424,47.2667,10.9333
AT,6425,47.25,10.9
AT,6426,47.2167,10.8167
AT,6430,47.25,10.8833
AT,6432,47.2,10.8667
AT,6433,47.2167,10.8667
AT,6441,47.1667,10.9
AT,6444,47.074,10.9695
AT,6450,46.9667,11
AT,6452,46.9667,11
AT,6456,46.8776,11.0344
AT,6458,46.9667,11
AT,6460,47.245,10.7397
AT,6462,47.2167,10.7833
AT,6463,47.2686,10.7813
AT,6464,47.2667,10.7833
AT,6465,47.3167,10.8333
AT,6471,47.2,10.7667
AT,6473,47.1796,10.7333
AT,6474,47.1796,10.7333
AT,6481,46.9868,10.868
AT,6492,47.2052,10.696
AT,6493,47.2062,10.6748
AT,6060,47.2833,11.5167
AT,6063,47.3,11.4667
AT,6065,47.3,11.4667
AT,6067,47.3,11.5
AT,6068,47.2833,11.5333
AT,6069,47.3167,11.5667
AT,6070,47.2667,11.45
AT,6071,47.25,11.45
AT,6072,47.2383,11.4314
AT,6073,47.25,11.45
AT,6074,47.25,11.5
AT,6075,47.274,11.5335
AT,6082,47.2,11.4167
AT,6083,47.1667,11.45
AT,6091,47.2361,11.3115
AT,6092,47.2354,11.2992
AT,6094,47.1957,11.3025
AT,6095,47.2293,11.2532
AT,6100,47.3114,11.1492
AT,6103,47.3,11.2
AT,6105,47.3689,11.144
AT,6108,47.389,11.2645
AT,6111,47.2833,11.5667
AT,6112,47.2833,11.6
AT,6113,47.2833,11.6
AT,6114,47.3,11.6333
AT,6115,47.2815,11.6529
AT,6121,47.3,11.5667
AT,6122,47.3,11.5833
AT,6141,47.1833,11.4167
AT,6142,47.1667,11.3833
AT,6143,47.15,11.4667
AT,6145,47.1333,11.5167
AT,6150,47.0833,11.4167
AT,6152,47.0833,11.4167
AT,6154,47.0833,11.5833
AT,6156,47.05,11.4833
AT,6157,47.0167,11.4167
AT,6161,47.2341,11.3734
AT,6162,47.2167,11.3833
AT,6165,47.1667,11.3667
AT,6166,47.1426,11.3429
AT,6167,47.1426,11.3429
AT,6170,47.2833,11.2333
AT,6173,47.2333,11.25
AT,6175,47.25,11.3
AT,6176,47.25,11.3
AT,6178,47.2667,11.25
AT,6179,47.2604,11.2583
AT,6181,47.2167,11.2167
AT,6184,47.2254,11.0948
AT,6401,47.2629,11.2229
AT,6402,47.2833,11.1667
AT,6403,47.2833,11.1167
AT,6404,47.2734,11.14
AT,6405,47.3,11.0833
AT,6406,47.3,11.0833
AT,6408,47.3,11.1333
AT,6410,47.3,11.1333
AT,6413,47.3167,11.0167
AT,6305,47.4667,12.1333
AT,6314,47.4499,12.1073
AT,6345,47.6699,12.4055
AT,6353,47.5133,12.3316
AT,6361,47.4075,12.1458
AT,6363,47.4321,12.2141
AT,6364,47.45,12.25
AT,6365,47.4667,12.35
AT,6370,47.4464,12.3921
AT,6371,47.4481,12.3859
AT,6372,47.5,12.3833
AT,6373,47.3792,12.4181
AT,6380,47.5233,12.4232
AT,6382,47.5563,12.4451
AT,6383,47.5833,12.4667
AT,6384,47.5833,12.5667
AT,6385,47.6333,12.3833
AT,6391,47.4833,12.55
AT,6392,47.475,12.5833
AT,6393,47.475,12.5833
AT,6395,47.4667,12.6167
AT,6230,47.4294,11.8779
AT,6232,47.4216,11.8336
AT,6233,47.4479,11.8721
AT,6234,47.5167,11.8833
AT,6235,47.4141,11.8993
AT,6236,47.4024,11.8899
AT,6240,47.4394,11.8941
AT,6241,47.4481,11.9142
AT,6250,47.4471,11.9704
AT,6252,47.4783,11.9737
AT,6260,47.4169,11.8779
AT,6300,47.4891,12.0617
AT,6306,47.5038,12.1922
AT,6311,47.4434,12.0489
AT,6313,47.4434,12.0489
AT,6320,47.5129,12.0665
AT,6321,47.5,12.0667
AT,6322,47.5174,12.0963
AT,6323,47.5107,12.1191
AT,6324,47.5333,12.05
AT,6330,47.5878,12.1556
AT,6334,47.546,12.1405
AT,6335,47.5833,12.1
AT,6336,47.5333,12.0833
AT,6341,47.6416,12.2413
AT,6342,47.65,12.2167
AT,6343,47.6833,12.2167
AT,6344,47.6516,12.3187
AT,6346,47.6518,12.2395
AT,6347,47.6572,12.2687
AT,6351,47.5038,12.1922
AT,6352,47.5138,12.2994
AT,6491,47.1967,10.6574
AT,6500,47.1399,10.5659
AT,6511,47.1717,10.6261
AT,6521,47.1167,10.6167
AT,6522,47.0833,10.6667
AT,6524,47.0867,10.66
AT,6525,47.1,10.6667
AT,6526,47.0833,10.6833
AT,6527,47.0867,10.66
AT,6528,47.05,10.6667
AT,6531,47.05,10.65
AT,6532,47.0667,10.6333
AT,6533,47.05,10.6167
AT,6534,47.0333,10.6
AT,6541,47.0333,10.6
AT,6542,47.0333,10.6
AT,6543,46.8833,10.5167
AT,6544,46.9694,10.5667
AT,6551,47.1333,10.5
AT,6552,47.1167,10.5167
AT,6553,47.0833,10.4333
AT,6555,47.0833,10.4667
AT,6561,47.0126,10.2918
AT,6562,46.9833,10.25
AT,6563,46.9667,10.1833
AT,6571,47.1333,10.45
AT,6572,47.15,10.4
AT,6574,47.1444,10.4111
AT,6580,47.15,10.2833
AT,6591,47.1403,10.5141
AT,9782,46.8,12.9167
AT,9900,46.8289,12.769
AT,9903,46.8619,12.6833
AT,9904,46.8567,12.7501
AT,9905,46.85,12.7833
AT,9906,46.7989,12.8381
AT,9907,46.8161,12.7897
AT,9908,46.8164,12.7636
AT,9909,46.8125,12.7486
AT,9911,46.7899,12.6481
AT,9912,46.7606,12.5314
AT,9913,46.778,12.5904
AT,9918,46.7539,12.4842
AT,9919,46.7547,12.4667
AT,9920,46.7467,12.3967
AT,9931,46.7875,12.4314
AT,9932,46.8119,12.3747
AT,9941,46.7289,12.5008
AT,9942,46.7106,12.6144
AT,9943,46.7042,12.7086
AT,9951,46.8853,12.6792
AT,9952,46.8769,12.6824
AT,9954,46.8794,12.6542
AT,9961,46.9247,12.4958
AT,9962,46.9167,12.4333
AT,9963,46.9167,12.3333
AT,9971,47.0167,12.55
AT,9972,46.9981,12.4842
AT,9974,47.0174,12.3737
AT,9981,47.0089,12.6389
AT,9990,46.8333,12.8167
AT,9991,46.8342,12.8333
AT,9992,46.8333,12.85
AT,6600,47.5167,10.7
AT,6604,47.4667,10.6833
AT,6610,47.4846,10.6821
AT,6611,47.45,10.75
AT,6621,47.4,10.7833
AT,6622,47.4081,10.7474
AT,6623,47.35,10.6667
AT,6631,47.4167,10.85
AT,6632,47.4,10.9167
AT,6633,47.3833,10.9
AT,6642,47.3833,10.5667
AT,6644,47.3333,10.5333
AT,6645,47.3667,10.5333
AT,6646,47.3381,10.5548
AT,6647,47.2833,10.6
AT,6650,47.2667,10.5333
AT,6651,47.3167,10.5
AT,6652,47.2833,10.4167
AT,6653,47.2704,10.3916
AT,6654,47.2604,10.3442
AT,6655,47.2704,10.3916
AT,6670,47.4167,10.5833
AT,6671,47.499,10.5276
AT,6672,47.4937,10.5858
AT,6673,47.5167,10.55
AT,6675,47.4993,10.5164
AT,6677,47.5167,10.45
AT,6682,47.55,10.6333
AT,6691,47.5741,10.4472
AT,6767,47.2667,10.2
AT,6116,47.2831,11.5957
AT,6123,47.3333,11.6333
AT,6130,47.3517,11.7101
AT,6133,47.3455,11.6922
AT,6134,47.35,11.7
AT,6135,47.3667,11.7167
AT,6136,47.3167,11.6833
AT,6200,47.3956,11.8197
AT,6210,47.4032,11.813
AT,6212,47.4212,11.7531
AT,6213,47.4406,11.6949
AT,6215,47.5266,11.7056
AT,6220,47.3745,11.754
AT,6222,47.3681,11.7716
AT,6261,47.3956,11.8197
AT,6262,47.3667,11.8333
AT,6263,47.3333,11.85
AT,6264,47.3521,11.8417
AT,6265,47.3667,11.8667
AT,6271,47.3167,11.8667
AT,6272,47.2833,11.8667
AT,6273,47.3,11.8667
AT,6274,47.2667,11.9
AT,6275,47.2833,11.8833
AT,6276,47.2833,11.9167
AT,6277,47.2333,11.8833
AT,6278,47.2179,11.9003
AT,6280,47.2333,11.8833
AT,6281,47.2167,12
AT,6283,47.2333,11.8833
AT,6284,47.2038,11.8754
AT,6290,47.15,11.8333
AT,6292,47.15,11.8333
AT,6293,47.15,11.8333
AT,6294,47.1681,11.8564
AT,6295,47.1681,11.8564
AT,6700,47.1548,9.8225
AT,6706,47.1497,9.8
AT,6707,47.1464,9.7774
AT,6708,47.1008,9.7372
AT,6710,47.192,9.6815
AT,6712,47.2,9.7667
AT,6713,47.2006,9.8063
AT,6714,47.1667,9.8
AT,6719,47.2,9.7331
AT,6721,47.2167,9.7831
AT,6722,47.22,9.8086
AT,6723,47.2233,9.8341
AT,6731,47.2322,9.8867
AT,6733,47.2722,9.9062
AT,6741,47.2108,9.8369
AT,6751,47.15,9.9167
AT,6752,47.1333,10.0333
AT,6754,47.1333,10.0833
AT,6762,47.1333,10.1667
AT,6763,47.208,10.1418
AT,6764,47.1245,9.991
AT,6771,47.0895,9.8826
AT,6773,47.0957,9.8652
AT,6774,47.0833,9.9
AT,6780,47.0611,9.9378
AT,6781,47.0611,9.9378
AT,6782,47.0937,9.9831
AT,6787,46.9674,9.9183
AT,6791,47.0109,9.9988
AT,6793,46.9833,10.0333
AT,6794,46.9667,10.05
AT,6820,47.2058,9.6427
AT,6850,47.4141,9.8515
AT,6858,47.449,9.7621
AT,6861,47.4502,9.8315
AT,6863,47.4336,9.9153
AT,6866,47.4117,9.8933
AT,6867,47.4141,9.8515
AT,6870,47.3848,9.9014
AT,6874,47.3848,9.9014
AT,6881,47.3505,9.9169
AT,6882,47.3521,9.9452
AT,6883,47.3222,9.9975
AT,6884,47.2803,9.8916
AT,6886,47.312,10.0165
AT,6888,47.2576,10.092
AT,6900,47.5,9.7667
AT,6911,47.5031,9.7471
AT,6912,47.5667,9.8167
AT,6914,47.5833,9.7833
AT,6921,47.4831,9.7667
AT,6922,47.4667,9.75
AT,6923,47.4831,9.7331
AT,6932,47.5143,9.8877
AT,6933,47.4928,9.8797
AT,6934,47.5167,9.9
AT,6941,47.4667,9.8833
AT,6942,47.4578,9.9596
AT,6943,47.5,9.9667
AT,6951,47.45,9.9
AT,6952,47.4267,10.0381
AT,6960,47.4836,9.8449
AT,6971,47.4831,9.6831
AT,6972,47.4793,9.6628
AT,6973,47.4793,9.6628
AT,6974,47.4667,9.6
AT,6991,47.3505,10.1823
AT,6992,47.3481,10.1714
AT,6993,47.3237,10.1546
AT,6845,47.3667,9.6831
AT,6890,47.4264,9.6585
AT,6800,47.2331,9.6
AT,6811,47.2336,9.6346
AT,6812,47.2989,9.5786
AT,6822,47.2167,9.6667
AT,6824,47.2,9.7
AT,6830,47.2667,9.7
AT,6832,47.2933,9.6548
AT,6833,47.3091,9.6468
AT,6834,47.2528,9.6708
AT,6835,47.2843,9.6787
AT,6836,47.2997,9.6667
AT,6837,47.2997,9.65
AT,6840,47.3331,9.6331
AT,6841,47.35,9.6167
AT,6842,47.3331,9.6
AT,6844,47.35,9.65
AT,1010,48.2077,16.3705
AT,1020,48.2167,16.4
AT,1030,48.1981,16.3948
AT,1040,48.192,16.3671
AT,1050,48.1865,16.3549
AT,1060,48.1952,16.3503
AT,1070,48.2,16.35
AT,1080,48.2167,16.35
AT,1090,48.2333,16.35
AT,1100,48.1521,16.3878
AT,1110,48.164,16.4463
AT,1120,48.1705,16.3223
AT,1130,48.1773,16.2456
AT,1150,48.196,16.3183
AT,1160,48.2167,16.3
AT,1170,48.2338,16.2901
AT,1180,48.2356,16.3193
AT,1190,48.2591,16.3339
AT,1200,48.2402,16.3773
AT,1220,48.219,16.495
AT,1230,48.1433,16.2934
CH,5000,47.3887,8.0483
CH,5001,47.3888,8.0483
CH,5004,47.4007,8.0607
CH,5017,47.4219,7.9722
CH,5018,47.4143,8.0077
CH,5022,47.4052,8.0456
CH,5023,47.4188,8.083
CH,5024,47.4221,8.0439
CH,5025,47.4421,8.0506
CH,5026,47.4566,8.0599
CH,5032,47.4055,8.0841
CH,5033,47.3937,8.0879
CH,5034,47.3749,8.084
CH,5035,47.3684,8.0427
CH,5036,47.3542,8.0413
CH,5037,47.3329,8.0627
CH,5042,47.3176,8.0671
CH,5722,47.3516,8.1066
CH,5300,47.4901,8.2561
CH,5301,47.5152,8.238
CH,5303,47.5321,8.2492
CH,5400,47.4721,8.2914
CH,5401,47.4733,8.3059
CH,5402,47.4733,8.3059
CH,5404,47.4549,8.2783
CH,5405,47.4733,8.3059
CH,5406,47.4381,8.2659
CH,5408,47.4804,8.3235
CH,5412,47.4974,8.2393
CH,5413,47.4558,8.2562
CH,5415,47.4839,8.304
CH,5416,47.499,8.2801
CH,5417,47.5067,8.2584
CH,5420,47.4943,8.3468
CH,5423,47.5014,8.319
CH,5430,47.4668,8.3412
CH,5432,47.4441,8.3251
CH,5436,47.4473,8.3639
CH,5442,47.4374,8.2907
CH,5443,47.4201,8.3013
CH,5444,47.386,8.3254
CH,5452,47.4251,8.3205
CH,5453,47.4083,8.3319
CH,5454,47.3916,8.3494
CH,5506,47.4123,8.2342
CH,5507,47.4211,8.2742
CH,5512,47.4167,8.2543
CH,5608,47.4013,8.3051
CH,8109,47.4083,8.4391
CH,8956,47.428,8.3443
CH,8957,47.418,8.3672
CH,8962,47.3881,8.3785
CH,5445,47.3716,8.3385
CH,5522,47.3992,8.2789
CH,5524,47.3763,8.2905
CH,5525,47.3691,8.3111
CH,5605,47.3779,8.2415
CH,5607,47.39,8.2576
CH,5610,47.3503,8.2836
CH,5611,47.3665,8.2631
CH,5612,47.3475,8.2403
CH,5613,47.3308,8.2453
CH,5614,47.3117,8.2524
CH,5619,47.3282,8.2683
CH,5620,47.3535,8.3298
CH,5621,47.3447,8.3582
CH,5626,47.3304,8.3415
CH,8905,47.3233,8.4412
CH,8916,47.2997,8.4022
CH,8917,47.3125,8.3977
CH,8918,47.3248,8.3832
CH,8964,47.3683,8.3847
CH,8965,47.3538,8.3837
CH,8966,47.3371,8.3952
CH,8967,47.3705,8.3583
CH,5105,47.4185,8.1262
CH,5106,47.4318,8.1484
CH,5107,47.4543,8.139
CH,5108,47.4379,8.1229
CH,5112,47.4392,8.0934
CH,5116,47.4538,8.1687
CH,5200,47.4864,8.2112
CH,5201,47.4863,8.211
CH,5210,47.4759,8.2221
CH,5212,47.4613,8.2074
CH,5213,47.4725,8.1625
CH,5222,47.4812,8.1867
CH,5223,47.4939,8.1867
CH,5225,47.4891,8.145
CH,5232,47.5296,8.2072
CH,5233,47.5165,8.2315
CH,5234,47.5301,8.2063
CH,5235,47.5049,8.2127
CH,5236,47.5174,8.1759
CH,5237,47.5165,8.1376
CH,5242,47.4436,8.2075
CH,5243,47.4524,8.2385
CH,5244,47.4361,8.2423
CH,5245,47.4614,8.186
CH,5246,47.4469,8.1842
CH,5318,47.5515,8.1877
CH,5040,47.3054,8.0557
CH,5043,47.3195,8.0343
CH,5044,47.2902,8.0884
CH,5046,47.2632,8.1117
CH,5708,47.2919,8.1981
CH,5712,47.2665,8.2086
CH,5723,47.3281,8.1259
CH,5724,47.3186,8.1544
CH,5725,47.3056,8.1738
CH,5726,47.3177,8.1032
CH,5727,47.2984,8.1259
CH,5728,47.2676,8.1415
CH,5732,47.2883,8.162
CH,5733,47.2749,8.1701
CH,5734,47.2612,8.1793
CH,5736,47.2339,8.178
CH,5737,47.236,8.1865
CH,4333,47.5375,7.9642
CH,4334,47.5522,7.9853
CH,5027,47.4721,8.0465
CH,5028,47.4854,8.0434
CH,5062,47.4418,8.007
CH,5063,47.4628,8.0002
CH,5064,47.4771,7.9661
CH,5070,47.5097,8.0142
CH,5072,47.5249,8.0171
CH,5073,47.4931,7.9962
CH,5074,47.537,7.9892
CH,5075,47.5016,8.0625
CH,5076,47.4964,8.0859
CH,5077,47.51,8.1022
CH,5078,47.4928,8.1125
CH,5079,47.4705,8.0931
CH,5080,47.556,8.0608
CH,5082,47.5386,8.0448
CH,5083,47.519,8.0622
CH,5084,47.5528,8.0867
CH,5085,47.5343,8.098
CH,5272,47.5372,8.1317
CH,5273,47.5562,8.1252
CH,5274,47.569,8.1301
CH,5275,47.5743,8.1137
CH,5276,47.5662,8.1575
CH,5277,47.5423,8.1638
CH,5326,47.5858,8.1457
CH,5102,47.4038,8.1311
CH,5103,47.4159,8.1651
CH,5113,47.4309,8.1707
CH,5502,47.3842,8.1229
CH,5503,47.3737,8.1391
CH,5504,47.4016,8.2146
CH,5505,47.4207,8.2199
CH,5600,47.3856,8.1805
CH,5603,47.3788,8.16
CH,5604,47.3846,8.2159
CH,5606,47.3616,8.2218
CH,5615,47.2863,8.2392
CH,5616,47.2902,8.2258
CH,5617,47.3062,8.2191
CH,5702,47.4034,8.1704
CH,5703,47.3482,8.1576
CH,5704,47.3517,8.1903
CH,5705,47.3265,8.1779
CH,5706,47.3118,8.1921
CH,5707,47.3283,8.2087
CH,5618,47.2902,8.2717
CH,5622,47.3341,8.2989
CH,5623,47.2998,8.3092
CH,5624,47.3274,8.3164
CH,5625,47.3095,8.2901
CH,5627,47.3128,8.3449
CH,5628,47.2912,8.3647
CH,5630,47.272,8.3393
CH,5632,47.2688,8.3063
CH,5634,47.2627,8.3839
CH,5636,47.2465,8.3637
CH,5637,47.249,8.326
CH,5642,47.2342,8.3891
CH,5643,47.1976,8.3767
CH,5644,47.2148,8.3627
CH,5645,47.1838,8.3727
CH,5646,47.174,8.3538
CH,5647,47.1669,8.3986
CH,6042,47.1483,8.3963
CH,8919,47.3144,8.3659
CH,4303,47.5364,7.7428
CH,4305,47.526,7.7777
CH,4310,47.5493,7.7982
CH,4312,47.5196,7.8096
CH,4313,47.5655,7.8489
CH,4314,47.5433,7.8762
CH,4315,47.5243,7.8999
CH,4316,47.5089,7.9167
CH,4317,47.4939,7.9312
CH,4322,47.5451,7.9135
CH,4323,47.568,7.8979
CH,4324,47.5299,7.937
CH,4325,47.5134,7.9625
CH,4332,47.5452,7.9528
CH,4663,47.3236,7.9057
CH,4665,47.313,7.9391
CH,4800,47.2865,7.9576
CH,4801,47.2888,7.9633
CH,4802,47.2834,7.9225
CH,4803,47.2694,7.8926
CH,4805,47.2546,7.9287
CH,4807,47.2888,7.9633
CH,4808,47.2888,7.9633
CH,4809,47.2888,7.9633
CH,4810,47.2888,7.9633
CH,4812,47.299,7.9784
CH,4813,47.3042,8.01
CH,4814,47.2847,8.0021
CH,4852,47.2983,7.8836
CH,4853,47.2729,7.8612
CH,4856,47.2492,7.8546
CH,5053,47.2931,8.0359
CH,5054,47.2645,8.0661
CH,5056,47.2634,8.0397
CH,5057,47.2515,8.0354
CH,5058,47.2669,8.0166
CH,5742,47.3347,8.021
CH,5745,47.3197,7.9869
CH,5304,47.5307,8.2901
CH,5305,47.5461,8.289
CH,5306,47.5619,8.2849
CH,5312,47.56,8.253
CH,5313,47.5886,8.2507
CH,5314,47.5692,8.238
CH,5315,47.5529,8.2181
CH,5316,47.584,8.2169
CH,5317,47.5739,8.1939
CH,5322,47.6044,8.2447
CH,5323,47.6029,8.2739
CH,5324,47.6087,8.2028
CH,5325,47.5897,8.1784
CH,5330,47.5859,8.292
CH,5332,47.5671,8.3218
CH,5333,47.5548,8.3136
CH,5334,47.5504,8.3379
CH,5425,47.5249,8.3617
CH,5426,47.5251,8.3241
CH,5462,47.5387,8.387
CH,5463,47.5537,8.3667
CH,5464,47.5643,8.3806
CH,5465,47.5633,8.3472
CH,5466,47.5677,8.419
CH,5467,47.5583,8.4047
CH,9050,47.3238,9.4038
CH,9054,47.3692,9.3788
CH,9057,47.2868,9.3818
CH,9058,47.2799,9.4497
CH,9108,47.3237,9.3494
CH,9413,47.4165,9.5533
CH,9442,47.4331,9.6025
CH,9063,47.3761,9.3417
CH,9064,47.3517,9.319
CH,9100,47.3833,9.2813
CH,9102,47.3861,9.2792
CH,9103,47.3516,9.2362
CH,9104,47.3567,9.2854
CH,9105,47.3254,9.2267
CH,9107,47.2948,9.2779
CH,9112,47.3797,9.2366
CH,9037,47.428,9.4383
CH,9042,47.4099,9.441
CH,9043,47.4003,9.4764
CH,9052,47.3909,9.362
CH,9053,47.3928,9.4
CH,9055,47.3783,9.4266
CH,9056,47.368,9.4714
CH,9062,47.3988,9.3542
CH,9035,47.4412,9.5017
CH,9038,47.4283,9.4843
CH,9044,47.4146,9.5044
CH,9405,47.465,9.5362
CH,9410,47.4408,9.5349
CH,9411,47.4256,9.5608
CH,9426,47.4593,9.5748
CH,9427,47.4506,9.5612
CH,9428,47.4433,9.5971
CH,2333,47.1498,6.9105
CH,2345,47.1791,6.967
CH,2515,47.095,7.1153
CH,2516,47.1256,7.1575
CH,2517,47.1201,7.118
CH,2518,47.1209,7.0746
CH,2520,47.0741,7.1023
CH,2534,47.157,7.2125
CH,2535,47.1695,7.2544
CH,2536,47.1905,7.2848
CH,2537,47.1841,7.298
CH,2538,47.1932,7.3318
CH,2603,47.1998,7.2694
CH,2604,47.1887,7.2178
CH,2605,47.1884,7.1806
CH,2606,47.1927,7.1413
CH,2607,47.1893,7.1071
CH,2608,47.1857,7.074
CH,2610,47.1559,6.9933
CH,2612,47.1679,7.0484
CH,2613,47.1491,7.0309
CH,2615,47.1207,6.9579
CH,2616,47.1072,6.9012
CH,2710,47.2216,7.1893
CH,2712,47.2485,7.1751
CH,2713,47.264,7.1637
CH,2715,47.2683,7.1895
CH,2716,47.2728,7.2179
CH,2717,47.2899,7.1861
CH,2720,47.23,7.1173
CH,2722,47.228,7.0711
CH,2723,47.2071,7.0657
CH,2732,47.2462,7.2027
CH,2733,47.2498,7.2542
CH,2735,47.2391,7.2714
CH,2736,47.2315,7.3076
CH,2738,47.239,7.3609
CH,2740,47.2778,7.3602
CH,2742,47.2774,7.3182
CH,2743,47.2655,7.4076
CH,2744,47.2905,7.4041
CH,2745,47.2836,7.428
CH,2746,47.285,7.4514
CH,2747,47.2916,7.4714
CH,2748,47.2836,7.2637
CH,2762,47.3039,7.3818
CH,2827,47.3327,7.5531
CH,2500,47.1492,7.2611
CH,2501,47.1371,7.2461
CH,2502,47.1489,7.2473
CH,2503,47.1324,7.2551
CH,2504,47.1574,7.2809
CH,2505,47.1338,7.2171
CH,2512,47.1217,7.1964
CH,2513,47.1053,7.1637
CH,2514,47.0905,7.1388
CH,2532,47.139,7.2141
CH,2533,47.1509,7.2359
CH,2542,47.1739,7.328
CH,2543,47.182,7.3659
CH,2552,47.1417,7.3031
CH,2553,47.1523,7.322
CH,2554,47.1614,7.3527
CH,2555,47.128,7.2781
CH,2556,47.1323,7.3269
CH,2558,47.1172,7.2851
CH,2560,47.1244,7.2409
CH,2562,47.1135,7.2591
CH,2563,47.1149,7.2314
CH,2564,47.1024,7.2436
CH,2572,47.0843,7.2116
CH,2557,47.1126,7.3029
CH,2565,47.0981,7.2691
CH,2575,47.0532,7.1872
CH,2576,47.0441,7.1615
CH,2577,47.0206,7.1792
CH,3035,46.9924,7.2934
CH,3036,46.994,7.268
CH,3053,47.038,7.4314
CH,3054,47.0358,7.3733
CH,3225,46.9949,7.1464
CH,3226,47.0062,7.1656
CH,3232,47.0025,7.1093
CH,3233,47.0239,7.0779
CH,3234,47.0326,7.1188
CH,3235,47.0468,7.104
CH,3236,46.9964,7.0593
CH,3237,47.024,7.1512
CH,3238,47.0339,7.0563
CH,3250,47.0763,7.3152
CH,3251,47.0904,7.4271
CH,3252,47.0991,7.2968
CH,3255,47.0662,7.4111
CH,3256,47.0503,7.4305
CH,3257,47.0711,7.3652
CH,3262,47.0559,7.3389
CH,3263,47.106,7.338
CH,3264,47.1044,7.3639
CH,3266,47.0494,7.3209
CH,3267,47.0265,7.3231
CH,3268,47.0187,7.2998
CH,3270,47.0461,7.2829
CH,3271,47.0186,7.2729
CH,3272,47.0704,7.2201
CH,3273,47.0713,7.2744
CH,3274,47.0873,7.2537
CH,3282,47.0362,7.2449
CH,3283,47.0166,7.2168
CH,3292,47.0995,7.3211
CH,3293,47.1242,7.3479
CH,3294,47.1417,7.3701
CH,3295,47.1513,7.4113
CH,3296,47.1656,7.4342
CH,3297,47.1709,7.4666
CH,3298,47.1307,7.4114
CH,3360,47.1946,7.7138
CH,3362,47.1861,7.684
CH,3363,47.1739,7.6887
CH,3365,47.159,7.6643
CH,3366,47.1659,7.7047
CH,3367,47.1535,7.7421
CH,3368,47.1822,7.7569
CH,3372,47.199,7.6916
CH,3373,47.2137,7.6969
CH,3374,47.2177,7.659
CH,3375,47.2035,7.6665
CH,3376,47.2183,7.7205
CH,3377,47.2271,7.6835
CH,3380,47.2362,7.6953
CH,3464,47.0939,7.7377
CH,3475,47.1411,7.6927
CH,3476,47.137,7.7217
CH,4536,47.2527,7.611
CH,4537,47.2459,7.6517
CH,4538,47.254,7.6776
CH,4539,47.2705,7.6104
CH,4704,47.2771,7.6586
CH,4900,47.2158,7.7946
CH,4901,47.2153,7.7961
CH,4911,47.2557,7.7669
CH,4912,47.2357,7.7643
CH,4913,47.2385,7.7303
CH,4914,47.2366,7.8185
CH,4916,47.2069,7.844
CH,4917,47.1771,7.856
CH,4919,47.1613,7.8424
CH,4922,47.215,7.7442
CH,4923,47.256,7.8048
CH,4924,47.2019,7.8254
CH,4932,47.1822,7.7998
CH,4933,47.1712,7.7709
CH,4934,47.1618,7.8111
CH,4935,47.1489,7.7657
CH,4936,47.1423,7.791
CH,4937,47.13,7.7644
CH,4938,47.113,7.803
CH,4942,47.1064,7.7747
CH,4943,47.1105,7.7463
CH,4944,47.1358,7.8383
CH,4950,47.1098,7.8546
CH,4952,47.0707,7.8587
CH,4953,47.1023,7.826
CH,4954,47.0732,7.8216
CH,4955,47.1434,7.8683
CH,3309,47.0663,7.5498
CH,3315,47.1506,7.5358
CH,3324,47.0459,7.569
CH,3325,47.0267,7.5569
CH,3326,47.0041,7.5641
CH,3400,47.0561,7.6184
CH,3401,47.059,7.6279
CH,3412,47.0515,7.6611
CH,3413,47.0751,7.6744
CH,3414,47.0202,7.6085
CH,3415,47.0225,7.6568
CH,3416,47.0688,7.7255
CH,3417,47.0275,7.6773
CH,3418,47.0468,7.6991
CH,3419,46.9938,7.6161
CH,3421,47.0633,7.5812
CH,3422,47.0846,7.6015
CH,3423,47.0976,7.6043
CH,3424,47.1071,7.6106
CH,3425,47.147,7.6149
CH,3426,47.0966,7.5495
CH,3427,47.124,7.5635
CH,3428,47.1529,7.5582
CH,3429,47.1437,7.6483
CH,3432,47.001,7.6821
CH,3433,46.9779,7.695
CH,3435,46.9994,7.7121
CH,3436,46.9751,7.7663
CH,3437,46.9827,7.7167
CH,3438,46.9603,7.7268
CH,3439,46.9901,7.7472
CH,3452,47.0149,7.7247
CH,3453,47.0091,7.7838
CH,3454,47.0376,7.7502
CH,3455,47.0222,7.7391
CH,3456,47.0154,7.7448
CH,3457,47.029,7.8386
CH,3462,47.0601,7.7616
CH,3463,47.0806,7.7527
CH,3465,47.0796,7.7867
CH,3472,47.1054,7.6432
CH,3473,47.1245,7.6437
CH,3474,47.1184,7.7028
CH,3534,46.9089,7.7339
CH,3535,46.9292,7.7483
CH,3536,46.9041,7.7853
CH,3537,46.8613,7.812
CH,3538,46.8574,7.7413
CH,3543,46.9444,7.7269
CH,3550,46.9333,7.7854
CH,3551,46.9744,7.7959
CH,3552,46.94,7.8265
CH,3553,46.9762,7.826
CH,3555,46.9101,7.8523
CH,3556,46.9648,7.8769
CH,3557,46.9824,7.9244
CH,3618,46.8198,7.7713
CH,4564,47.158,7.573
CH,6197,46.8106,7.8871
CH,1595,46.8976,7.0917
CH,1738,46.6993,7.371
CH,1797,46.9111,7.1255
CH,3000,46.9481,7.4474
CH,3001,46.9481,7.4474
CH,3002,46.9476,7.4065
CH,3003,46.9481,7.4474
CH,3004,46.9753,7.45
CH,3005,46.9398,7.4502
CH,3006,46.9462,7.4707
CH,3007,46.9385,7.4339
CH,3008,46.944,7.4156
CH,3010,46.947,7.4237
CH,3011,46.9477,7.4458
CH,3012,46.9608,7.4262
CH,3013,46.9547,7.4507
CH,3014,46.9635,7.4591
CH,3015,46.9397,7.4841
CH,3018,46.9364,7.3906
CH,3019,46.932,7.348
CH,3020,46.9369,7.3243
CH,3024,46.9481,7.4474
CH,3027,46.9528,7.3844
CH,3029,46.9481,7.4474
CH,3030,46.9481,7.4474
CH,3032,46.9673,7.3816
CH,3033,46.974,7.3512
CH,3034,46.9765,7.3104
CH,3037,46.9761,7.4179
CH,3038,47.0016,7.4155
CH,3039,46.9476,7.4065
CH,3040,46.9476,7.4065
CH,3041,46.9476,7.4065
CH,3042,46.9923,7.3992
CH,3043,46.9864,7.3809
CH,3044,46.9959,7.3122
CH,3045,47.0093,7.3723
CH,3046,47.0081,7.3342
CH,3047,46.9781,7.4355
CH,3048,46.9796,7.4643
CH,3049,46.9935,7.3363
CH,3050,46.9476,7.4065
CH,3052,46.9959,7.4548
CH,3063,46.9803,7.4782
CH,3065,46.9858,7.5077
CH,3066,46.9634,7.5286
CH,3067,46.9613,7.5519
CH,3068,46.9667,7.5823
CH,3071,46.9559,7.4956
CH,3072,46.9564,7.4939
CH,3073,46.9356,7.5081
CH,3074,46.928,7.4885
CH,3075,46.9169,7.543
CH,3076,46.9336,7.5618
CH,3077,46.9296,7.6004
CH,3078,46.9171,7.585
CH,3082,46.9113,7.6112
CH,3083,46.9029,7.5769
CH,3084,46.923,7.453
CH,3085,46.9043,7.3978
CH,3086,46.8801,7.4616
CH,3087,46.8587,7.4579
CH,3088,46.8241,7.4383
CH,3089,46.8391,7.4052
CH,3095,46.9247,7.4342
CH,3096,46.8655,7.4093
CH,3097,46.9304,7.4192
CH,3098,46.907,7.4219
CH,3099,46.7631,7.4568
CH,3110,46.8761,7.5607
CH,3111,46.8726,7.5869
CH,3112,46.9167,7.5211
CH,3113,46.8997,7.545
CH,3114,46.8451,7.5789
CH,3115,46.8463,7.5418
CH,3116,46.8275,7.5303
CH,3122,46.9114,7.472
CH,3123,46.8933,7.5077
CH,3124,46.8669,7.5211
CH,3125,46.8593,7.4935
CH,3126,46.8436,7.516
CH,3127,46.8159,7.5103
CH,3128,46.8243,7.5058
CH,3132,46.8098,7.4675
CH,3144,46.8971,7.4099
CH,3145,46.8857,7.394
CH,3147,46.8724,7.3699
CH,3148,46.8466,7.3629
CH,3150,46.811,7.3335
CH,3152,46.8152,7.3801
CH,3153,46.7726,7.3774
CH,3154,46.7682,7.4174
CH,3155,46.8109,7.4184
CH,3156,46.7507,7.3621
CH,3157,46.794,7.3617
CH,3158,46.7591,7.3182
CH,3159,46.7841,7.3218
CH,3172,46.9213,7.3786
CH,3173,46.9136,7.3568
CH,3174,46.8967,7.35
CH,3176,46.9065,7.2997
CH,3177,46.9105,7.2433
CH,3179,46.9112,7.2159
CH,3183,46.8486,7.3229
CH,3202,46.9556,7.3319
CH,3203,46.9618,7.2718
CH,3204,46.9313,7.2759
CH,3205,46.9431,7.2526
CH,3206,46.9489,7.2259
CH,3207,46.9709,7.238
CH,3208,46.9654,7.2145
CH,3302,47.0101,7.4845
CH,3303,47.0484,7.5249
CH,3305,47.0705,7.4549
CH,3306,47.0835,7.4806
CH,3308,47.0784,7.5055
CH,3312,47.0879,7.5386
CH,3313,47.0972,7.5116
CH,3314,47.1102,7.5257
CH,3317,47.1102,7.4987
CH,3321,47.0168,7.4839
CH,3322,47.0232,7.5205
CH,3323,47.0169,7.532
CH,3434,46.9585,7.664
CH,3503,46.8935,7.5955
CH,3504,46.8733,7.6693
CH,3506,46.9068,7.6354
CH,3507,46.9286,7.6288
CH,3508,46.9349,7.6601
CH,3510,46.8576,7.6047
CH,3512,46.9491,7.6199
CH,3513,46.9721,7.6345
CH,3531,46.9187,7.6835
CH,3532,46.8915,7.6503
CH,3533,46.8891,7.7009
CH,3629,46.8202,7.5657
CH,3671,46.8271,7.611
CH,3672,46.8426,7.6273
CH,3673,46.8497,7.6867
CH,3674,46.8168,7.6401
CH,3600,46.7554,7.6234
CH,3602,46.7512,7.6217
CH,3603,46.7624,7.5991
CH,3604,46.7403,7.6201
CH,3607,46.7512,7.6217
CH,3608,46.7387,7.5974
CH,3609,46.7512,7.6217
CH,3612,46.7825,7.6336
CH,3613,46.7713,7.6157
CH,3614,46.7989,7.6936
CH,3615,46.821,7.6913
CH,3616,46.8,7.7343
CH,3617,46.7978,7.6549
CH,3619,46.7805,7.8048
CH,3622,46.7764,7.6833
CH,3623,46.7821,7.7084
CH,3624,46.7614,7.6654
CH,3625,46.752,7.6822
CH,3626,46.7477,7.6487
CH,3627,46.7944,7.6032
CH,3628,46.795,7.5732
CH,3631,46.7225,7.5666
CH,3632,46.7021,7.5712
CH,3633,46.7261,7.5854
CH,3634,46.7519,7.5719
CH,3635,46.7395,7.5473
CH,3636,46.7579,7.5385
CH,3638,46.7157,7.5229
CH,3645,46.7097,7.615
CH,3647,46.6927,7.6055
CH,3652,46.7408,7.6628
CH,3653,46.7332,7.6771
CH,3654,46.7145,7.7023
CH,3655,46.7193,7.7344
CH,3656,46.7257,7.7088
CH,3657,46.7443,7.7572
CH,3658,46.704,7.753
CH,3661,46.775,7.5746
CH,3662,46.7904,7.5392
CH,3663,46.7753,7.5357
CH,3664,46.792,7.5032
CH,3665,46.7594,7.4929
CH,1657,46.5662,7.2768
CH,3766,46.6052,7.3582
CH,3770,46.562,7.3903
CH,3771,46.542,7.4183
CH,3772,46.4964,7.3917
CH,3773,46.5104,7.4622
CH,3775,46.4251,7.4565
CH,3776,46.5268,7.3277
CH,3777,46.5157,7.305
CH,3778,46.52,7.2714
CH,3780,46.4707,7.2946
CH,3781,46.4629,7.3509
CH,3782,46.3981,7.3386
CH,3783,46.4375,7.2524
CH,3784,46.4044,7.2444
CH,3785,46.3691,7.2591
CH,3792,46.4775,7.2495
CH,3646,46.7071,7.6453
CH,3700,46.6857,7.6698
CH,3702,46.6718,7.6818
CH,3703,46.6543,7.6988
CH,3704,46.6508,7.7393
CH,3705,46.6721,7.7074
CH,3711,46.6396,7.675
CH,3713,46.618,7.6918
CH,3714,46.5854,7.6383
CH,3715,46.4736,7.5552
CH,3716,46.5515,7.6677
CH,3717,46.525,7.6837
CH,3718,46.4692,7.7083
CH,3722,46.6148,7.7159
CH,3723,46.5561,7.7608
CH,3724,46.5604,7.5942
CH,3725,46.5291,7.6046
CH,3752,46.6616,7.6412
CH,3753,46.6477,7.5971
CH,3754,46.6466,7.5579
CH,3755,46.6038,7.572
CH,3756,46.6022,7.5015
CH,3757,46.5563,7.5001
CH,3758,46.6721,7.5895
CH,3762,46.6585,7.5302
CH,3763,46.6804,7.5051
CH,3764,46.6661,7.477
CH,3765,46.6559,7.4312
CH,3706,46.6428,7.7789
CH,3707,46.6539,7.8128
CH,3800,46.6945,7.8405
CH,3802,46.6871,7.8649
CH,3803,46.717,7.8063
CH,3804,46.755,7.8899
CH,3805,46.7005,7.8745
CH,3806,46.6804,7.9238
CH,3807,46.7011,7.9899
CH,3812,46.6488,7.8691
CH,3813,46.6251,7.8275
CH,3814,46.6522,7.889
CH,3815,46.626,7.9068
CH,3816,46.6439,7.9522
CH,3818,46.6186,8.0535
CH,3822,46.5952,7.9072
CH,3823,46.5748,7.9744
CH,3824,46.515,7.8979
CH,3825,46.5766,7.8827
CH,3826,46.538,7.8517
CH,3852,46.7114,7.8968
CH,3853,46.7249,7.9263
CH,3854,46.7563,7.9571
CH,3855,46.7711,8.0557
CH,3856,46.7586,8.106
CH,3857,46.7378,8.119
CH,3858,46.7669,8.0799
CH,3860,46.6942,8.17
CH,3862,46.6717,8.2371
CH,3863,46.7112,8.3757
CH,3864,46.5965,8.2578
CH,6083,46.7543,8.1733
CH,6084,46.7559,8.2104
CH,6085,46.7385,8.1963
CH,6086,46.7418,8.2522
CH,4040,47.5186,7.6174
CH,4042,47.5186,7.6174
CH,4101,47.528,7.5812
CH,4102,47.5367,7.5678
CH,4103,47.522,7.5765
CH,4104,47.5169,7.5508
CH,4105,47.5077,7.5209
CH,4106,47.4976,7.5589
CH,4107,47.4745,7.5459
CH,4123,47.545,7.5375
CH,4124,47.5352,7.5061
CH,4127,47.5508,7.6363
CH,4132,47.5248,7.6491
CH,4142,47.5169,7.6175
CH,4144,47.4955,7.6283
CH,4147,47.4728,7.584
CH,4148,47.4562,7.582
CH,4153,47.4973,7.5909
CH,2814,47.4277,7.3567
CH,4117,47.4523,7.4368
CH,4202,47.4513,7.6096
CH,4203,47.439,7.5866
CH,4222,47.436,7.5279
CH,4223,47.4527,7.5233
CH,4224,47.4493,7.5609
CH,4225,47.4252,7.5496
CH,4242,47.4105,7.4911
CH,4243,47.4415,7.4927
CH,4244,47.4329,7.4649
CH,4246,47.398,7.5115
CH,4253,47.3952,7.4298
CH,4254,47.4074,7.4156
CH,4133,47.5192,7.6913
CH,4302,47.5321,7.7176
CH,4304,47.5234,7.7383
CH,4402,47.5009,7.6971
CH,4410,47.4853,7.7255
CH,4411,47.462,7.7157
CH,4414,47.5109,7.732
CH,4415,47.4706,7.7656
CH,4416,47.4458,7.737
CH,4417,47.429,7.7027
CH,4419,47.4463,7.6961
CH,4422,47.5093,7.7665
CH,4423,47.4922,7.7833
CH,4433,47.4502,7.7682
CH,4441,47.4531,7.8289
CH,4442,47.445,7.8404
CH,4443,47.4297,7.8386
CH,4444,47.428,7.856
CH,4445,47.4139,7.8704
CH,4446,47.4116,7.8467
CH,4447,47.4116,7.8324
CH,4448,47.3942,7.856
CH,4450,47.4722,7.8076
CH,4451,47.4961,7.8271
CH,4452,47.4647,7.7847
CH,4453,47.4915,7.7985
CH,4455,47.4451,7.7986
CH,4456,47.4325,7.8146
CH,4460,47.4571,7.8586
CH,4461,47.4673,7.8344
CH,4462,47.4847,7.8492
CH,4463,47.5047,7.8661
CH,4464,47.5223,7.8458
CH,4465,47.4902,7.8917
CH,4466,47.4731,7.8784
CH,4467,47.4703,7.9177
CH,4469,47.453,7.942
CH,4492,47.4454,7.8897
CH,4493,47.4432,7.91
CH,4494,47.4302,7.9373
CH,4495,47.4121,7.9123
CH,4496,47.4257,7.8969
CH,4497,47.432,7.8804
CH,4207,47.3961,7.6501
CH,4418,47.3948,7.6904
CH,4424,47.4148,7.7185
CH,4425,47.402,7.7148
CH,4426,47.3802,7.6679
CH,4431,47.3963,7.7821
CH,4432,47.4267,7.7539
CH,4434,47.4259,7.7749
CH,4435,47.4105,7.7475
CH,4436,47.3887,7.7206
CH,4437,47.3771,7.7402
CH,4438,47.3577,7.7711
CH,4457,47.4093,7.8097
CH,4458,47.3797,7.8173
CH,4000,47.5584,7.5733
CH,4001,47.5568,7.5887
CH,4002,47.5584,7.5733
CH,4005,47.5584,7.5733
CH,4009,47.5584,7.5733
CH,4010,47.5584,7.5733
CH,4018,47.5584,7.5733
CH,4019,47.5584,7.5733
CH,4020,47.5584,7.5733
CH,4030,47.5584,7.5733
CH,4031,47.5619,7.5823
CH,4039,47.5577,7.5936
CH,4041,47.5577,7.5936
CH,4051,47.554,7.5865
CH,4052,47.5457,7.6096
CH,4053,47.5406,7.5964
CH,4054,47.5497,7.5696
CH,4055,47.5626,7.5667
CH,4056,47.5698,7.5749
CH,4057,47.5767,7.5947
CH,4058,47.566,7.6112
CH,4059,47.5309,7.5939
CH,4070,47.5584,7.5733
CH,4075,47.5584,7.5733
CH,4089,47.5577,7.5936
CH,4091,47.5584,7.5733
CH,4125,47.5795,7.6512
CH,4126,47.5704,7.6722
CH,1410,46.7313,6.8026
CH,1468,46.8207,6.7756
CH,1470,46.861,6.8415
CH,1473,46.83,6.8302
CH,1474,46.8313,6.8002
CH,1475,46.854,6.8872
CH,1482,46.8109,6.8939
CH,1483,46.8262,6.8668
CH,1484,46.8107,6.842
CH,1485,46.7841,6.8339
CH,1486,46.7346,6.7692
CH,1489,46.796,6.8112
CH,1527,46.7421,6.8668
CH,1528,46.7474,6.8553
CH,1529,46.7502,6.8383
CH,1532,46.7967,6.9138
CH,1533,46.7853,6.8861
CH,1534,46.7661,6.8499
CH,1541,46.8456,6.9047
CH,1542,46.8571,6.9109
CH,1544,46.9113,6.9241
CH,1563,46.8564,6.9906
CH,1564,46.8622,7.0145
CH,1565,46.8849,6.9533
CH,1566,46.8912,6.9795
CH,1567,46.9132,6.9717
CH,1568,46.9262,6.9392
CH,1773,46.8411,7.0436
CH,1774,46.8016,6.9928
CH,1775,46.7969,6.9702
CH,1776,46.8207,6.9989
CH,1553,46.7531,6.9382
CH,1608,46.5879,6.8377
CH,1670,46.6333,6.8358
CH,1673,46.5838,6.8051
CH,1674,46.6476,6.8284
CH,1675,46.6236,6.8511
CH,1676,46.6465,6.8948
CH,1677,46.6352,6.8745
CH,1678,46.6604,6.8774
CH,1679,46.66,6.9128
CH,1680,46.7,6.9186
CH,1681,46.6897,6.8962
CH,1684,46.679,6.9272
CH,1685,46.6633,6.9442
CH,1686,46.6717,6.9753
CH,1687,46.6379,6.9299
CH,1688,46.6361,6.9144
CH,1689,46.6755,6.9949
CH,1690,46.7179,6.9385
CH,1691,46.7409,6.9661
CH,1692,46.6966,6.9761
CH,1694,46.6953,7.0011
CH,1697,46.6213,6.9098
CH,1748,46.7676,6.9678
CH,1749,46.7741,6.9485
CH,1625,46.6287,6.9639
CH,1626,46.6528,6.9766
CH,1627,46.6186,6.985
CH,1628,46.6106,7.0049
CH,1630,46.6021,7.0223
CH,1631,46.6075,7.0462
CH,1632,46.6428,7.0432
CH,1633,46.6632,7.0812
CH,1634,46.6925,7.1606
CH,1635,46.5889,7.0354
CH,1636,46.5985,7.1245
CH,1637,46.594,7.1959
CH,1638,46.6247,7.0917
CH,1642,46.6713,7.0437
CH,1643,46.6778,7.0722
CH,1644,46.6865,7.0835
CH,1645,46.6986,7.0826
CH,1646,46.6472,7.0839
CH,1647,46.6567,7.1175
CH,1648,46.6699,7.1308
CH,1649,46.7026,7.1117
CH,1651,46.6435,7.118
CH,1652,46.6185,7.1133
CH,1653,46.6225,7.1413
CH,1654,46.6657,7.2019
CH,1656,46.6075,7.2873
CH,1661,46.5904,7.0519
CH,1663,46.577,7.0594
CH,1665,46.5638,7.1304
CH,1666,46.5281,7.1095
CH,1667,46.562,7.07
CH,1669,46.5291,7.0303
CH,1695,46.7244,7.0244
CH,1696,46.7042,7.0561
CH,1700,46.8067,7.1636
CH,1701,46.8024,7.1513
CH,1708,46.8024,7.1513
CH,1720,46.8059,7.0769
CH,1722,46.7988,7.1748
CH,1723,46.776,7.1494
CH,1724,46.7309,7.2048
CH,1725,46.7715,7.108
CH,1726,46.7274,7.0487
CH,1727,46.7411,7.0794
CH,1728,46.723,7.1
CH,1730,46.7555,7.0784
CH,1731,46.7571,7.1488
CH,1732,46.7512,7.1212
CH,1733,46.7241,7.1438
CH,1740,46.768,7.0649
CH,1741,46.7532,7.0362
CH,1742,46.7393,7.0283
CH,1744,46.7432,6.9966
CH,1745,46.7599,7.0019
CH,1746,46.7857,7.0128
CH,1747,46.7719,6.989
CH,1752,46.7943,7.1252
CH,1753,46.7869,7.0916
CH,1754,46.784,7.0629
CH,1756,46.7724,7.0377
CH,1757,46.8019,7.0365
CH,1762,46.8127,7.1255
CH,1763,46.8236,7.1483
CH,1772,46.8347,7.0658
CH,1782,46.8162,7.0759
CH,1583,46.8823,7.08
CH,1721,46.8667,7.0857
CH,1783,46.8471,7.1292
CH,1784,46.876,7.1116
CH,1785,46.898,7.1379
CH,1786,46.9687,7.112
CH,1787,46.9393,7.0807
CH,1788,46.9495,7.1032
CH,1789,46.9586,7.0733
CH,1791,46.8711,7.1316
CH,1792,46.8848,7.1397
CH,1793,46.9124,7.1744
CH,1794,46.9141,7.1523
CH,1795,46.891,7.1105
CH,1796,46.9043,7.1047
CH,3210,46.9806,7.1959
CH,3212,46.8903,7.1725
CH,3213,46.9113,7.1931
CH,3214,46.9299,7.1986
CH,3215,46.9449,7.1787
CH,3216,46.9653,7.1762
CH,3280,46.9304,7.1335
CH,3284,46.9979,7.2082
CH,3285,46.9599,7.1466
CH,3286,46.9424,7.128
CH,1712,46.8126,7.2246
CH,1713,46.8192,7.2671
CH,1714,46.8279,7.3
CH,1715,46.7892,7.274
CH,1716,46.7271,7.2874
CH,1717,46.7884,7.2194
CH,1718,46.7653,7.2482
CH,1719,46.7573,7.2764
CH,1734,46.7676,7.2
CH,1735,46.7549,7.2246
CH,1736,46.738,7.2209
CH,1737,46.7116,7.2436
CH,3175,46.889,7.3199
CH,3178,46.8853,7.234
CH,3182,46.8694,7.3262
CH,3184,46.8757,7.2791
CH,3185,46.8504,7.247
CH,3186,46.8462,7.1915
CH,1609,46.5878,6.8685
CH,1611,46.607,6.919
CH,1614,46.523,6.8263
CH,1615,46.5289,6.8481
CH,1616,46.5078,6.8541
CH,1617,46.5371,6.8826
CH,1618,46.5344,6.937
CH,1619,46.5073,6.9663
CH,1623,46.5699,6.9517
CH,1624,46.5857,6.9184
CH,1699,46.6018,6.8706
CH,1200,46.2022,6.1457
CH,1201,46.2107,6.1469
CH,1202,46.221,6.1432
CH,1203,46.2079,6.1221
CH,1204,46.2027,6.1457
CH,1205,46.1961,6.1403
CH,1206,46.1894,6.1574
CH,1207,46.2066,6.1624
CH,1208,46.1984,6.1676
CH,1209,46.2215,6.1232
CH,1211,46.2058,6.1416
CH,1212,46.1897,6.1158
CH,1213,46.1854,6.1002
CH,1214,46.2139,6.0796
CH,1215,46.2347,6.1064
CH,1216,46.224,6.1062
CH,1217,46.2322,6.0791
CH,1218,46.2338,6.1221
CH,1219,46.2138,6.1087
CH,1220,46.2207,6.1091
CH,1222,46.2454,6.2008
CH,1223,46.2228,6.1808
CH,1224,46.1995,6.1858
CH,1225,46.1974,6.197
CH,1226,46.1961,6.2046
CH,1227,46.1926,6.1321
CH,1228,46.1642,6.118
CH,1231,46.1855,6.1759
CH,1232,46.1743,6.0888
CH,1233,46.1785,6.0686
CH,1234,46.1742,6.159
CH,1236,46.1759,6.0309
CH,1237,46.1675,5.9985
CH,1239,46.2796,6.1212
CH,1240,46.2022,6.1457
CH,1241,46.2108,6.2322
CH,1242,46.2143,6.035
CH,1243,46.218,6.2602
CH,1244,46.2263,6.2238
CH,1245,46.2587,6.1965
CH,1246,46.2659,6.2191
CH,1247,46.2808,6.2226
CH,1248,46.2988,6.2325
CH,1251,46.2519,6.27
CH,1252,46.243,6.2351
CH,1253,46.219,6.2037
CH,1254,46.2372,6.2791
CH,1255,46.1684,6.1769
CH,1256,46.1593,6.1506
CH,1257,46.149,6.1207
CH,1258,46.1575,6.0889
CH,1281,46.1939,6.0139
CH,1283,46.1792,6.0032
CH,1284,46.1475,5.9787
CH,1285,46.1496,6.0086
CH,1286,46.1481,6.0474
CH,1287,46.1589,6.0341
CH,1288,46.1902,6.0422
CH,1290,46.2877,6.1559
CH,1292,46.2375,6.1511
CH,1293,46.2545,6.1455
CH,1294,46.2637,6.1614
CH,1298,46.3473,6.2052
CH,8750,47.0496,9.0394
CH,8752,47.0865,9.0053
CH,8753,47.0938,9.0914
CH,8754,47.0638,9.0417
CH,8755,47.0445,9.0986
CH,8756,47.0154,9.0805
CH,8757,47.1015,9.1253
CH,8758,47.0772,9.1536
CH,8759,47.0634,9.0573
CH,8762,47.0125,9.1249
CH,8765,46.9983,9.1692
CH,8766,46.9713,9.198
CH,8767,46.9061,9.1564
CH,8772,46.9876,9.0435
CH,8773,46.9595,9.0726
CH,8774,46.9787,9.0363
CH,8775,46.9603,9.0493
CH,8777,46.944,9.0511
CH,8782,46.9316,9.0211
CH,8783,46.8631,8.979
CH,8784,46.9458,8.9845
CH,8865,47.1479,9.0078
CH,8867,47.1265,9.0208
CH,8868,47.1153,9.0366
CH,8874,47.1027,9.1749
CH,7077,46.7522,9.5502
CH,7078,46.7317,9.5481
CH,7082,46.6974,9.5183
CH,7083,46.707,9.5794
CH,7084,46.6837,9.6028
CH,7450,46.6483,9.6037
CH,7451,46.6778,9.5467
CH,7452,46.6202,9.6043
CH,7453,46.5868,9.6608
CH,7454,46.5567,9.6608
CH,7455,46.5044,9.5795
CH,7456,46.528,9.6632
CH,7457,46.4578,9.6618
CH,7458,46.6487,9.5484
CH,7459,46.657,9.5204
CH,7460,46.5814,9.6024
CH,7462,46.6124,9.533
CH,7463,46.6224,9.5892
CH,7464,46.5567,9.5423
CH,7472,46.6572,9.6172
CH,7473,46.6686,9.6491
CH,7477,46.6488,9.6882
CH,7482,46.587,9.7729
CH,7484,46.6377,9.7553
CH,7492,46.7156,9.6443
CH,7493,46.7042,9.6778
CH,7710,46.3952,10.0196
CH,7741,46.3567,10.082
CH,7742,46.3379,10.0388
CH,7743,46.2731,10.1009
CH,7744,46.2362,10.142
CH,7745,46.2988,10.0336
CH,7746,46.2834,10.0863
CH,7747,46.2612,10.1523
CH,7748,46.2381,10.0953
CH,7527,46.6765,10.0189
CH,7530,46.6705,10.1404
CH,7532,46.6422,10.2981
CH,7533,46.6048,10.3451
CH,7534,46.6355,10.3724
CH,7535,46.6022,10.3859
CH,7536,46.5785,10.3704
CH,7537,46.615,10.4555
CH,7542,46.751,10.0223
CH,7543,46.7828,10.1073
CH,7545,46.8081,10.1422
CH,7546,46.7698,10.1857
CH,7550,46.7346,10.3263
CH,7551,46.8259,10.2279
CH,7552,46.7873,10.286
CH,7553,46.7396,10.2465
CH,7554,46.8251,10.3404
CH,7556,46.8583,10.33
CH,7557,46.8802,10.3512
CH,7558,46.8407,10.4386
CH,7559,46.9061,10.4097
CH,7560,46.9159,10.4553
CH,7562,46.9633,10.4023
CH,7563,46.9496,10.358
CH,7012,46.8564,9.4625
CH,7013,46.8197,9.4547
CH,7014,46.8686,9.3291
CH,7015,46.844,9.4086
CH,7016,46.8224,9.3327
CH,7017,46.864,9.2694
CH,7018,46.8248,9.2871
CH,7019,46.8455,9.319
CH,7402,46.7939,9.3699
CH,7403,46.7862,9.3922
CH,7202,46.9013,9.597
CH,7203,46.8892,9.5728
CH,7204,46.9206,9.5159
CH,7205,46.9343,9.5726
CH,7206,46.9452,9.5807
CH,7208,46.9888,9.5803
CH,7302,46.9616,9.5772
CH,7303,46.9589,9.5295
CH,7304,47.0305,9.5629
CH,7306,47.0395,9.5053
CH,7307,47.0117,9.5744
CH,7500,46.4903,9.8169
CH,7502,46.543,9.8005
CH,7503,46.5332,9.8492
CH,7504,46.4311,9.9249
CH,7505,46.5097,9.8436
CH,7512,46.4766,9.8058
CH,7513,46.4447,9.82
CH,7514,46.3835,9.7899
CH,7515,46.4371,9.7424
CH,7516,46.3649,9.7199
CH,7517,46.4271,9.7091
CH,7522,46.5789,9.9201
CH,7523,46.546,9.9659
CH,7524,46.5631,9.9802
CH,7525,46.5971,10.0385
CH,7526,46.6557,9.9374
CH,7602,46.3882,9.6568
CH,7603,46.3505,9.6285
CH,7604,46.3477,9.6062
CH,7605,46.3396,9.5922
CH,7606,46.3147,9.5798
CH,7608,46.335,9.5234
CH,7610,46.357,9.5381
CH,6534,46.2444,9.0981
CH,6535,46.208,9.1525
CH,6537,46.2327,9.1814
CH,6538,46.2731,9.2032
CH,6540,46.2609,9.1301
CH,6541,46.2835,9.148
CH,6542,46.2759,9.1034
CH,6543,46.3011,9.0946
CH,6544,46.302,9.1333
CH,6545,46.3221,9.1032
CH,6546,46.3336,9.1221
CH,6548,46.404,9.127
CH,6549,46.2108,9.1047
CH,6556,46.2502,9.1872
CH,6557,46.2607,9.2064
CH,6558,46.3068,9.2247
CH,6562,46.3515,9.2259
CH,6563,46.4025,9.226
CH,6565,46.4713,9.1888
CH,7000,46.8528,9.5299
CH,7001,46.8499,9.5329
CH,7004,46.8499,9.5329
CH,7006,46.8499,9.5329
CH,7007,46.8499,9.5329
CH,7023,46.8816,9.5009
CH,7026,46.8447,9.5723
CH,7027,46.8409,9.6237
CH,7028,46.8483,9.6586
CH,7029,46.8427,9.6882
CH,7050,46.7699,9.6683
CH,7056,46.8141,9.6465
CH,7057,46.8235,9.7455
CH,7058,46.7988,9.7014
CH,7062,46.8212,9.5573
CH,7063,46.821,9.5824
CH,7064,46.7929,9.6067
CH,7074,46.8117,9.518
CH,7075,46.7826,9.5323
CH,7076,46.7762,9.5703
CH,7212,46.978,9.633
CH,7213,46.9163,9.6237
CH,7214,46.9627,9.6397
CH,7215,47.0072,9.6875
CH,7220,46.9811,9.7189
CH,7222,46.9517,9.7116
CH,7223,46.9388,9.7244
CH,7224,46.9269,9.7407
CH,7226,46.9885,9.769
CH,7228,47.0089,9.7482
CH,7231,46.9426,9.6953
CH,7232,46.9136,9.6615
CH,7233,46.8981,9.7035
CH,7235,46.8866,9.7395
CH,7240,46.9253,9.7955
CH,7241,46.8858,9.7876
CH,7242,46.9212,9.7623
CH,7243,46.9482,9.7675
CH,7244,46.9448,9.7904
CH,7245,46.9495,9.8203
CH,7246,46.9802,9.8459
CH,7247,46.9151,9.8524
CH,7249,46.8871,9.8339
CH,7250,46.8475,9.9649
CH,7252,46.9013,9.9155
CH,7260,46.7674,9.8969
CH,7265,46.8389,9.8534
CH,7270,46.8048,9.8372
CH,7272,46.7227,9.8447
CH,7276,46.7756,9.7698
CH,7277,46.7398,9.7705
CH,7278,46.6983,9.7849
CH,7494,46.7163,9.7204
CH,7031,46.8095,9.2635
CH,7032,46.8515,9.2121
CH,7104,46.7773,9.3365
CH,7106,46.7465,9.3251
CH,7107,46.7127,9.3222
CH,7109,46.6321,9.2815
CH,7110,46.7158,9.1981
CH,7111,46.7219,9.2458
CH,7112,46.6963,9.248
CH,7113,46.6891,9.2216
CH,7114,46.7038,9.188
CH,7115,46.6808,9.1692
CH,7116,46.6543,9.206
CH,7122,46.7885,9.2961
CH,7126,46.7726,9.243
CH,7127,46.7575,9.2226
CH,7128,46.7422,9.2606
CH,7130,46.7707,9.1927
CH,7132,46.5737,9.1308
CH,7134,46.7197,9.0712
CH,7137,46.7664,9.161
CH,7138,46.7529,9.1513
CH,7141,46.7548,9.1906
CH,7142,46.7345,9.2011
CH,7143,46.7348,9.1737
CH,7144,46.7213,9.159
CH,7145,46.7059,9.1709
CH,7146,46.7118,9.1384
CH,7147,46.694,9.1413
CH,7148,46.6683,9.1035
CH,7149,46.6241,9.0564
CH,7151,46.7889,9.2224
CH,7152,46.7983,9.2755
CH,7153,46.813,9.22
CH,7154,46.8291,9.1686
CH,7155,46.8114,9.1906
CH,7156,46.795,9.1406
CH,7157,46.8152,9.1545
CH,7158,46.8116,9.0777
CH,7159,46.8179,9.0975
CH,7162,46.7567,9.0749
CH,7163,46.7561,9.0534
CH,7164,46.7606,9.0364
CH,7165,46.7924,9.0289
CH,7166,46.7411,8.9786
CH,7167,46.734,9.0104
CH,7168,46.7653,9.0009
CH,7172,46.7419,8.9547
CH,7173,46.6738,8.9654
CH,7174,46.7371,8.9435
CH,7175,46.7622,8.9153
CH,7176,46.7087,8.9161
CH,7180,46.7456,8.8481
CH,7182,46.6995,8.8819
CH,7183,46.6811,8.8313
CH,7184,46.6525,8.8851
CH,7185,46.6065,8.8364
CH,7186,46.6937,8.8169
CH,7187,46.6814,8.7615
CH,7188,46.6377,8.7502
CH,7189,46.6662,8.709
CH,7404,46.7968,9.4422
CH,7405,46.7769,9.4208
CH,7407,46.7624,9.4817
CH,7408,46.7319,9.4277
CH,7411,46.6908,9.465
CH,7412,46.7183,9.4825
CH,7413,46.715,9.4498
CH,7414,46.7231,9.4481
CH,7415,46.7312,9.4458
CH,7416,46.7426,9.4826
CH,7417,46.7513,9.4509
CH,7418,46.764,9.4447
CH,7419,46.7834,9.4663
CH,7421,46.713,9.4312
CH,7422,46.7221,9.4193
CH,7423,46.7121,9.3848
CH,7424,46.7486,9.3965
CH,7425,46.6954,9.4226
CH,7426,46.6941,9.3926
CH,7427,46.686,9.4019
CH,7428,46.6767,9.3607
CH,7430,46.6885,9.4328
CH,7431,46.6773,9.5018
CH,7432,46.6381,9.47
CH,7433,46.6406,9.3803
CH,7434,46.5573,9.3703
CH,7435,46.5371,9.329
CH,7436,46.5522,9.2853
CH,7437,46.5404,9.2385
CH,7438,46.5137,9.1351
CH,7440,46.5859,9.4178
CH,7442,46.6127,9.4121
CH,7443,46.6035,9.4665
CH,7444,46.5516,9.4606
CH,7445,46.5058,9.4399
CH,7446,46.4246,9.491
CH,7447,46.4272,9.5449
CH,7448,46.4329,9.5864
CH,2800,47.3718,7.3341
CH,2802,47.3648,7.2813
CH,2803,47.3932,7.2556
CH,2805,47.3955,7.3822
CH,2806,47.3943,7.3276
CH,2807,47.4174,7.2411
CH,2812,47.4089,7.3281
CH,2813,47.4264,7.324
CH,2822,47.3672,7.3788
CH,2823,47.3674,7.407
CH,2824,47.3516,7.4268
CH,2825,47.3488,7.4522
CH,2826,47.3534,7.4742
CH,2828,47.3602,7.512
CH,2829,47.3192,7.4849
CH,2830,47.3343,7.3769
CH,2832,47.3209,7.4189
CH,2842,47.3439,7.3443
CH,2843,47.322,7.3449
CH,2852,47.3313,7.318
CH,2853,47.3298,7.2802
CH,2854,47.3365,7.2418
CH,2855,47.3269,7.1844
CH,2856,47.3547,7.2168
CH,2857,47.3717,7.2335
CH,2863,47.3034,7.2194
CH,2864,47.3002,7.2871
CH,2873,47.3031,7.1606
CH,2336,47.1796,6.8983
CH,2338,47.2318,6.9944
CH,2340,47.2152,6.9438
CH,2350,47.2458,7.02
CH,2353,47.2801,6.9908
CH,2354,47.2674,6.9594
CH,2360,47.2625,7.0334
CH,2362,47.3064,7.0852
CH,2363,47.2904,7.0455
CH,2364,47.3062,7.1177
CH,2714,47.2557,7.0965
CH,2718,47.2778,7.1269
CH,2882,47.3628,7.1459
CH,2887,47.3101,7.0405
CH,2883,47.3499,7.1729
CH,2884,47.3517,7.1448
CH,2885,47.3366,7.1176
CH,2886,47.3267,7.0757
CH,2888,47.368,7.1118
CH,2889,47.3549,7.0701
CH,2900,47.4212,7.071
CH,2902,47.3998,7.0793
CH,2903,47.3811,7.0754
CH,2904,47.3842,7.039
CH,2905,47.4129,7.028
CH,2906,47.3925,6.9934
CH,2907,47.3865,6.9602
CH,2908,47.3919,6.9336
CH,2912,47.3653,6.9587
CH,2914,47.3681,6.8957
CH,2915,47.4386,6.9971
CH,2916,47.42,6.9567
CH,2922,47.4382,7.0463
CH,2923,47.4578,7.0469
CH,2924,47.4835,7.0587
CH,2925,47.4756,7.0263
CH,2926,47.488,7.0076
CH,2932,47.4524,7.0953
CH,2933,47.4854,7.094
CH,2935,47.4924,7.1328
CH,2942,47.4284,7.1262
CH,2943,47.4519,7.1485
CH,2944,47.4759,7.1568
CH,2946,47.4311,7.1713
CH,2947,47.4274,7.2138
CH,2950,47.3867,7.141
CH,2952,47.4048,7.1631
CH,2953,47.4124,7.2203
CH,2954,47.3911,7.2051
CH,6000,47.0471,8.3252
CH,6002,47.0505,8.3064
CH,6003,47.0491,8.296
CH,6004,47.0594,8.3008
CH,6005,47.0382,8.3134
CH,6006,47.0538,8.3345
CH,6007,47.0505,8.3064
CH,6014,47.0568,8.247
CH,6015,47.0631,8.2778
CH,6009,47.0208,8.2589
CH,6010,47.0199,8.2682
CH,6011,47.0311,8.2855
CH,6012,47.0269,8.2366
CH,6013,46.9926,8.2154
CH,6030,47.0799,8.3417
CH,6031,47.0794,8.3404
CH,6033,47.1007,8.3463
CH,6035,47.1115,8.3649
CH,6036,47.0942,8.3726
CH,6037,47.1113,8.3928
CH,6038,47.1275,8.3997
CH,6039,47.1031,8.3733
CH,6043,47.0723,8.3685
CH,6044,47.0928,8.3998
CH,6045,47.0449,8.3745
CH,6047,47.0074,8.3402
CH,6048,47.0108,8.3039
CH,6102,47.0378,8.1845
CH,6103,46.9983,8.1738
CH,6344,47.1151,8.4527
CH,6353,47.0313,8.4242
CH,6354,47.0162,8.4859
CH,6356,47.0366,8.4882
CH,6404,47.0563,8.4313
CH,6020,47.0771,8.2667
CH,6021,47.0866,8.2862
CH,6023,47.1046,8.2625
CH,6026,47.1319,8.2636
CH,6027,47.1697,8.2489
CH,6028,47.1979,8.2303
CH,6032,47.0901,8.3101
CH,6034,47.1287,8.3623
CH,6274,47.1282,8.3125
CH,6275,47.1544,8.3348
CH,6276,47.1784,8.3203
CH,6277,47.2122,8.3058
CH,6280,47.1666,8.2847
CH,6281,47.1684,8.2918
CH,6283,47.1848,8.2713
CH,6284,47.2228,8.2942
CH,6285,47.2226,8.2578
CH,6286,47.2406,8.2522
CH,6287,47.2583,8.2386
CH,6288,47.267,8.2715
CH,6289,47.2384,8.2979
CH,6294,47.2254,8.2344
CH,6295,47.2419,8.227
CH,5735,47.2459,8.165
CH,6016,47.0693,8.1974
CH,6017,47.0859,8.1338
CH,6018,47.1141,8.0923
CH,6019,47.0591,8.139
CH,6022,47.1335,8.0549
CH,6024,47.1475,8.2316
CH,6025,47.176,8.2102
CH,6203,47.1172,8.2006
CH,6204,47.1374,8.1982
CH,6205,47.1567,8.1654
CH,6206,47.0968,8.201
CH,6207,47.1303,8.141
CH,6208,47.1541,8.1078
CH,6210,47.1765,8.1046
CH,6212,47.1824,8.0575
CH,6213,47.2011,8.0703
CH,6214,47.1794,8.1333
CH,6215,47.2092,8.2032
CH,6216,47.1685,8.0723
CH,6221,47.2197,8.149
CH,6222,47.1917,8.1716
CH,6231,47.2274,8.1191
CH,6232,47.2018,8.1165
CH,6233,47.2136,8.0953
CH,6234,47.2374,8.0808
CH,6235,47.2335,8.0419
CH,6236,47.2206,8.0628
CH,4806,47.2664,7.9679
CH,4915,47.2236,7.8563
CH,6122,47.0775,8.0373
CH,6123,47.0912,8.062
CH,6125,47.0403,7.9916
CH,6126,47.0858,8.0124
CH,6130,47.1078,7.984
CH,6132,47.079,7.9838
CH,6133,47.0659,7.9528
CH,6142,47.1385,7.9666
CH,6143,47.1592,7.9544
CH,6144,47.1393,7.9317
CH,6145,47.1527,7.9069
CH,6146,47.1672,7.8939
CH,6147,47.1912,7.8901
CH,6152,47.1262,7.9066
CH,6153,47.1077,7.8933
CH,6154,47.0777,7.898
CH,6156,47.0559,7.9072
CH,6211,47.2017,8.0386
CH,6217,47.1632,8.0414
CH,6218,47.1488,8.0184
CH,6242,47.1837,8.0315
CH,6243,47.184,8.0036
CH,6244,47.1909,7.9792
CH,6245,47.1813,7.9377
CH,6246,47.2023,7.9599
CH,6247,47.1682,7.987
CH,6248,47.1472,7.9952
CH,6252,47.2159,7.9951
CH,6253,47.2157,8.0245
CH,6260,47.2691,7.9962
CH,6262,47.2298,7.9489
CH,6263,47.2105,7.932
CH,6264,47.2297,7.9009
CH,6265,47.2114,7.8859
CH,6105,47.0292,8.1289
CH,6106,47.0472,8.1044
CH,6110,47.0203,7.9771
CH,6112,47.0119,8.0508
CH,6113,47.007,8.0052
CH,6114,47.046,8.0446
CH,6160,46.9762,8.1079
CH,6162,46.9882,8.0746
CH,6163,47.0211,8.0831
CH,6166,46.9592,8.067
CH,6167,46.9851,7.9727
CH,6170,46.9462,8.0121
CH,6173,46.8826,8.0249
CH,6174,46.8161,8.0089
CH,6182,46.9238,7.9427
CH,6192,46.8779,7.944
CH,6196,46.8557,7.9091
CH,2012,46.9702,6.8926
CH,2013,46.9645,6.8726
CH,2014,46.9688,6.8372
CH,2015,46.9462,6.8898
CH,2016,46.9329,6.8617
CH,2017,46.9532,6.8133
CH,2019,46.9702,6.8137
CH,2022,46.9228,6.8195
CH,2023,46.9236,6.7675
CH,2024,46.8993,6.7648
CH,2025,46.8966,6.8092
CH,2027,46.9092,6.7345
CH,2028,46.8705,6.7727
CH,2034,46.9956,6.8894
CH,2035,46.9865,6.8602
CH,2036,46.9808,6.8692
CH,2037,46.9863,6.837
CH,2149,46.9605,6.7641
CH,2300,47.1135,6.8347
CH,2301,47.0999,6.8259
CH,2303,47.0999,6.8259
CH,2304,47.0999,6.8259
CH,2314,47.0474,6.8021
CH,2322,47.0805,6.7818
CH,2325,47.1082,6.7714
CH,2316,47.0132,6.7516
CH,2318,46.9831,6.7486
CH,2400,47.0352,6.7127
CH,2405,47.0058,6.6981
CH,2406,46.9784,6.6424
CH,2414,47.017,6.6702
CH,2416,47.0745,6.7242
CH,2000,46.9884,6.9413
CH,2001,47.0094,6.9381
CH,2002,47.0094,6.9381
CH,2010,47.0094,6.9381
CH,2067,47.0404,6.9636
CH,2068,47.0104,6.9757
CH,2072,47.0351,6.9969
CH,2073,47.0722,7.0136
CH,2074,47.0137,7.0165
CH,2075,47.0235,7.0202
CH,2087,47.0348,7.0204
CH,2088,47.0491,7.0367
CH,2523,47.0899,7.0475
CH,2525,47.0604,7.0651
CH,2042,47.0138,6.8995
CH,2043,47.0289,6.8837
CH,2046,47.0427,6.9018
CH,2052,47.0655,6.8685
CH,2053,47.0588,6.904
CH,2054,47.0638,6.9274
CH,2056,47.0699,6.9569
CH,2057,47.081,6.9846
CH,2058,47.1059,6.9821
CH,2063,47.0325,6.9308
CH,2065,47.0509,6.9568
CH,2206,47.0186,6.8341
CH,2207,47.0088,6.8663
CH,2208,47.0417,6.861
CH,2103,46.949,6.7247
CH,2105,46.9471,6.6757
CH,2108,46.9189,6.6543
CH,2112,46.9044,6.6176
CH,2113,46.9168,6.5996
CH,2114,46.8949,6.5893
CH,2115,46.8795,6.5432
CH,2116,46.888,6.5197
CH,2117,46.8634,6.4853
CH,2123,46.9088,6.56
CH,2124,46.9392,6.5957
CH,2126,46.9144,6.4748
CH,2127,46.9254,6.5382
CH,6052,46.9859,8.2813
CH,6362,46.974,8.3314
CH,6363,46.9963,8.3846
CH,6365,47.0046,8.3827
CH,6370,46.9588,8.3633
CH,6371,46.9581,8.3661
CH,6372,46.9448,8.3225
CH,6373,46.9945,8.4308
CH,6374,46.9672,8.4227
CH,6375,46.9502,8.4716
CH,6376,46.946,8.5203
CH,6382,46.9407,8.408
CH,6383,46.9193,8.4391
CH,6386,46.8996,8.3825
CH,6387,46.8787,8.4401
CH,6053,46.961,8.291
CH,6055,46.949,8.2264
CH,6056,46.917,8.2553
CH,6060,46.8985,8.1765
CH,6061,46.8985,8.1765
CH,6062,46.8705,8.207
CH,6063,46.8944,8.1489
CH,6064,46.9071,8.3028
CH,6066,46.8732,8.3026
CH,6067,46.8235,8.3012
CH,6068,46.7821,8.2988
CH,6072,46.8319,8.2424
CH,6073,46.874,8.2596
CH,6074,46.8375,8.122
CH,6078,46.7848,8.1673
CH,6388,46.8634,8.3692
CH,6390,46.8145,8.4412
CH,6391,46.8211,8.4013
CH,9000,47.424,9.3685
CH,9001,47.4221,9.3755
CH,9004,47.4221,9.3755
CH,9006,47.4221,9.3755
CH,9007,47.4221,9.3755
CH,9008,47.4413,9.3918
CH,9010,47.4419,9.3736
CH,9011,47.4154,9.4021
CH,9012,47.4096,9.3636
CH,9013,47.4221,9.3755
CH,9014,47.4081,9.3356
CH,9015,47.408,9.3072
CH,9016,47.4418,9.4154
CH,9020,47.4221,9.3755
CH,9021,47.4221,9.3755
CH,9023,47.4221,9.3755
CH,9024,47.4221,9.3755
CH,9026,47.4221,9.3755
CH,9027,47.4221,9.3755
CH,9028,47.4221,9.3755
CH,9029,47.4221,9.3755
CH,9030,47.426,9.3373
CH,9032,47.443,9.3415
CH,9034,47.4414,9.4623
CH,9036,47.4543,9.5098
CH,9200,47.4178,9.2492
CH,9201,47.421,9.2536
CH,9204,47.4372,9.279
CH,9205,47.463,9.2879
CH,9212,47.4425,9.2524
CH,9300,47.4661,9.3798
CH,9301,47.4611,9.386
CH,9304,47.4669,9.3409
CH,9308,47.4966,9.3455
CH,9312,47.4907,9.3353
CH,9313,47.5171,9.3179
CH,9033,47.4538,9.4543
CH,9305,47.4862,9.4122
CH,9323,47.5065,9.4497
CH,9327,47.4825,9.4538
CH,9400,47.4972,9.5037
CH,9401,47.478,9.4903
CH,9402,47.4675,9.426
CH,9403,47.4859,9.4782
CH,9404,47.4803,9.5104
CH,9422,47.492,9.5371
CH,9423,47.5158,9.5473
CH,9425,47.4732,9.5649
CH,9424,47.4688,9.585
CH,9430,47.4529,9.6276
CH,9434,47.4297,9.639
CH,9435,47.4126,9.6266
CH,9436,47.3935,9.612
CH,9437,47.3865,9.579
CH,9443,47.4007,9.6376
CH,9444,47.3823,9.6518
CH,9445,47.3942,9.5898
CH,9450,47.378,9.5487
CH,9451,47.3639,9.6059
CH,9452,47.3579,9.5278
CH,9453,47.3442,9.5209
CH,9462,47.3412,9.5842
CH,9463,47.3228,9.5411
CH,9464,47.2949,9.5335
CH,9465,47.2337,9.495
CH,9466,47.2623,9.5013
CH,9467,47.2505,9.4685
CH,9468,47.235,9.4431
CH,9469,47.2094,9.4875
CH,9470,47.1706,9.458
CH,9471,47.166,9.4627
CH,9472,47.165,9.3793
CH,9473,47.2117,9.4297
CH,9475,47.1292,9.4585
CH,9476,47.0986,9.5026
CH,9477,47.076,9.4861
CH,9478,47.0886,9.4318
CH,9479,47.0902,9.4756
CH,7310,46.9969,9.4731
CH,7312,46.9844,9.5075
CH,7313,46.9682,9.5101
CH,7314,46.9562,9.4916
CH,7315,46.9132,9.385
CH,7317,46.977,9.4672
CH,7320,47.0556,9.4489
CH,7323,47.0061,9.4138
CH,7324,47.0198,9.4573
CH,7325,46.9966,9.3682
CH,7326,46.9719,9.3047
CH,8877,47.0696,9.1964
CH,8878,47.1329,9.221
CH,8879,47.0008,9.3374
CH,8880,47.1224,9.3107
CH,8881,47.1406,9.2785
CH,8882,47.1161,9.2484
CH,8883,47.1029,9.2344
CH,8884,47.0863,9.2458
CH,8885,47.1123,9.2824
CH,8886,47.0371,9.3462
CH,8887,47.0327,9.4166
CH,8888,47.0684,9.4085
CH,8889,47.0618,9.3833
CH,8890,47.0935,9.3416
CH,8892,47.1136,9.3721
CH,8893,47.0837,9.3781
CH,8894,47.0597,9.3302
CH,8895,47.0712,9.3208
CH,8896,47.0925,9.309
CH,8897,47.046,9.266
CH,8898,47.0805,9.2683
CH,8638,47.2847,8.9739
CH,8640,47.225,8.8188
CH,8645,47.232,8.84
CH,8646,47.2321,8.8862
CH,8715,47.2199,8.8909
CH,8716,47.2245,8.9419
CH,8717,47.1924,8.9958
CH,8718,47.1604,9.0585
CH,8722,47.2096,9.0494
CH,8723,47.1835,9.079
CH,8725,47.2414,8.9985
CH,8726,47.2594,9.0491
CH,8727,47.2743,9.0227
CH,8730,47.2256,8.9811
CH,8732,47.2418,8.9447
CH,8733,47.245,8.922
CH,8734,47.247,8.8897
CH,8735,47.246,8.9713
CH,8737,47.2315,9.0203
CH,8738,47.2412,9.046
CH,8739,47.2258,9.0772
CH,8740,47.2265,8.9813
CH,8866,47.136,9.0625
CH,8872,47.1372,9.1115
CH,8873,47.1599,9.1679
CH,9114,47.3559,9.1726
CH,9115,47.3366,9.1932
CH,9122,47.3604,9.1372
CH,9123,47.3793,9.1493
CH,9125,47.324,9.1417
CH,9126,47.3462,9.1279
CH,9127,47.3212,9.1793
CH,9500,47.4622,9.0517
CH,9533,47.4253,9.0118
CH,9534,47.3939,8.9982
CH,9601,47.3814,9.0669
CH,9602,47.3883,9.0406
CH,9604,47.3954,9.106
CH,9606,47.3563,9.0691
CH,9607,47.3592,9.0387
CH,9608,47.3743,9.0965
CH,9612,47.3552,9.0047
CH,9613,47.3672,8.9784
CH,9614,47.3228,9.0173
CH,9615,47.3365,9.0677
CH,9620,47.3187,9.0877
CH,9621,47.3483,9.1066
CH,9622,47.3178,9.0521
CH,9630,47.2939,9.0881
CH,9631,47.2851,9.1173
CH,9633,47.2892,9.1756
CH,9642,47.245,9.1299
CH,9643,47.258,9.1869
CH,9650,47.2123,9.1831
CH,9651,47.2455,9.2592
CH,9652,47.242,9.1901
CH,9655,47.2017,9.2298
CH,9656,47.1773,9.2647
CH,9657,47.1964,9.3065
CH,9658,47.2165,9.3527
CH,9113,47.3734,9.1981
CH,9116,47.3957,9.1692
CH,9203,47.4323,9.2016
CH,9230,47.4053,9.1977
CH,9231,47.3943,9.2222
CH,9240,47.4358,9.1356
CH,9242,47.4292,9.1217
CH,9243,47.423,9.0951
CH,9244,47.4463,9.1427
CH,9245,47.4584,9.1348
CH,9246,47.4625,9.2147
CH,9247,47.4557,9.114
CH,9248,47.4157,9.1376
CH,9249,47.4464,9.0914
CH,9501,47.4757,9.0518
CH,9512,47.4817,9.0721
CH,9523,47.4652,9.0888
CH,9524,47.475,9.1112
CH,9525,47.4713,9.1422
CH,9526,47.4868,9.1641
CH,9527,47.4786,9.1855
CH,9532,47.4457,9.0487
CH,9536,47.4406,9.0728
CH,9552,47.481,9.0301
CH,8213,47.682,8.5118
CH,8214,47.7111,8.4965
CH,8224,47.7035,8.5465
CH,8234,47.7384,8.6582
CH,8235,47.7558,8.6704
CH,8236,47.7725,8.6592
CH,8239,47.7101,8.717
CH,8240,47.7431,8.7062
CH,8241,47.7601,8.7176
CH,8242,47.7806,8.677
CH,8243,47.7875,8.6568
CH,8200,47.7148,8.625
CH,8201,47.6973,8.6349
CH,8203,47.6992,8.6634
CH,8207,47.7228,8.673
CH,8208,47.7122,8.6354
CH,8212,47.6792,8.5994
CH,8222,47.7044,8.5769
CH,8223,47.6814,8.5572
CH,8231,47.7377,8.578
CH,8232,47.7629,8.5998
CH,8233,47.7934,8.5919
CH,8454,47.571,8.5526
CH,8455,47.5871,8.5669
CH,8225,47.7234,8.5225
CH,8226,47.7485,8.4948
CH,8228,47.7652,8.5444
CH,8260,47.6666,8.8578
CH,8261,47.6883,8.841
CH,8262,47.7048,8.8147
CH,8263,47.7158,8.7846
CH,8215,47.7005,8.4432
CH,8216,47.7139,8.4734
CH,8217,47.665,8.4713
CH,8218,47.658,8.4971
CH,8219,47.67,8.4259
CH,4622,47.3258,7.7964
CH,4623,47.2971,7.8008
CH,4624,47.3046,7.8214
CH,4625,47.3122,7.7598
CH,4626,47.2887,7.7782
CH,4628,47.2701,7.7982
CH,4702,47.2879,7.7228
CH,4703,47.2763,7.7533
CH,4710,47.3143,7.7003
CH,4712,47.3128,7.6569
CH,4713,47.302,7.6282
CH,4714,47.306,7.6
CH,4715,47.2919,7.5735
CH,4716,47.2622,7.4669
CH,4717,47.3456,7.6844
CH,4718,47.3327,7.7513
CH,4719,47.3463,7.6337
CH,3253,47.1088,7.3912
CH,3254,47.1045,7.4347
CH,3307,47.0853,7.4664
CH,4571,47.1598,7.4939
CH,4574,47.1829,7.4889
CH,4576,47.1484,7.4818
CH,4577,47.139,7.4597
CH,4578,47.1479,7.454
CH,4579,47.1367,7.4345
CH,4581,47.1516,7.513
CH,4582,47.1439,7.4955
CH,4583,47.1331,7.4755
CH,4584,47.1273,7.4453
CH,4585,47.1118,7.4191
CH,4586,47.1423,7.5137
CH,4587,47.1295,7.5009
CH,4588,47.1189,7.4808
CH,4108,47.4873,7.5261
CH,4112,47.483,7.4984
CH,4114,47.4703,7.51
CH,4115,47.4759,7.4844
CH,4116,47.4637,7.4682
CH,4118,47.4846,7.4463
CH,4143,47.4766,7.6243
CH,4145,47.4784,7.6591
CH,4146,47.4545,7.6396
CH,4206,47.4263,7.6475
CH,4412,47.4721,7.6887
CH,4413,47.4478,7.6733
CH,4421,47.459,7.689
CH,4468,47.4403,7.9672
CH,4632,47.3687,7.8889
CH,4633,47.3713,7.8558
CH,4634,47.3938,7.8936
CH,4652,47.3682,7.9288
CH,4653,47.3642,7.9541
CH,4654,47.3872,7.9349
CH,4655,47.3948,7.9699
CH,5013,47.3736,7.984
CH,5015,47.3983,7.9959
CH,4528,47.2047,7.5634
CH,4542,47.2175,7.5881
CH,4543,47.2177,7.6223
CH,4552,47.192,7.5897
CH,4553,47.2001,7.6237
CH,4554,47.1834,7.6357
CH,4556,47.1931,7.6619
CH,4557,47.1803,7.6256
CH,4558,47.1578,7.6466
CH,4562,47.1827,7.5498
CH,4563,47.1706,7.5725
CH,4565,47.1598,7.6015
CH,4566,47.1749,7.595
CH,4573,47.1724,7.5278
CH,2540,47.1972,7.3876
CH,2544,47.2085,7.4189
CH,2545,47.2175,7.4481
CH,4512,47.211,7.4947
CH,4513,47.2216,7.5153
CH,4514,47.2284,7.4679
CH,4515,47.2324,7.4984
CH,4522,47.2408,7.5317
CH,4523,47.247,7.569
CH,4524,47.2649,7.5385
CH,4525,47.2582,7.5432
CH,4532,47.2249,7.5521
CH,4533,47.2319,7.5701
CH,4534,47.2351,7.6007
CH,4535,47.2567,7.5923
CH,4600,47.3458,7.9009
CH,4601,47.3448,7.9001
CH,4605,47.35,7.9033
CH,4609,47.3448,7.9001
CH,4612,47.3421,7.8717
CH,4613,47.3426,7.8552
CH,4614,47.3446,7.8264
CH,4615,47.3523,7.8149
CH,4616,47.321,7.8573
CH,4617,47.3121,7.8355
CH,4618,47.3036,7.8543
CH,4629,47.2808,7.8327
CH,4656,47.3419,7.927
CH,4657,47.3473,7.9454
CH,4658,47.3488,7.9777
CH,5012,47.3844,8.0251
CH,5014,47.3541,7.9996
CH,5746,47.3305,7.9632
CH,4500,47.2062,7.5295
CH,4501,47.2084,7.5301
CH,4502,47.2079,7.5371
CH,4503,47.2079,7.5371
CH,4509,47.2079,7.5371
CH,4204,47.423,7.5939
CH,4208,47.3977,7.6166
CH,4226,47.4061,7.5512
CH,4227,47.3897,7.5447
CH,4228,47.3716,7.5445
CH,4229,47.3578,7.5951
CH,4232,47.4027,7.5786
CH,4233,47.3795,7.5884
CH,4234,47.388,7.6036
CH,4245,47.4266,7.4179
CH,4247,47.3797,7.5073
CH,4252,47.3851,7.4659
CH,8836,47.1506,8.7145
CH,8840,47.1033,8.7274
CH,8841,47.0969,8.7628
CH,8844,47.0903,8.8293
CH,8846,47.1299,8.8105
CH,8847,47.161,8.7773
CH,6410,47.0257,8.5187
CH,6442,46.9977,8.5198
CH,8806,47.2043,8.7308
CH,8807,47.207,8.7571
CH,8808,47.1976,8.7832
CH,8832,47.1907,8.7051
CH,8834,47.1736,8.711
CH,8835,47.1812,8.7516
CH,6402,47.0704,8.4065
CH,6403,47.0789,8.4457
CH,6405,47.094,8.4748
CH,8852,47.1765,8.8278
CH,8853,47.197,8.8542
CH,8854,47.1673,8.8678
CH,8855,47.1988,8.8911
CH,8856,47.2014,8.9385
CH,8857,47.1263,8.8893
CH,8858,47.0756,8.9172
CH,8862,47.1746,8.9271
CH,8863,47.1674,8.9471
CH,8864,47.161,8.9733
CH,6414,47.0543,8.5335
CH,6415,47.0749,8.5245
CH,6416,47.0674,8.5808
CH,6417,47.08,8.6312
CH,6418,47.1019,8.6804
CH,6422,47.0517,8.6095
CH,6423,47.0328,8.6281
CH,6424,47.0248,8.5805
CH,6430,47.0346,8.6667
CH,6431,47.0208,8.6541
CH,6432,47.011,8.6928
CH,6433,46.97,8.6717
CH,6434,46.9965,8.7399
CH,6436,46.9296,8.8692
CH,6438,47.0025,8.6469
CH,6440,47.0009,8.5956
CH,6443,46.9748,8.621
CH,6452,46.938,8.6855
CH,8842,47.0415,8.8079
CH,8843,47.0308,8.7617
CH,8845,47.0436,8.8589
CH,8849,47.0578,8.7145
CH,8580,47.5292,9.3065
CH,8581,47.5361,9.2644
CH,8582,47.5761,9.3191
CH,8587,47.5597,9.2726
CH,8590,47.5805,9.3897
CH,8592,47.5994,9.3554
CH,8593,47.6029,9.3264
CH,8599,47.5544,9.3736
CH,9306,47.4854,9.3858
CH,9314,47.5338,9.3438
CH,9315,47.5097,9.3577
CH,9320,47.5331,9.4531
CH,9322,47.5529,9.4079
CH,9325,47.5057,9.3928
CH,9326,47.5159,9.4839
CH,8252,47.6672,8.6989
CH,8253,47.6812,8.746
CH,8254,47.6607,8.7403
CH,8255,47.6605,8.7691
CH,8259,47.6629,8.8381
CH,8264,47.6365,8.8756
CH,8265,47.6467,8.9214
CH,8266,47.6604,8.9866
CH,8267,47.6733,9.0259
CH,8500,47.5353,8.8801
CH,8501,47.5578,8.8989
CH,8502,47.558,8.8964
CH,8503,47.558,8.8964
CH,8505,47.599,8.9519
CH,8506,47.6239,8.9336
CH,8507,47.6416,8.9714
CH,8508,47.6292,8.9995
CH,8509,47.5578,8.8989
CH,8510,47.558,8.8964
CH,8512,47.5472,8.9642
CH,8524,47.5973,8.8378
CH,8525,47.5944,8.7781
CH,8526,47.6083,8.7627
CH,8532,47.5905,8.8983
CH,8535,47.6105,8.9102
CH,8536,47.6109,8.8696
CH,8537,47.624,8.8299
CH,8546,47.5509,8.8449
CH,8547,47.5381,8.8552
CH,8552,47.577,8.94
CH,8553,47.5683,9.0013
CH,8555,47.6028,9.0037
CH,9507,47.525,8.9585
CH,9548,47.5253,8.9285
CH,8268,47.6627,9.051
CH,8269,47.654,9.0647
CH,8272,47.6604,9.0861
CH,8273,47.6599,9.1078
CH,8274,47.6481,9.1318
CH,8280,47.6398,9.1727
CH,8285,47.6398,9.1727
CH,8558,47.6367,9.047
CH,8564,47.6221,9.0814
CH,8565,47.5953,9.1175
CH,8566,47.5972,9.143
CH,8573,47.6108,9.1536
CH,8574,47.6031,9.2098
CH,8585,47.5973,9.2421
CH,8594,47.6118,9.3003
CH,8595,47.6196,9.272
CH,8596,47.6457,9.2374
CH,8597,47.6373,9.258
CH,8598,47.6403,9.2129
CH,8355,47.492,8.9075
CH,8356,47.4743,8.8967
CH,8357,47.4717,8.9207
CH,8360,47.4638,8.9671
CH,8362,47.454,8.9368
CH,8363,47.4462,8.9178
CH,8370,47.4624,8.9983
CH,8371,47.4533,9.0172
CH,8372,47.4466,8.9872
CH,8374,47.4294,8.9813
CH,8376,47.3944,8.9512
CH,8522,47.5118,8.9022
CH,9502,47.5044,9.0689
CH,9506,47.5148,8.9976
CH,9508,47.5253,8.9872
CH,9535,47.4471,9.0321
CH,9542,47.4794,8.991
CH,9543,47.4906,9.0028
CH,9545,47.4988,8.9618
CH,9546,47.4808,8.9482
CH,9547,47.5033,8.9227
CH,9553,47.4977,9.0187
CH,9554,47.5062,9.0279
CH,9555,47.5167,9.0442
CH,9573,47.4414,9.0079
CH,8514,47.5588,9.0353
CH,8554,47.5827,9.0355
CH,8556,47.6107,9.0372
CH,8560,47.5913,9.068
CH,8561,47.59,9.09
CH,8570,47.5698,9.1122
CH,8572,47.5831,9.1672
CH,8575,47.5505,9.1536
CH,8576,47.5658,9.1541
CH,8577,47.5151,9.1331
CH,8583,47.5543,9.1976
CH,8584,47.5618,9.1735
CH,8586,47.5716,9.2353
CH,8588,47.521,9.2614
CH,8589,47.5071,9.2488
CH,9213,47.4823,9.2558
CH,9214,47.5265,9.1984
CH,9215,47.5185,9.1969
CH,9216,47.5088,9.2224
CH,9217,47.5097,9.1729
CH,9220,47.497,9.2568
CH,9223,47.4999,9.1954
CH,9225,47.4894,9.3048
CH,9503,47.5233,9.09
CH,9504,47.5353,9.0894
CH,9514,47.4972,9.1058
CH,9515,47.4916,9.1372
CH,9517,47.5341,9.1195
CH,9556,47.5347,9.0174
CH,9562,47.537,9.0554
CH,9565,47.5448,9.0549
CH,6500,46.1999,9.0225
CH,6501,46.1928,9.017
CH,6503,46.2109,9.0017
CH,6512,46.1733,9.0046
CH,6513,46.2048,8.9744
CH,6514,46.1901,8.9702
CH,6515,46.1818,8.9452
CH,6517,46.1987,9.086
CH,6518,46.2253,8.9954
CH,6523,46.2489,8.9667
CH,6524,46.2662,8.9684
CH,6525,46.2382,9.0038
CH,6528,46.1577,9.0119
CH,6532,46.23,9.0433
CH,6533,46.2384,9.0681
CH,6582,46.1611,9.0487
CH,6583,46.1683,9.0699
CH,6584,46.1556,9.1077
CH,6592,46.1554,8.973
CH,6593,46.1507,8.9495
CH,6599,46.1384,8.9497
CH,6702,46.2659,9.0372
CH,6809,46.1285,8.9892
CH,6810,46.1335,9.0144
CH,6713,46.4349,9.0386
CH,6714,46.4019,8.954
CH,6715,46.4525,8.9717
CH,6716,46.4569,8.9378
CH,6717,46.4831,8.9738
CH,6718,46.5169,8.9089
CH,6719,46.5406,8.9881
CH,6720,46.5906,8.9439
CH,6721,46.4208,8.9482
CH,6722,46.4364,8.9256
CH,6723,46.4786,8.9171
CH,6724,46.4928,8.9383
CH,6742,46.3709,8.9456
CH,6743,46.386,8.9205
CH,6744,46.3463,8.894
CH,6745,46.3892,8.8624
CH,6746,46.4536,8.8462
CH,6747,46.4233,8.7932
CH,6748,46.4412,8.8679
CH,6749,46.403,8.9069
CH,6760,46.4985,8.8148
CH,6763,46.5032,8.7969
CH,6764,46.4613,8.824
CH,6772,46.481,8.7221
CH,6773,46.4714,8.7458
CH,6774,46.4572,8.7621
CH,6775,46.4956,8.6951
CH,6776,46.5375,8.7113
CH,6777,46.5154,8.7303
CH,6780,46.5272,8.6306
CH,6781,46.5221,8.5168
CH,6516,46.1955,8.9135
CH,6571,46.0954,8.8421
CH,6572,46.1521,8.8971
CH,6573,46.144,8.8713
CH,6574,46.1307,8.8563
CH,6575,46.1206,8.8157
CH,6576,46.122,8.7889
CH,6577,46.1152,8.7762
CH,6578,46.1061,8.7703
CH,6579,46.1303,8.831
CH,6594,46.1522,8.9232
CH,6595,46.1696,8.8953
CH,6596,46.175,8.8649
CH,6597,46.1799,8.908
CH,6598,46.1713,8.8461
CH,6600,46.1608,8.803
CH,6601,46.1709,8.7995
CH,6602,46.1732,8.8022
CH,6604,46.1709,8.7995
CH,6605,46.1847,8.7788
CH,6611,46.1963,8.6028
CH,6612,46.1477,8.772
CH,6613,46.1353,8.736
CH,6614,46.1237,8.6936
CH,6616,46.1692,8.742
CH,6618,46.1605,8.7403
CH,6622,46.1478,8.7196
CH,6631,46.2357,8.8239
CH,6632,46.2246,8.8845
CH,6633,46.2753,8.8632
CH,6634,46.3017,8.7577
CH,6635,46.3175,8.8065
CH,6636,46.3542,8.8188
CH,6637,46.3648,8.7574
CH,6644,46.183,8.7953
CH,6645,46.1944,8.8107
CH,6646,46.1922,8.8385
CH,6647,46.2143,8.8265
CH,6648,46.1733,8.8244
CH,6652,46.1908,8.7458
CH,6653,46.1931,8.728
CH,6654,46.1905,8.7089
CH,6655,46.1691,8.6867
CH,6656,46.1785,8.7132
CH,6657,46.1422,8.6463
CH,6658,46.1704,8.6008
CH,6659,46.138,8.6183
CH,6661,46.2082,8.6566
CH,6662,46.2164,8.6265
CH,6663,46.2056,8.5797
CH,6664,46.241,8.5425
CH,6802,46.1239,8.9045
CH,6803,46.105,8.9506
CH,6804,46.1259,8.9332
CH,6805,46.096,8.9082
CH,6806,46.0852,8.9
CH,6807,46.063,8.9306
CH,6808,46.07,8.9064
CH,6814,46.0339,8.9338
CH,6815,45.9564,8.9488
CH,6816,45.951,8.9655
CH,6817,45.9365,8.9711
CH,6818,45.9209,8.9911
CH,6821,45.9356,9.0003
CH,6822,45.9571,8.9929
CH,6823,45.9902,8.9987
CH,6825,45.9043,8.9845
CH,6827,45.9254,8.9376
CH,6867,45.9163,8.9419
CH,6900,45.9891,8.955
CH,6901,46.0101,8.96
CH,6902,45.988,8.9483
CH,6903,46.0101,8.96
CH,6904,46.0055,8.9714
CH,6906,46.0055,8.9714
CH,6907,46.0055,8.9714
CH,6908,46.0126,8.9437
CH,6912,45.981,8.9473
CH,6913,45.9704,8.9344
CH,6914,45.9567,8.9322
CH,6915,45.9855,8.9307
CH,6916,45.9684,8.9276
CH,6917,45.9604,8.916
CH,6918,45.9557,8.9077
CH,6919,45.9687,8.8996
CH,6921,45.9347,8.9252
CH,6922,45.9324,8.9082
CH,6924,45.9998,8.9355
CH,6925,45.9917,8.9261
CH,6926,45.9794,8.9143
CH,6927,45.9682,8.9116
CH,6928,46.0308,8.9194
CH,6929,46.0421,8.9187
CH,6930,46.0531,8.9181
CH,6932,46.009,8.9274
CH,6933,45.9971,8.917
CH,6934,46.0151,8.9127
CH,6935,46.0301,8.9055
CH,6936,46.0226,8.8918
CH,6937,46.0436,8.8587
CH,6938,46.0496,8.8711
CH,6939,46.0542,8.8764
CH,6942,46.0193,8.9447
CH,6943,46.0248,8.935
CH,6944,46.0375,8.9441
CH,6945,46.0514,8.9448
CH,6946,46.106,9.0219
CH,6947,46.0557,8.96
CH,6948,46.027,8.9532
CH,6949,46.04,8.9567
CH,6950,46.0699,8.9682
CH,6951,46.0972,9.0619
CH,6952,46.0365,8.9676
CH,6953,46.0562,8.9707
CH,6954,46.0801,8.9488
CH,6955,46.0715,8.9871
CH,6956,46.0699,8.978
CH,6957,46.0746,8.9827
CH,6958,46.0892,9.0062
CH,6959,46.0821,9.0217
CH,6960,46.1026,8.9923
CH,6962,46.0129,8.9706
CH,6963,46.0198,8.9858
CH,6964,46.0325,8.9862
CH,6965,46.0423,8.9945
CH,6966,46.0521,9.0053
CH,6967,46.054,8.9802
CH,6968,46.0651,9.0144
CH,6974,46.0094,8.9798
CH,6976,45.9991,8.9815
CH,6977,46.0053,8.98
CH,6978,46.0093,9.0099
CH,6979,46.0174,8.9989
CH,6980,45.9954,8.839
CH,6981,46.0162,8.8328
CH,6982,46.0005,8.9028
CH,6983,45.982,8.8914
CH,6984,45.9833,8.8652
CH,6986,46.0008,8.8622
CH,6987,45.9681,8.8804
CH,6988,45.9707,8.8593
CH,6989,45.9814,8.8493
CH,6990,45.9914,8.8933
CH,6991,45.9895,8.8779
CH,6992,45.9958,8.8803
CH,6993,46.0053,8.8786
CH,6994,46.0185,8.874
CH,6995,45.9924,8.8194
CH,6997,46.0032,8.8156
CH,6998,45.982,8.8514
CH,6999,46.0153,8.8163
CH,6826,45.9129,8.9645
CH,6828,45.8432,9.0077
CH,6830,45.8288,9.0166
CH,6832,45.8251,9.0158
CH,6833,45.847,9.0364
CH,6834,45.8497,9.0215
CH,6835,45.867,9.0397
CH,6836,45.8497,9.0216
CH,6837,45.8764,9.0479
CH,6838,45.9009,9.0604
CH,6839,45.8612,9.0446
CH,6850,45.8862,8.9929
CH,6852,45.8501,8.9573
CH,6853,45.8631,8.9546
CH,6854,45.8579,8.9354
CH,6855,45.8456,8.9324
CH,6862,45.8755,8.9705
CH,6863,45.8714,8.9539
CH,6864,45.88,8.9399
CH,6865,45.8808,8.959
CH,6866,45.8992,8.9429
CH,6872,45.8873,9.003
CH,6873,45.8621,8.9934
CH,6874,45.8654,9.0085
CH,6875,45.893,9.0354
CH,6877,45.854,8.986
CH,6883,45.8428,8.9785
CH,6526,46.281,8.9411
CH,6527,46.305,8.9686
CH,6703,46.3262,9.0212
CH,6705,46.3027,9.0324
CH,6707,46.3248,8.9395
CH,6710,46.3597,8.9697
CH,6670,46.2037,8.7645
CH,6672,46.2325,8.7665
CH,6673,46.2661,8.7331
CH,6674,46.288,8.641
CH,6675,46.3042,8.5955
CH,6676,46.3422,8.594
CH,6677,46.2391,8.6869
CH,6678,46.2958,8.6819
CH,6682,46.3122,8.5768
CH,6683,46.2763,8.542
CH,6684,46.2842,8.5061
CH,6685,46.3203,8.484
CH,6690,46.4277,8.5021
CH,6692,46.3554,8.6557
CH,6693,46.3715,8.6747
CH,6694,46.3976,8.6942
CH,6695,46.4294,8.5874
CH,6696,46.4576,8.6418
CH,6377,46.9634,8.5748
CH,6441,46.9696,8.5983
CH,6454,46.9143,8.6391
CH,6460,46.8883,8.6409
CH,6461,46.8866,8.5253
CH,6462,46.8825,8.5882
CH,6463,46.8854,8.6897
CH,6464,46.876,8.7352
CH,6465,46.8476,8.7868
CH,6466,46.9299,8.5819
CH,6467,46.8565,8.6521
CH,6468,46.8535,8.5985
CH,6469,46.8451,8.6862
CH,6472,46.8124,8.6023
CH,6473,46.8042,8.6915
CH,6474,46.7793,8.6544
CH,6475,46.7724,8.7632
CH,6476,46.7712,8.6323
CH,6482,46.7352,8.6205
CH,6484,46.6974,8.597
CH,6485,46.7338,8.5119
CH,6487,46.6639,8.4988
CH,6490,46.6205,8.6314
CH,6491,46.5803,8.4701
CH,6493,46.6066,8.5617
CH,8751,46.8796,8.9019
CH,1844,46.4062,6.9685
CH,1845,46.3939,6.883
CH,1846,46.3534,6.8958
CH,1847,46.3758,6.9184
CH,1852,46.3598,6.9252
CH,1853,46.339,6.9458
CH,1854,46.3525,7.0111
CH,1856,46.3736,6.9855
CH,1860,46.3147,6.9716
CH,1862,46.3769,7.0778
CH,1863,46.3731,7.0478
CH,1864,46.3589,7.1178
CH,1865,46.3439,7.1757
CH,1866,46.3425,7.0799
CH,1867,46.2875,7.0022
CH,1880,46.2427,7.065
CH,1882,46.2868,7.1252
CH,1884,46.2955,7.0191
CH,1885,46.3047,7.0418
CH,1892,46.2056,7.048
CH,1082,46.6013,6.7308
CH,1085,46.6227,6.7936
CH,1088,46.6109,6.7537
CH,1509,46.6269,6.7759
CH,1510,46.672,6.7921
CH,1512,46.6597,6.8188
CH,1513,46.6374,6.7546
CH,1514,46.6904,6.8096
CH,1515,46.7135,6.8018
CH,1521,46.7005,6.8506
CH,1522,46.7093,6.8375
CH,1523,46.7672,6.887
CH,1524,46.7611,6.9046
CH,1525,46.7283,6.8779
CH,1526,46.7235,6.8406
CH,1530,46.825,6.9299
CH,1535,46.765,6.8225
CH,1536,46.7461,6.8037
CH,1537,46.759,6.7863
CH,1538,46.7748,6.8024
CH,1543,46.8724,6.9324
CH,1545,46.902,6.8992
CH,1551,46.798,6.9479
CH,1552,46.7749,6.9232
CH,1554,46.7331,6.9227
CH,1555,46.7438,6.9091
CH,1562,46.8425,6.9661
CH,1580,46.855,7.0409
CH,1584,46.9054,6.9986
CH,1585,46.9232,7.0273
CH,1586,46.9303,7.0426
CH,1587,46.9265,7.006
CH,1588,46.9597,7.0127
CH,1589,46.942,6.9647
CH,1682,46.6979,6.8828
CH,1683,46.6747,6.8366
CH,1031,46.5771,6.559
CH,1034,46.6033,6.586
CH,1035,46.6089,6.564
CH,1036,46.5912,6.5674
CH,1037,46.6014,6.6085
CH,1038,46.6916,6.7063
CH,1040,46.6384,6.6353
CH,1041,46.6235,6.6887
CH,1042,46.6178,6.6273
CH,1043,46.6544,6.6729
CH,1044,46.6729,6.6801
CH,1045,46.7093,6.7236
CH,1046,46.6975,6.6939
CH,1047,46.7153,6.695
CH,1053,46.601,6.6443
CH,1054,46.5923,6.6271
CH,1055,46.5982,6.6917
CH,1058,46.6199,6.7109
CH,1059,46.6301,6.729
CH,1061,46.6453,6.7268
CH,1062,46.6536,6.7399
CH,1063,46.6789,6.7183
CH,1302,46.5754,6.5373
CH,1303,46.5988,6.5414
CH,1305,46.6128,6.5291
CH,1306,46.6286,6.5497
CH,1307,46.6328,6.5255
CH,1375,46.6828,6.6065
CH,1376,46.6491,6.592
CH,1377,46.6467,6.573
CH,1409,46.7276,6.7445
CH,1416,46.6997,6.6735
CH,1417,46.7142,6.6445
CH,1418,46.6858,6.6459
CH,1148,46.6698,6.4243
CH,1321,46.69,6.5168
CH,1322,46.6859,6.4859
CH,1323,46.6869,6.4618
CH,1324,46.7092,6.4419
CH,1325,46.6848,6.3832
CH,1326,46.6828,6.4301
CH,1329,46.7159,6.4704
CH,1337,46.7078,6.3714
CH,1338,46.7349,6.4104
CH,1341,46.6015,6.2394
CH,1342,46.6681,6.3377
CH,1343,46.6785,6.3026
CH,1344,46.6405,6.324
CH,1345,46.6487,6.2605
CH,1346,46.615,6.2908
CH,1347,46.6106,6.2143
CH,1348,46.5685,6.1906
CH,1350,46.727,6.5431
CH,1352,46.7182,6.5077
CH,1353,46.7036,6.4953
CH,1354,46.734,6.5108
CH,1355,46.7547,6.4832
CH,1356,46.7297,6.4624
CH,1357,46.7498,6.4488
CH,1358,46.7482,6.5354
CH,1372,46.6793,6.566
CH,1373,46.705,6.5684
CH,1374,46.7027,6.6046
CH,1400,46.7743,6.6371
CH,1401,46.7785,6.6411
CH,1404,46.7832,6.6991
CH,1405,46.7583,6.6692
CH,1406,46.7568,6.7029
CH,1407,46.7531,6.7308
CH,1408,46.7365,6.733
CH,1412,46.7453,6.6533
CH,1413,46.7263,6.683
CH,1415,46.7479,6.7578
CH,1420,46.8272,6.6266
CH,1421,46.8419,6.6055
CH,1422,46.8122,6.6529
CH,1423,46.8506,6.6422
CH,1424,46.8358,6.6516
CH,1425,46.8429,6.6899
CH,1426,46.8558,6.737
CH,1427,46.8376,6.6746
CH,1428,46.8817,6.7247
CH,1429,46.8145,6.6098
CH,1430,46.8122,6.5831
CH,1431,46.8319,6.5925
CH,1432,46.7379,6.6255
CH,1433,46.7213,6.6051
CH,1434,46.7448,6.6027
CH,1435,46.7288,6.5789
CH,1436,46.7695,6.6067
CH,1437,46.7621,6.5868
CH,1438,46.7596,6.565
CH,1439,46.7659,6.5076
CH,1440,46.7904,6.6098
CH,1441,46.8005,6.6037
CH,1442,46.7904,6.6098
CH,1443,46.7938,6.5845
CH,1445,46.8047,6.5542
CH,1446,46.7864,6.5048
CH,1450,46.8168,6.5359
CH,1452,46.8382,6.5353
CH,1453,46.8491,6.5608
CH,1454,46.8434,6.481
CH,1462,46.7989,6.7367
CH,1463,46.7889,6.7667
CH,1464,46.7659,6.7706
CH,1000,46.5218,6.633
CH,1001,46.516,6.6328
CH,1002,46.516,6.6328
CH,1003,46.52,6.6305
CH,1004,46.5289,6.6178
CH,1005,46.5217,6.6432
CH,1006,46.4912,6.6349
CH,1007,46.488,6.607
CH,1008,46.5519,6.596
CH,1010,46.5377,6.6553
CH,1011,46.5256,6.6433
CH,1012,46.5271,6.6566
CH,1014,46.5218,6.633
CH,1015,46.5192,6.5762
CH,1018,46.5381,6.6279
CH,1019,46.5218,6.633
CH,1032,46.5659,6.6091
CH,1033,46.5822,6.5958
CH,1039,46.5845,6.5955
CH,1052,46.5616,6.6445
CH,1066,46.5507,6.6685
CH,1009,46.4884,6.6557
CH,1068,46.5346,6.6852
CH,1070,46.4945,6.7779
CH,1071,46.4835,6.784
CH,1072,46.5381,6.7631
CH,1073,46.5447,6.723
CH,1076,46.589,6.7891
CH,1077,46.5737,6.7801
CH,1078,46.5645,6.789
CH,1080,46.5728,6.7558
CH,1081,46.5813,6.7305
CH,1083,46.5871,6.7656
CH,1084,46.6027,6.7728
CH,1090,46.5215,6.7054
CH,1091,46.4954,6.7307
CH,1092,46.5265,6.6876
CH,1093,46.5141,6.6858
CH,1094,46.4828,6.6715
CH,1095,46.4875,6.6881
CH,1096,46.4699,6.7261
CH,1097,46.5008,6.7406
CH,1098,46.4966,6.7497
CH,1607,46.5536,6.8358
CH,1610,46.5619,6.8054
CH,1612,46.5494,6.8578
CH,1613,46.5585,6.879
CH,1026,46.5234,6.539
CH,1027,46.5299,6.517
CH,1028,46.4941,6.5291
CH,1110,46.495,6.5055
CH,1112,46.5303,6.4968
CH,1113,46.5462,6.4917
CH,1114,46.5552,6.4678
CH,1115,46.5734,6.4808
CH,1116,46.5743,6.4533
CH,1117,46.5936,6.4609
CH,1121,46.5483,6.5194
CH,1122,46.5566,6.5106
CH,1123,46.5683,6.5109
CH,1124,46.586,6.512
CH,1125,46.533,6.4798
CH,1126,46.5385,6.4639
CH,1127,46.5486,6.4496
CH,1128,46.5417,6.44
CH,1131,46.4849,6.4921
CH,1132,46.5063,6.4644
CH,1134,46.5258,6.4667
CH,1135,46.5174,6.4526
CH,1136,46.5309,6.441
CH,1141,46.5707,6.4421
CH,1142,46.5862,6.422
CH,1143,46.555,6.4166
CH,1144,46.5535,6.378
CH,1145,46.5474,6.3185
CH,1146,46.5787,6.3553
CH,1147,46.6033,6.3588
CH,1149,46.5682,6.3286
CH,1162,46.4683,6.4693
CH,1163,46.4841,6.4217
CH,1164,46.4468,6.4286
CH,1165,46.442,6.3983
CH,1167,46.501,6.4481
CH,1168,46.5069,6.4301
CH,1169,46.527,6.4067
CH,1170,46.491,6.3856
CH,1172,46.4838,6.3508
CH,1173,46.479,6.3727
CH,1174,46.5059,6.3541
CH,1175,46.5015,6.4081
CH,1176,46.5176,6.3812
CH,1187,46.4949,6.2983
CH,1188,46.5267,6.2895
CH,1189,46.5184,6.3268
CH,1304,46.6344,6.4949
CH,1308,46.6225,6.4682
CH,1312,46.6516,6.5431
CH,1313,46.6602,6.4795
CH,1315,46.6545,6.5048
CH,1316,46.6433,6.4751
CH,1317,46.6707,6.5366
CH,1318,46.6768,6.5213
CH,1166,46.4427,6.3706
CH,1180,46.468,6.3133
CH,1182,46.4631,6.2983
CH,1183,46.4477,6.2899
CH,1184,46.4481,6.279
CH,1185,46.4754,6.3364
CH,1186,46.4851,6.3105
CH,1195,46.4201,6.31
CH,1196,46.4104,6.2867
CH,1197,46.3922,6.2625
CH,1260,46.3863,6.2264
CH,1261,46.4981,6.226
CH,1262,46.3813,6.2051
CH,1263,46.376,6.1681
CH,1264,46.451,6.1414
CH,1265,46.4611,6.0935
CH,1266,46.4092,6.2297
CH,1267,46.4234,6.2374
CH,1268,46.4695,6.2675
CH,1269,46.4895,6.199
CH,1270,46.4189,6.1966
CH,1271,46.4328,6.1962
CH,1272,46.4362,6.2204
CH,1273,46.4883,6.1599
CH,1274,46.3928,6.2039
CH,1275,46.4109,6.1479
CH,1276,46.4262,6.1393
CH,1277,46.3729,6.1898
CH,1278,46.407,6.1167
CH,1279,46.34,6.1545
CH,1291,46.3236,6.1609
CH,1295,46.2995,6.1746
CH,1296,46.316,6.2006
CH,1297,46.3331,6.1976
CH,1299,46.36,6.2196
CH,1020,46.5353,6.5897
CH,1022,46.5285,6.5758
CH,1023,46.5563,6.5777
CH,1024,46.5288,6.5586
CH,1025,46.4855,6.5626
CH,1029,46.5674,6.5632
CH,1030,46.5534,6.5508
CH,1658,46.4712,7.0479
CH,1659,46.5139,7.1743
CH,1660,46.4117,7.1644
CH,1800,46.4642,6.8481
CH,1801,46.492,6.8239
CH,1802,46.4523,6.817
CH,1803,46.4649,6.8109
CH,1804,46.4767,6.8505
CH,1805,46.4877,6.8464
CH,1806,46.4899,6.8982
CH,1807,46.4778,6.922
CH,1808,46.5016,6.8776
CH,1809,46.4851,6.8675
CH,1811,46.4642,6.8481
CH,1814,46.4405,6.859
CH,1815,46.4315,6.8825
CH,1816,46.4528,6.8921
CH,1817,46.4547,6.9035
CH,1818,46.4518,6.9408
CH,1820,46.4268,6.9026
CH,1822,46.4425,6.9163
CH,1823,46.4375,6.9367
CH,1824,46.4425,6.9648
CH,1832,46.4524,6.9192
CH,1833,46.4648,6.9542
CH,3900,46.3021,7.9255
CH,3901,46.277,8.0802
CH,3902,46.3087,7.9792
CH,3903,46.3306,7.9617
CH,3904,46.3367,7.9852
CH,3907,46.163,8.0992
CH,3911,46.302,8.039
CH,3912,46.33,8.0431
CH,3913,46.3128,8.0752
CH,3914,46.364,7.9762
CH,3939,46.3159,7.8888
CH,1911,46.2034,7.1843
CH,1955,46.2083,7.2148
CH,1957,46.23,7.2379
CH,1963,46.2163,7.2806
CH,1964,46.2214,7.303
CH,1975,46.2393,7.304
CH,1976,46.2745,7.2252
CH,1993,46.1838,7.3486
CH,1994,46.2038,7.307
CH,1996,46.1735,7.3176
CH,1997,46.1661,7.295
CH,1927,46.0896,7.0936
CH,1933,46.0611,7.157
CH,1934,46.082,7.209
CH,1936,46.1008,7.2297
CH,1937,46.0286,7.1481
CH,1938,46.0296,7.0887
CH,1941,46.0847,7.162
CH,1942,46.1032,7.1618
CH,1943,45.9832,7.0799
CH,1944,45.9227,7.098
CH,1945,45.9858,7.2254
CH,1946,45.9196,7.2128
CH,1947,46.0342,7.2296
CH,1948,46.0766,7.2728
CH,3801,46.5465,7.9827
CH,3984,46.4158,8.1147
CH,3985,46.4901,8.2589
CH,3988,46.4814,8.3385
CH,3989,46.4434,8.2002
CH,3994,46.3934,8.1107
CH,3995,46.3811,8.1625
CH,3996,46.3682,8.2356
CH,3997,46.4443,8.157
CH,3998,46.4769,8.2175
CH,3999,46.5576,8.3936
CH,1961,46.2105,7.4358
CH,1966,46.2825,7.4103
CH,1968,46.1954,7.4607
CH,1969,46.1614,7.4518
CH,1972,46.3424,7.4064
CH,1973,46.2068,7.4783
CH,1981,46.2087,7.401
CH,1982,46.1522,7.4305
CH,1983,46.1285,7.4895
CH,1984,46.0989,7.5045
CH,1985,46.117,7.5236
CH,1986,46.0119,7.4863
CH,1987,46.0843,7.3948
CH,1988,46.1849,7.3843
CH,3945,46.3398,7.7338
CH,3946,46.1842,7.7051
CH,3947,46.2726,7.726
CH,3948,46.2583,7.6866
CH,3951,46.2845,7.6673
CH,3952,46.284,7.6307
CH,3953,46.338,7.5927
CH,3954,46.4021,7.6277
CH,3955,46.354,7.6447
CH,3956,46.3491,7.6766
CH,3957,46.3461,7.6964
CH,3970,46.3114,7.5753
CH,1906,46.1214,7.1361
CH,1907,46.1362,7.1844
CH,1908,46.1688,7.2201
CH,1912,46.191,7.1806
CH,1913,46.1705,7.1777
CH,1914,46.1468,7.2688
CH,1918,46.1302,7.2461
CH,1919,46.1072,7.081
CH,1920,46.1072,7.081
CH,1921,46.0657,7.0319
CH,1926,46.1575,7.1119
CH,1928,46.0994,7.043
CH,1929,46.03,6.9995
CH,1932,46.0747,7.0724
CH,1868,46.2722,6.9428
CH,1870,46.2436,6.9545
CH,1871,46.2224,6.9524
CH,1872,46.2291,6.9084
CH,1873,46.1902,6.9063
CH,1874,46.1588,6.846
CH,1875,46.2364,6.8644
CH,1893,46.2826,6.9017
CH,1895,46.309,6.899
CH,1896,46.3373,6.8319
CH,1897,46.3791,6.856
CH,1898,46.3823,6.817
CH,1899,46.3084,6.8596
CH,3916,46.3882,7.7341
CH,3917,46.3657,7.7557
CH,3918,46.4074,7.787
CH,3919,46.4447,7.8646
CH,3935,46.2693,7.8183
CH,3938,46.3276,7.8554
CH,3940,46.3381,7.7637
CH,3942,46.3146,7.822
CH,3943,46.2828,7.7611
CH,3944,46.2534,7.7774
CH,3949,46.3314,7.7701
CH,3982,46.3421,8.0131
CH,3983,46.3496,8.0787
CH,3986,46.3571,8.0278
CH,3987,46.3818,8.0282
CH,3991,46.38,8.0725
CH,3992,46.4316,8.0564
CH,3993,46.3402,8.137
CH,1869,46.2363,6.9846
CH,1890,46.1825,6.981
CH,1891,46.2011,6.9685
CH,1902,46.1483,6.9486
CH,1903,46.1804,7.0559
CH,1904,46.1412,7.0329
CH,1905,46.1517,7.0617
CH,1922,46.1354,7.0074
CH,1923,46.0986,6.9921
CH,1925,46.0699,6.9308
CH,1958,46.2565,7.4271
CH,1977,46.3418,7.456
CH,1978,46.2811,7.449
CH,3960,46.2935,7.5096
CH,3961,46.103,7.6455
CH,3963,46.2947,7.458
CH,3965,46.2771,7.5406
CH,3966,46.2657,7.4943
CH,3967,46.2431,7.5357
CH,3968,46.3038,7.5384
CH,3971,46.2876,7.4735
CH,3972,46.3311,7.5551
CH,3973,46.3048,7.5237
CH,3974,46.3164,7.5209
CH,3975,46.3105,7.5029
CH,3976,46.2791,7.4983
CH,3977,46.2629,7.4653
CH,3978,46.2704,7.4516
CH,3979,46.2335,7.4865
CH,1950,46.2304,7.3661
CH,1951,46.2304,7.3661
CH,1962,46.2325,7.3165
CH,1965,46.2431,7.3469
CH,1967,46.2352,7.4032
CH,1971,46.2588,7.3815
CH,1974,46.3002,7.3731
CH,1991,46.2074,7.3535
CH,1992,46.205,7.3653
CH,3905,46.054,7.9669
CH,3906,46.0894,7.8996
CH,3908,46.1528,7.9352
CH,3910,46.135,7.9724
CH,3920,45.9897,7.7527
CH,3922,46.1792,7.9075
CH,3923,46.2421,7.836
CH,3924,46.1678,7.8092
CH,3925,46.1967,7.8489
CH,3926,46.2169,7.7942
CH,3927,46.1371,7.7836
CH,3928,46.097,7.7793
CH,3929,46.054,7.8112
CH,3930,46.2912,7.867
CH,3931,46.3,7.8999
CH,3932,46.2426,7.941
CH,3933,46.2176,7.9101
CH,3934,46.2738,7.861
CH,3937,46.3771,7.8812
CH,6300,47.1413,8.532
CH,6301,47.1724,8.5174
CH,6302,47.1724,8.5174
CH,6303,47.1724,8.5174
CH,6312,47.1985,8.4873
CH,6313,47.172,8.5988
CH,6314,47.1202,8.5808
CH,6315,47.1356,8.6243
CH,6317,47.1354,8.5001
CH,6318,47.1064,8.5303
CH,6319,47.1647,8.5498
CH,6330,47.1945,8.4562
CH,6331,47.193,8.4169
CH,6332,47.2106,8.4297
CH,6333,47.1709,8.4468
CH,6340,47.229,8.5728
CH,6341,47.1963,8.5295
CH,6343,47.1521,8.4411
CH,6345,47.1996,8.584
CH,8143,47.318,8.4921
CH,8906,47.3166,8.4663
CH,8907,47.3373,8.4699
CH,8908,47.3015,8.4509
CH,8909,47.2895,8.4311
CH,8910,47.2784,8.4582
CH,8911,47.245,8.499
CH,8912,47.2615,8.422
CH,8913,47.2815,8.4094
CH,8914,47.2681,8.487
CH,8915,47.2507,8.5289
CH,8925,47.2273,8.5562
CH,8926,47.2186,8.499
CH,8932,47.2478,8.464
CH,8933,47.2348,8.4292
CH,8934,47.2245,8.4626
CH,8245,47.688,8.6452
CH,8246,47.6825,8.6611
CH,8247,47.6824,8.6367
CH,8248,47.6702,8.6465
CH,8414,47.5481,8.6274
CH,8415,47.5566,8.6055
CH,8416,47.5847,8.6052
CH,8444,47.5625,8.6837
CH,8447,47.662,8.6235
CH,8450,47.5928,8.6755
CH,8451,47.6075,8.6845
CH,8452,47.5851,8.7071
CH,8453,47.5992,8.6453
CH,8457,47.5753,8.6753
CH,8458,47.5712,8.6501
CH,8459,47.5764,8.63
CH,8460,47.6201,8.6424
CH,8461,47.6229,8.6777
CH,8462,47.6294,8.6144
CH,8463,47.6541,8.6539
CH,8464,47.6021,8.6034
CH,8465,47.6379,8.6718
CH,8466,47.6368,8.6975
CH,8467,47.633,8.73
CH,8468,47.6209,8.7725
CH,8475,47.6126,8.7216
CH,8476,47.6469,8.7895
CH,8477,47.6283,8.8046
CH,8478,47.5825,8.7456
CH,8058,47.458,8.5853
CH,8060,47.458,8.5853
CH,8152,47.4311,8.5808
CH,8180,47.5274,8.5415
CH,8181,47.5075,8.5025
CH,8182,47.5279,8.5094
CH,8184,47.5016,8.5451
CH,8185,47.4849,8.5579
CH,8192,47.5573,8.5022
CH,8193,47.5733,8.5245
CH,8194,47.5919,8.4984
CH,8195,47.5954,8.4716
CH,8196,47.6085,8.5091
CH,8197,47.6115,8.543
CH,8302,47.458,8.5849
CH,8303,47.4404,8.6304
CH,8304,47.4174,8.5949
CH,8305,47.4245,8.615
CH,8309,47.4576,8.6489
CH,8424,47.509,8.5957
CH,8425,47.4895,8.6329
CH,8426,47.4834,8.5934
CH,8427,47.534,8.595
CH,8428,47.5503,8.576
CH,8105,47.4339,8.4639
CH,8106,47.4527,8.4634
CH,8107,47.4588,8.437
CH,8108,47.4394,8.4324
CH,8112,47.4645,8.3897
CH,8113,47.4718,8.4069
CH,8114,47.4447,8.4058
CH,8115,47.4418,8.3897
CH,8153,47.4475,8.5288
CH,8154,47.4779,8.5239
CH,8155,47.478,8.4844
CH,8156,47.4607,8.4999
CH,8157,47.4765,8.4544
CH,8158,47.4782,8.4283
CH,8162,47.501,8.4483
CH,8164,47.5284,8.4293
CH,8165,47.4982,8.3921
CH,8166,47.5029,8.375
CH,8172,47.4932,8.5004
CH,8173,47.5094,8.4762
CH,8174,47.5293,8.4688
CH,8175,47.5459,8.4716
CH,8187,47.5561,8.4397
CH,8340,47.3033,8.8457
CH,8342,47.2923,8.8766
CH,8344,47.3389,8.8715
CH,8345,47.3419,8.837
CH,8496,47.3411,8.9514
CH,8497,47.3317,8.9255
CH,8498,47.3218,8.9043
CH,8607,47.3409,8.7669
CH,8608,47.2699,8.8118
CH,8614,47.321,8.7591
CH,8620,47.3243,8.8047
CH,8623,47.3325,8.8194
CH,8624,47.3088,8.7819
CH,8625,47.3041,8.7531
CH,8626,47.2912,8.789
CH,8627,47.2794,8.7619
CH,8630,47.2582,8.865
CH,8632,47.2679,8.8502
CH,8633,47.2566,8.7985
CH,8635,47.2771,8.8544
CH,8636,47.2888,8.9231
CH,8637,47.2662,8.931
CH,8134,47.3093,8.5213
CH,8135,47.2707,8.5387
CH,8136,47.2825,8.552
CH,8800,47.2917,8.5676
CH,8802,47.3249,8.5488
CH,8803,47.3063,8.5526
CH,8804,47.2478,8.6491
CH,8805,47.213,8.7063
CH,8810,47.2524,8.608
CH,8815,47.2499,8.5807
CH,8816,47.2198,8.6005
CH,8820,47.2239,8.6596
CH,8824,47.194,8.64
CH,8825,47.173,8.666
CH,8833,47.1938,8.6789
CH,8942,47.2746,8.5778
CH,8125,47.3462,8.6087
CH,8126,47.3341,8.6262
CH,8127,47.3216,8.6462
CH,8618,47.2739,8.7235
CH,8634,47.2558,8.7634
CH,8700,47.3201,8.5893
CH,8702,47.3433,8.5947
CH,8703,47.3023,8.5998
CH,8704,47.2954,8.6254
CH,8706,47.2765,8.6462
CH,8707,47.2673,8.6792
CH,8708,47.2543,8.6949
CH,8712,47.2409,8.7254
CH,8713,47.2263,8.7554
CH,8714,47.2344,8.7879
CH,8307,47.4374,8.7222
CH,8308,47.4198,8.7433
CH,8310,47.4441,8.6983
CH,8312,47.4586,8.691
CH,8314,47.4521,8.7428
CH,8315,47.4433,8.6764
CH,8317,47.4273,8.6692
CH,8320,47.387,8.75
CH,8322,47.4132,8.7945
CH,8330,47.3701,8.7914
CH,8331,47.3449,8.8079
CH,8332,47.3954,8.7806
CH,8335,47.3663,8.8292
CH,8484,47.417,8.767
CH,8489,47.4279,8.8229
CH,8492,47.4098,8.8653
CH,8493,47.3874,8.8601
CH,8494,47.368,8.8916
CH,8499,47.3888,8.914
CH,8044,47.3776,8.6049
CH,8117,47.3709,8.6421
CH,8118,47.3658,8.6247
CH,8121,47.3609,8.6375
CH,8122,47.357,8.6269
CH,8123,47.3514,8.6405
CH,8124,47.3376,8.6726
CH,8132,47.3111,8.6853
CH,8133,47.2906,8.7137
CH,8306,47.4219,8.6342
CH,8600,47.3905,8.6172
CH,8602,47.4096,8.6508
CH,8603,47.3811,8.6562
CH,8604,47.3942,8.6815
CH,8605,47.3867,8.7177
CH,8606,47.3715,8.6955
CH,8610,47.3532,8.7216
CH,8613,47.3532,8.7216
CH,8615,47.365,8.7379
CH,8616,47.3299,8.7088
CH,8617,47.3122,8.7219
CH,8311,47.4748,8.6724
CH,8352,47.5026,8.8079
CH,8353,47.4918,8.863
CH,8354,47.4692,8.8588
CH,8400,47.4931,8.7297
CH,8401,47.5056,8.7241
CH,8403,47.5056,8.7241
CH,8404,47.5094,8.7581
CH,8405,47.478,8.776
CH,8406,47.4829,8.7021
CH,8408,47.5074,8.6831
CH,8409,47.5051,8.7786
CH,8412,47.5534,8.6634
CH,8413,47.5298,8.6605
CH,8418,47.4703,8.8272
CH,8421,47.5274,8.6221
CH,8422,47.5112,8.6425
CH,8442,47.5495,8.7062
CH,8471,47.5561,8.7315
CH,8472,47.5343,8.7261
CH,8474,47.5578,8.7631
CH,8479,47.5773,8.7841
CH,8482,47.4669,8.7551
CH,8483,47.4557,8.7783
CH,8486,47.4505,8.8041
CH,8487,47.4399,8.8166
CH,8488,47.4373,8.8744
CH,8495,47.4202,8.91
CH,8523,47.5159,8.8759
CH,8542,47.5222,8.7949
CH,8543,47.5479,8.8281
CH,8544,47.5361,8.8004
CH,8545,47.5408,8.7865
CH,8548,47.5631,8.8241
CH,8010,47.395,8.4488
CH,8011,47.395,8.4488
CH,8012,47.395,8.4488
CH,8102,47.4102,8.466
CH,8103,47.4112,8.4429
CH,8104,47.4217,8.4322
CH,8142,47.367,8.4593
CH,8901,47.3798,8.4224
CH,8902,47.3799,8.4224
CH,8903,47.3539,8.4344
CH,8904,47.3354,8.433
CH,8951,47.4095,8.415
CH,8952,47.395,8.449
CH,8953,47.402,8.3982
CH,8954,47.4234,8.4127
CH,8955,47.431,8.3979
CH,8000,47.3667,8.55
CH,8001,47.3721,8.5417
CH,8002,47.3601,8.5327
CH,8003,47.3733,8.5139
CH,8004,47.3789,8.5204
CH,8005,47.3876,8.5207
CH,8006,47.3873,8.5499
CH,8008,47.3538,8.5587
CH,8017,47.3667,8.55
CH,8018,47.3828,8.5307
CH,8021,47.3828,8.5307
CH,8022,47.3667,8.55
CH,8024,47.3667,8.55
CH,8027,47.3667,8.55
CH,8031,47.3667,8.55
CH,8032,47.368,8.5665
CH,8034,47.3667,8.55
CH,8036,47.3667,8.55
CH,8037,47.3978,8.5242
CH,8038,47.342,8.5352
CH,8040,47.3667,8.55
CH,8041,47.3339,8.5139
CH,8042,47.3667,8.55
CH,8045,47.3531,8.5089
CH,8046,47.4221,8.5092
CH,8047,47.3739,8.4861
CH,8048,47.3862,8.4793
CH,8049,47.4085,8.4944
CH,8050,47.4119,8.5512
CH,8051,47.4006,8.5781
CH,8052,47.4243,8.5403
CH,8053,47.3609,8.5975
CH,8055,47.364,8.4944
CH,8057,47.4,8.5445
CH,8063,47.3667,8.55
CH,8064,47.3983,8.4855
CH,8070,47.3667,8.55
CH,8071,47.3828,8.5307
CH,8074,47.3828,8.5307
CH,8075,47.3667,8.55
CH,8080,47.3828,8.5307
CH,8081,47.3828,8.5307
CH,8085,47.3828,8.5307
CH,8086,47.3828,8.5307
CH,8087,47.3667,8.55
CH,8088,47.3667,8.55
CH,8090,47.3667,8.55
CH,8091,47.3667,8.55
CH,8092,47.3828,8.5307
CH,8093,47.3828,8.5307
CH,8096,47.3828,8.5307
CH,8098,47.3667,8.55
CH,8099,47.3828,8.5307
